dataset,outlier_method,norm,metric,inertia_mean,inertia_std,inertia_min,inertia_max,silhouette_mean,silhouette_std,silhouette_min,silhouette_max,ari_mean,ari_std,ari_min,ari_max,nmi_mean,nmi_std,nmi_min,nmi_max,acc_mean,acc_std,acc_min,acc_max,purity_mean,purity_std,purity_min,purity_max,macro_f1_mean,macro_f1_std,macro_f1_min,macro_f1_max,removed_count_mean,removed_count_std,removed_count_min,removed_count_max,removed_pct_mean,removed_pct_std,removed_pct_min,removed_pct_max
blood,none,none,euclidean,677749582.2498814,0.0,677749582.2498814,677749582.2498814,0.7025413950356177,3.3306690738754696e-16,0.7025413950356174,0.7025413950356174,0.07954175321423604,0.0,0.07954175321423604,0.07954175321423604,0.018263939673187225,3.469446951953614e-18,0.01826393967318722,0.01826393967318722,0.7232620320855615,0.0,0.7232620320855615,0.7232620320855615,0.7620320855614974,0.0,0.7620320855614974,0.7620320855614974,0.43247344461305026,1.6653345369377348e-16,0.4324734446130501,0.4324734446130501,0.0,0.0,0,0,0.0,0.0,0.0,0.0
blood,none,none,manhattan,780913855.0,0.0,780913855.0,780913855.0,0.6343601388531465,1.1102230246251565e-16,0.6343601388531463,0.6343601388531463,0.07254378208515297,0.0,0.07254378208515297,0.07254378208515297,0.019137689877516288,3.469446951953614e-18,0.01913768987751629,0.01913768987751629,0.6804812834224602,2.220446049250313e-16,0.68048128342246,0.68048128342246,0.7620320855614974,0.0,0.7620320855614974,0.7620320855614974,0.43247344461305026,1.6653345369377348e-16,0.4324734446130501,0.4324734446130501,0.0,0.0,0,0,0.0,0.0,0.0,0.0
blood,none,none,cosine,1391594617.4549704,0.0,1391594617.4549704,1391594617.4549704,0.6818568107822459,1.1102230246251565e-16,0.6818568107822458,0.6818568107822458,-0.05808788423393472,6.938893903907228e-18,-0.05808788423393471,-0.05808788423393471,0.06720891128051332,2.7755575615628914e-17,0.06720891128051334,0.06720891128051334,0.5227272727272726,1.1102230246251565e-16,0.5227272727272727,0.5227272727272727,0.7620320855614974,0.0,0.7620320855614974,0.7620320855614974,0.43247344461305026,1.6653345369377348e-16,0.4324734446130501,0.4324734446130501,0.0,0.0,0,0,0.0,0.0,0.0,0.0
blood,none,none,minkowski,677749582.2498814,0.0,677749582.2498814,677749582.2498814,0.7027873731634483,1.1102230246251565e-16,0.7027873731634484,0.7027873731634484,0.07954175321423604,0.0,0.07954175321423604,0.07954175321423604,0.018263939673187225,3.469446951953614e-18,0.01826393967318722,0.01826393967318722,0.7232620320855615,0.0,0.7232620320855615,0.7232620320855615,0.7620320855614974,0.0,0.7620320855614974,0.7620320855614974,0.43247344461305026,1.6653345369377348e-16,0.4324734446130501,0.4324734446130501,0.0,0.0,0,0,0.0,0.0,0.0,0.0
blood,none,none,chebyshev,677749582.2498814,0.0,677749582.2498814,677749582.2498814,0.7028644913783153,2.220446049250313e-16,0.7028644913783151,0.7028644913783151,0.07954175321423604,0.0,0.07954175321423604,0.07954175321423604,0.018263939673187225,3.469446951953614e-18,0.01826393967318722,0.01826393967318722,0.7232620320855615,0.0,0.7232620320855615,0.7232620320855615,0.7620320855614974,0.0,0.7620320855614974,0.7620320855614974,0.43247344461305026,1.6653345369377348e-16,0.4324734446130501,0.4324734446130501,0.0,0.0,0,0,0.0,0.0,0.0,0.0
blood,none,none,correlation,1402586811.09855,0.0,1402586811.09855,1402586811.09855,0.5696411407867304,1.1102230246251565e-16,0.5696411407867306,0.5696411407867306,-0.03927526592614268,0.0,-0.03927526592614268,-0.03927526592614268,0.073878223967252,0.0,0.073878223967252,0.073878223967252,0.5106951871657753,1.1102230246251565e-16,0.5106951871657754,0.5106951871657754,0.7620320855614974,0.0,0.7620320855614974,0.7620320855614974,0.43247344461305026,1.6653345369377348e-16,0.4324734446130501,0.4324734446130501,0.0,0.0,0,0,0.0,0.0,0.0,0.0
blood,none,none,hamming,2118418425.81,63449906.67095122,1936064733.0,2219955984.0,0.09381205997267687,0.023869328844754113,0.0688889011882964,0.13768802830818883,0.0475914906916761,0.05768120706210107,-0.05462159462117948,0.10136832163339861,0.021637877976275956,0.009159391807955422,0.0004428762155218575,0.03164158598649494,0.6585026737967915,0.06142733752786263,0.5574866310160428,0.7553475935828877,0.7620320855614974,0.0,0.7620320855614974,0.7620320855614974,0.43247344461305026,1.6653345369377348e-16,0.4324734446130501,0.4324734446130501,0.0,0.0,0,0,0.0,0.0,0.0,0.0
blood,none,minmax,euclidean,37.96199303609295,0.0,37.96199303609295,37.96199303609295,0.4935078610806093,0.0,0.4935078610806093,0.4935078610806093,-0.006249444947402971,8.673617379884035e-19,-0.006249444947402972,-0.006249444947402972,0.0002705092021185739,5.421010862427522e-20,0.0002705092021185738,0.0002705092021185738,0.5882352941176469,2.220446049250313e-16,0.5882352941176471,0.5882352941176471,0.7620320855614974,0.0,0.7620320855614974,0.7620320855614974,0.43247344461305026,1.6653345369377348e-16,0.4324734446130501,0.4324734446130501,0.0,0.0,0,0,0.0,0.0,0.0,0.0
blood,none,minmax,manhattan,43.37221821253128,0.09334211657278647,43.34202895182171,44.28880311416233,0.43813813042553656,0.00391539562000896,0.41803744761981404,0.44124582343709673,-0.0010187006638672138,0.0007734872205644695,-0.001719013244075266,0.005126945518814441,2.5353098467705543e-05,0.00019403708068376461,3.904258641793227e-09,0.0019548190739778694,0.5570320855614974,0.003701156789858623,0.5467914438502673,0.5601604278074866,0.7620320855614974,0.0,0.7620320855614974,0.7620320855614974,0.43247344461305026,1.6653345369377348e-16,0.4324734446130501,0.4324734446130501,0.0,0.0,0,0,0.0,0.0,0.0,0.0
blood,none,minmax,cosine,55.63281404854933,7.105427357601002e-15,55.63281404854932,55.63281404854932,0.6943038204497621,1.1102230246251565e-16,0.6943038204497622,0.6943038204497622,-0.0006772615862429278,2.168404344971009e-19,-0.000677261586242928,-0.000677261586242928,0.030084864973140557,3.469446951953614e-18,0.030084864973140554,0.030084864973140554,0.5401069518716577,1.1102230246251565e-16,0.5401069518716578,0.5401069518716578,0.7620320855614974,0.0,0.7620320855614974,0.7620320855614974,0.43247344461305026,1.6653345369377348e-16,0.4324734446130501,0.4324734446130501,0.0,0.0,0,0,0.0,0.0,0.0,0.0
blood,none,minmax,minkowski,38.06697672436934,1.4210854715202004e-14,38.066976724369326,38.066976724369326,0.5054061944331405,1.1102230246251565e-16,0.5054061944331404,0.5054061944331404,-0.00968307787071428,0.0,-0.00968307787071428,-0.00968307787071428,0.0007585231908935082,2.168404344971009e-19,0.0007585231908935085,0.0007585231908935085,0.5842245989304812,1.1102230246251565e-16,0.5842245989304813,0.5842245989304813,0.7620320855614974,0.0,0.7620320855614974,0.7620320855614974,0.43247344461305026,1.6653345369377348e-16,0.4324734446130501,0.4324734446130501,0.0,0.0,0,0,0.0,0.0,0.0,0.0
blood,none,minmax,chebyshev,38.75106804414316,7.105427357601002e-15,38.75106804414317,38.75106804414317,0.5278092133595961,1.1102230246251565e-16,0.527809213359596,0.527809213359596,-0.016172577909810696,3.469446951953614e-18,-0.0161725779098107,-0.0161725779098107,0.002499918044913474,0.0,0.002499918044913474,0.002499918044913474,0.5762032085561498,1.1102230246251565e-16,0.5762032085561497,0.5762032085561497,0.7620320855614974,0.0,0.7620320855614974,0.7620320855614974,0.43247344461305026,1.6653345369377348e-16,0.4324734446130501,0.4324734446130501,0.0,0.0,0,0,0.0,0.0,0.0,0.0
blood,none,minmax,correlation,55.45270391894955,0.0,55.45270391894955,55.45270391894955,0.7568875764473312,0.0,0.7568875764473312,0.7568875764473312,0.0024162649839656537,4.336808689942018e-19,0.0024162649839656533,0.0024162649839656533,0.030688134180604457,6.938893903907228e-18,0.030688134180604464,0.030688134180604464,0.5454545454545453,1.1102230246251565e-16,0.5454545454545454,0.5454545454545454,0.7620320855614974,0.0,0.7620320855614974,0.7620320855614974,0.43247344461305026,1.6653345369377348e-16,0.4324734446130501,0.4324734446130501,0.0,0.0,0,0,0.0,0.0,0.0,0.0
blood,none,minmax,hamming,102.26806510700624,3.958804213297039,92.43876541288901,114.78838578360515,0.12212655071769983,0.007280932999396963,0.07785237238626852,0.13768802830818883,-0.011044852247623402,0.024891887715722975,-0.05462159462117948,0.08216794296802912,0.0072210798882485884,0.009525950880846094,2.332852350573353e-05,0.028856734336988963,0.5825802139037434,0.022536835833205895,0.5574866310160428,0.7018716577540107,0.7620320855614974,0.0,0.7620320855614974,0.7620320855614974,0.43247344461305026,1.6653345369377348e-16,0.4324734446130501,0.4324734446130501,0.0,0.0,0,0,0.0,0.0,0.0,0.0
blood,none,standard,euclidean,1882.4976468258742,0.1180947354702265,1882.3999597642603,1882.6476823307166,0.43342662128644754,0.002610794849468927,0.43003180355868126,0.4355636791061573,0.05097223069300254,0.002190388318111824,0.04800126911870522,0.05265589532373491,0.009379350408620082,0.000572988150755386,0.008599759713896161,0.00981200275614339,0.6793181818181818,0.0031333373439752102,0.6751336898395722,0.6818181818181818,0.7620320855614974,0.0,0.7620320855614974,0.7620320855614974,0.43247344461305026,1.6653345369377348e-16,0.4324734446130501,0.4324734446130501,0.0,0.0,0,0,0.0,0.0,0.0,0.0
blood,none,standard,manhattan,2172.126841740279,9.094947017729282e-13,2172.12684174028,2172.12684174028,0.387251518234925,5.551115123125783e-17,0.38725151823492493,0.38725151823492493,0.051992901874388764,0.0,0.051992901874388764,0.051992901874388764,0.027949523036037358,1.0408340855860843e-17,0.027949523036037368,0.027949523036037368,0.6229946524064173,1.1102230246251565e-16,0.6229946524064172,0.6229946524064172,0.7620320855614974,0.0,0.7620320855614974,0.7620320855614974,0.43247344461305026,1.6653345369377348e-16,0.4324734446130501,0.4324734446130501,0.0,0.0,0,0,0.0,0.0,0.0,0.0
blood,none,standard,cosine,1964.4589622911299,0.0,1964.4589622911299,1964.4589622911299,0.5614123997834765,0.0,0.5614123997834765,0.5614123997834765,0.018373576117050334,0.0,0.018373576117050334,0.018373576117050334,0.005713996500680519,8.673617379884035e-19,0.0057139965006805194,0.0057139965006805194,0.5855614973262033,1.1102230246251565e-16,0.5855614973262032,0.5855614973262032,0.7620320855614974,0.0,0.7620320855614974,0.7620320855614974,0.43247344461305026,1.6653345369377348e-16,0.4324734446130501,0.4324734446130501,0.0,0.0,0,0,0.0,0.0,0.0,0.0
blood,none,standard,minkowski,1887.6649289231555,0.8956011138460143,1887.5369859068917,1893.9341367200775,0.4305881283790097,0.004670011283872169,0.39789804939190465,0.4312552728481344,0.02999890438737872,0.0013391219066059916,0.029807601257863584,0.039372757733620665,0.00336394047099463,0.0005080322263691533,0.00329136443865618,0.006920166055578704,0.6800000000000003,0.003368983957219265,0.6564171122994652,0.68048128342246,0.7620320855614974,0.0,0.7620320855614974,0.7620320855614974,0.43247344461305026,1.6653345369377348e-16,0.4324734446130501,0.4324734446130501,0.0,0.0,0,0,0.0,0.0,0.0,0.0
blood,none,standard,chebyshev,1943.624310191396,4.547473508864641e-13,1943.6243101913956,1943.6243101913956,0.36066130845919536,2.220446049250313e-16,0.3606613084591956,0.3606613084591956,0.007308446697151226,0.0,0.007308446697151226,0.007308446697151226,0.0003882461952955891,5.421010862427522e-20,0.00038824619529558913,0.00038824619529558913,0.6229946524064173,1.1102230246251565e-16,0.6229946524064172,0.6229946524064172,0.7620320855614974,0.0,0.7620320855614974,0.7620320855614974,0.43247344461305026,1.6653345369377348e-16,0.4324734446130501,0.4324734446130501,0.0,0.0,0,0,0.0,0.0,0.0,0.0
blood,none,standard,correlation,2356.918615961422,4.547473508864641e-13,2356.9186159614223,2356.9186159614223,0.6723451209153457,2.220446049250313e-16,0.6723451209153455,0.6723451209153455,0.04566358952178395,2.7755575615628914e-17,0.045663589521783975,0.045663589521783975,0.06406192819103806,1.3877787807814457e-17,0.06406192819103805,0.06406192819103805,0.608288770053476,1.1102230246251565e-16,0.6082887700534759,0.6082887700534759,0.7620320855614974,0.0,0.7620320855614974,0.7620320855614974,0.43247344461305026,1.6653345369377348e-16,0.4324734446130501,0.4324734446130501,0.0,0.0,0,0,0.0,0.0,0.0,0.0
blood,none,standard,hamming,4170.20747552829,138.68303185526094,3914.352494155774,4526.605251554645,0.11904689926093477,0.011151635046062086,0.07264113519782671,0.13768802830818883,-0.00661918439383549,0.03014422353297902,-0.05462159462117948,0.08216794296802912,0.008186561693577316,0.009506177962367492,2.332852350573353e-05,0.028856734336988963,0.5845187165775402,0.029456443944424295,0.5574866310160428,0.7018716577540107,0.7620320855614974,0.0,0.7620320855614974,0.7620320855614974,0.43247344461305026,1.6653345369377348e-16,0.4324734446130501,0.4324734446130501,0.0,0.0,0,0,0.0,0.0,0.0,0.0
blood,none,robust,euclidean,1527.5132136236364,0.0,1527.5132136236364,1527.5132136236364,0.5585563048781509,1.1102230246251565e-16,0.558556304878151,0.558556304878151,0.06275105711711246,1.3877787807814457e-17,0.06275105711711244,0.06275105711711244,0.012059744528608333,3.469446951953614e-18,0.01205974452860833,0.01205974452860833,0.716577540106952,1.1102230246251565e-16,0.7165775401069518,0.7165775401069518,0.7620320855614974,0.0,0.7620320855614974,0.7620320855614974,0.43247344461305026,1.6653345369377348e-16,0.4324734446130501,0.4324734446130501,0.0,0.0,0,0,0.0,0.0,0.0,0.0
blood,none,robust,manhattan,1806.5617634243235,4.547473508864641e-13,1806.561763424324,1806.561763424324,0.44674971869288604,0.0,0.44674971869288604,0.44674971869288604,0.06634048660327192,1.3877787807814457e-17,0.06634048660327191,0.06634048660327191,0.029286619923831584,6.938893903907228e-18,0.029286619923831577,0.029286619923831577,0.6443850267379679,0.0,0.6443850267379679,0.6443850267379679,0.7620320855614974,0.0,0.7620320855614974,0.7620320855614974,0.43247344461305026,1.6653345369377348e-16,0.4324734446130501,0.4324734446130501,0.0,0.0,0,0,0.0,0.0,0.0,0.0
blood,none,robust,cosine,1841.7053177288428,4.547473508864641e-13,1841.7053177288433,1841.7053177288433,0.6198848828697524,1.1102230246251565e-16,0.6198848828697523,0.6198848828697523,0.03372219723384628,6.938893903907228e-18,0.033722197233846285,0.033722197233846285,0.03155604205171016,6.938893903907228e-18,0.03155604205171017,0.03155604205171017,0.5935828877005348,0.0,0.5935828877005348,0.5935828877005348,0.7620320855614974,0.0,0.7620320855614974,0.7620320855614974,0.43247344461305026,1.6653345369377348e-16,0.4324734446130501,0.4324734446130501,0.0,0.0,0,0,0.0,0.0,0.0,0.0
blood,none,robust,minkowski,1528.4078000977972,2.2737367544323206e-13,1528.407800097797,1528.407800097797,0.5505145078217231,2.220446049250313e-16,0.5505145078217228,0.5505145078217228,0.06592758982210342,1.3877787807814457e-17,0.06592758982210341,0.06592758982210341,0.013174017942044364,3.469446951953614e-18,0.013174017942044368,0.013174017942044368,0.7192513368983956,1.1102230246251565e-16,0.7192513368983957,0.7192513368983957,0.7620320855614974,0.0,0.7620320855614974,0.7620320855614974,0.43247344461305026,1.6653345369377348e-16,0.4324734446130501,0.4324734446130501,0.0,0.0,0,0,0.0,0.0,0.0,0.0
blood,none,robust,chebyshev,1536.5964942867713,4.547473508864641e-13,1536.5964942867718,1536.5964942867718,0.4927474380779352,5.551115123125783e-17,0.49274743807793514,0.49274743807793514,0.08243904391859004,1.3877787807814457e-17,0.08243904391859005,0.08243904391859005,0.019433439563196958,3.469446951953614e-18,0.019433439563196955,0.019433439563196955,0.7205882352941175,1.1102230246251565e-16,0.7205882352941176,0.7205882352941176,0.7620320855614974,0.0,0.7620320855614974,0.7620320855614974,0.43247344461305026,1.6653345369377348e-16,0.4324734446130501,0.4324734446130501,0.0,0.0,0,0,0.0,0.0,0.0,0.0
blood,none,robust,correlation,2049.3677280785564,4.547473508864641e-13,2049.367728078556,2049.367728078556,0.7527923649981458,1.1102230246251565e-16,0.752792364998146,0.752792364998146,0.06970760208268494,0.0,0.06970760208268494,0.06970760208268494,0.063703625704407,0.0,0.063703625704407,0.063703625704407,0.6336898395721925,0.0,0.6336898395721925,0.6336898395721925,0.7620320855614974,0.0,0.7620320855614974,0.7620320855614974,0.43247344461305026,1.6653345369377348e-16,0.4324734446130501,0.4324734446130501,0.0,0.0,0,0,0.0,0.0,0.0,0.0
blood,none,robust,hamming,3889.969818826094,108.70105187340958,3634.2006168567646,4082.6640475885342,0.1193423860016466,0.015677356858494675,0.07264113519782671,0.13768802830818883,-0.017135605894907216,0.039667595861197405,-0.05462159462117948,0.09948513979606963,0.015667015488327798,0.010049520408552028,2.332852350573353e-05,0.02970232421799603,0.5806550802139039,0.04006863365615668,0.5574866310160428,0.7045454545454546,0.7620320855614974,0.0,0.7620320855614974,0.7620320855614974,0.43247344461305026,1.6653345369377348e-16,0.4324734446130501,0.4324734446130501,0.0,0.0,0,0,0.0,0.0,0.0,0.0
blood,zscore,none,euclidean,258463068.859937,1844074.4914013944,257782099.22406635,263456846.18965515,0.6664025488223295,0.005314138265702134,0.6520117943696266,0.6683649244295167,0.07578513442403778,0.00281893213562415,0.06815143011408008,0.07682609410266836,0.018273371870559888,2.655364712248812e-05,0.018201464254224475,0.01828317745460563,0.6964609053497939,0.008469505058331064,0.6735253772290809,0.6995884773662552,0.7654320987654321,0.0,0.7654320987654321,0.7654320987654321,0.4335664335664334,1.6653345369377348e-16,0.43356643356643354,0.43356643356643354,19.0,0.0,19,19,2.540106951871657,8.881784197001252e-16,2.5401069518716577,2.5401069518716577
blood,zscore,none,manhattan,304456576.0,0.0,304456576.0,304456576.0,0.618861790319121,2.220446049250313e-16,0.6188617903191208,0.6188617903191208,0.06395973203392677,1.3877787807814457e-17,0.06395973203392678,0.06395973203392678,0.023783267219619576,0.0,0.023783267219619576,0.023783267219619576,0.6488340192043895,0.0,0.6488340192043895,0.6488340192043895,0.7654320987654321,0.0,0.7654320987654321,0.7654320987654321,0.4335664335664334,1.6653345369377348e-16,0.43356643356643354,0.43356643356643354,19.0,0.0,19,19,2.540106951871657,8.881784197001252e-16,2.5401069518716577,2.5401069518716577
blood,zscore,none,cosine,693918586.8162966,2.384185791015625e-07,693918586.8162963,693918586.8162963,0.7314831487233362,3.3306690738754696e-16,0.7314831487233359,0.7314831487233359,-0.05718851440940864,1.3877787807814457e-17,-0.057188514409408656,-0.057188514409408656,0.061045373862314144,1.3877787807814457e-17,0.06104537386231413,0.06104537386231413,0.5267489711934157,0.0,0.5267489711934157,0.5267489711934157,0.7654320987654321,0.0,0.7654320987654321,0.7654320987654321,0.4335664335664334,1.6653345369377348e-16,0.43356643356643354,0.43356643356643354,19.0,0.0,19,19,2.540106951871657,8.881784197001252e-16,2.5401069518716577,2.5401069518716577
blood,zscore,none,minkowski,258406321.39028114,1775570.1987774726,257782099.22406635,263456846.18965515,0.6668994772215169,0.005117041667063654,0.6523442960990078,0.6686984321917144,0.07587188106392366,0.002714213506953666,0.06815143011408008,0.07682609410266836,0.018274189002563702,2.5567223406313334e-05,0.018201464254224475,0.01828317745460563,0.6967215363511657,0.008154877067107793,0.6735253772290809,0.6995884773662552,0.7654320987654321,0.0,0.7654320987654321,0.7654320987654321,0.4335664335664334,1.6653345369377348e-16,0.43356643356643354,0.43356643356643354,19.0,0.0,19,19,2.540106951871657,8.881784197001252e-16,2.5401069518716577,2.5401069518716577
blood,zscore,none,chebyshev,258576563.7992488,1969063.6038646672,257782099.22406635,263456846.18965515,0.6665139039196386,0.005668697053970687,0.652464158469698,0.6688010717835826,0.07561164114426601,0.003009995906295423,0.06815143011408008,0.07682609410266836,0.018271737606552266,2.8353420831184957e-05,0.018201464254224475,0.01828317745460563,0.6959396433470505,0.009043557747189377,0.6735253772290809,0.6995884773662552,0.7654320987654321,0.0,0.7654320987654321,0.7654320987654321,0.4335664335664334,1.6653345369377348e-16,0.43356643356643354,0.43356643356643354,19.0,0.0,19,19,2.540106951871657,8.881784197001252e-16,2.5401069518716577,2.5401069518716577
blood,zscore,none,correlation,709735730.0957828,0.0,709735730.0957828,709735730.0957828,0.616529747629144,1.1102230246251565e-16,0.6165297476291439,0.6165297476291439,-0.040776763627472415,6.938893903907228e-18,-0.04077676362747242,-0.04077676362747242,0.06598931745079714,1.3877787807814457e-17,0.06598931745079713,0.06598931745079713,0.503429355281207,1.1102230246251565e-16,0.5034293552812071,0.5034293552812071,0.7654320987654321,0.0,0.7654320987654321,0.7654320987654321,0.4335664335664334,1.6653345369377348e-16,0.43356643356643354,0.43356643356643354,19.0,0.0,19,19,2.540106951871657,8.881784197001252e-16,2.5401069518716577,2.5401069518716577
blood,zscore,none,hamming,1261922867.8,32094844.440728877,1124317996.0,1305212543.0,0.10472356622310636,0.027973366331877185,0.07527637029273045,0.13769233613217843,0.02382333352802809,0.06813200899911157,-0.053668673547554085,0.10488735067858422,0.0220202742244916,0.006286051706520883,0.00410319055341596,0.03161195897032187,0.6457613168724279,0.06492967664005815,0.5637860082304527,0.7174211248285323,0.7654320987654321,0.0,0.7654320987654321,0.7654320987654321,0.4335664335664334,1.6653345369377348e-16,0.43356643356643354,0.43356643356643354,19.0,0.0,19,19,2.540106951871657,8.881784197001252e-16,2.5401069518716577,2.5401069518716577
blood,zscore,minmax,euclidean,96.0025065903912,0.0005523239910666015,96.0023798785775,96.0049141148524,0.3684916146856932,0.00051375191666588,0.36837375191270383,0.37073100737249004,0.03598612092965852,0.00039959734073676895,0.03589444701248066,0.037727925356037674,0.007974379035625614,6.851064344844155e-05,0.007958661616080947,0.00827301000697432,0.6339506172839507,0.0008968927867367601,0.6337448559670782,0.6378600823045267,0.7654320987654321,0.0,0.7654320987654321,0.7654320987654321,0.4335664335664334,1.6653345369377348e-16,0.43356643356643354,0.43356643356643354,19.0,0.0,19,19,2.540106951871657,8.881784197001252e-16,2.5401069518716577,2.5401069518716577
blood,zscore,minmax,manhattan,107.48857562330706,4.263256414560601e-14,107.4885756233071,107.4885756233071,0.38542693747508344,1.1102230246251565e-16,0.38542693747508355,0.38542693747508355,0.049916132065141235,1.3877787807814457e-17,0.04991613206514122,0.04991613206514122,0.026212191952991227,1.3877787807814457e-17,0.026212191952991213,0.026212191952991213,0.6213991769547323,1.1102230246251565e-16,0.6213991769547325,0.6213991769547325,0.7654320987654321,0.0,0.7654320987654321,0.7654320987654321,0.4335664335664334,1.6653345369377348e-16,0.43356643356643354,0.43356643356643354,19.0,0.0,19,19,2.540106951871657,8.881784197001252e-16,2.5401069518716577,2.5401069518716577
blood,zscore,minmax,cosine,106.70645411520445,2.842170943040401e-14,106.70645411520442,106.70645411520442,0.7301858960296225,0.0,0.7301858960296225,0.7301858960296225,0.04532613370397976,1.3877787807814457e-17,0.045326133703979775,0.045326133703979775,0.048089958785868324,0.0,0.048089958785868324,0.048089958785868324,0.6076817558299039,1.1102230246251565e-16,0.607681755829904,0.607681755829904,0.7654320987654321,0.0,0.7654320987654321,0.7654320987654321,0.4335664335664334,1.6653345369377348e-16,0.43356643356643354,0.43356643356643354,19.0,0.0,19,19,2.540106951871657,8.881784197001252e-16,2.5401069518716577,2.5401069518716577
blood,zscore,minmax,minkowski,96.20059425152868,2.842170943040401e-14,96.20059425152871,96.20059425152871,0.3395610082145792,5.551115123125783e-17,0.33956100821457913,0.33956100821457913,0.030287860938974193,0.0,0.030287860938974193,0.030287860938974193,0.006356468921091989,8.673617379884035e-19,0.00635646892109199,0.00635646892109199,0.6255144032921809,2.220446049250313e-16,0.6255144032921811,0.6255144032921811,0.7654320987654321,0.0,0.7654320987654321,0.7654320987654321,0.4335664335664334,1.6653345369377348e-16,0.43356643356643354,0.43356643356643354,19.0,0.0,19,19,2.540106951871657,8.881784197001252e-16,2.5401069518716577,2.5401069518716577
blood,zscore,minmax,chebyshev,100.4634457175528,0.7867519280445961,100.00168491898357,108.04898370537714,0.2886277713597068,0.0018382336008678137,0.2816384458966192,0.28952755005910547,0.018037598229578556,0.00496756706816097,0.014952048712232484,0.031523386837485116,0.003025559810891974,0.0028622544386734702,0.0017630080028352313,0.022391637055415248,0.6151714677640603,0.0034343995823039224,0.5829903978052127,0.6159122085048011,0.7654320987654321,0.0,0.7654320987654321,0.7654320987654321,0.4335664335664334,1.6653345369377348e-16,0.43356643356643354,0.43356643356643354,19.0,0.0,19,19,2.540106951871657,8.881784197001252e-16,2.5401069518716577,2.5401069518716577
blood,zscore,minmax,correlation,110.06047786709685,1.4210854715202004e-14,110.06047786709686,110.06047786709686,0.7776212595869569,2.220446049250313e-16,0.7776212595869572,0.7776212595869572,0.10778254015999605,0.0,0.10778254015999605,0.10778254015999605,0.05580335012460211,1.3877787807814457e-17,0.055803350124602094,0.055803350124602094,0.6776406035665294,0.0,0.6776406035665294,0.6776406035665294,0.7654320987654321,0.0,0.7654320987654321,0.7654320987654321,0.4335664335664334,1.6653345369377348e-16,0.43356643356643354,0.43356643356643354,19.0,0.0,19,19,2.540106951871657,8.881784197001252e-16,2.5401069518716577,2.5401069518716577
blood,zscore,minmax,hamming,230.4140731539397,7.932611245358783,219.24967517958805,252.85763227202943,0.1215806148641799,0.006234751649274233,0.07862463992088346,0.13320430753671245,-0.009462230749137622,0.024692380907822498,-0.046917639799122064,0.08340155377611257,0.006589452860907591,0.007999650931353856,0.0002078377182861733,0.023219215294077437,0.5864197530864197,0.017706103717715766,0.5637860082304527,0.7023319615912208,0.7654320987654321,0.0,0.7654320987654321,0.7654320987654321,0.4335664335664334,1.6653345369377348e-16,0.43356643356643354,0.43356643356643354,19.0,0.0,19,19,2.540106951871657,8.881784197001252e-16,2.5401069518716577,2.5401069518716577
blood,zscore,standard,euclidean,1645.3240412929247,4.547473508864641e-13,1645.3240412929251,1645.3240412929251,0.4291388911070451,1.6653345369377348e-16,0.4291388911070453,0.4291388911070453,0.05691699648271165,0.0,0.05691699648271165,0.05691699648271165,0.0125567305892395,5.204170427930421e-18,0.012556730589239494,0.012556730589239494,0.6721536351165982,1.1102230246251565e-16,0.6721536351165981,0.6721536351165981,0.7654320987654321,0.0,0.7654320987654321,0.7654320987654321,0.4335664335664334,1.6653345369377348e-16,0.43356643356643354,0.43356643356643354,19.0,0.0,19,19,2.540106951871657,8.881784197001252e-16,2.5401069518716577,2.5401069518716577
blood,zscore,standard,manhattan,1870.2787705341182,2.2737367544323206e-13,1870.2787705341184,1870.2787705341184,0.4177053434923144,5.551115123125783e-17,0.41770534349231436,0.41770534349231436,0.04778621649144053,0.0,0.04778621649144053,0.04778621649144053,0.023862461793652825,0.0,0.023862461793652825,0.023862461793652825,0.6200274348422496,0.0,0.6200274348422496,0.6200274348422496,0.7654320987654321,0.0,0.7654320987654321,0.7654320987654321,0.4335664335664334,1.6653345369377348e-16,0.43356643356643354,0.43356643356643354,19.0,0.0,19,19,2.540106951871657,8.881784197001252e-16,2.5401069518716577,2.5401069518716577
blood,zscore,standard,cosine,1706.113032946561,2.2737367544323206e-13,1706.1130329465611,1706.1130329465611,0.5711553506618163,0.0,0.5711553506618163,0.5711553506618163,0.027875754118577185,3.469446951953614e-18,0.02787575411857719,0.02787575411857719,0.012174682991073237,0.0,0.012174682991073237,0.012174682991073237,0.5953360768175583,0.0,0.5953360768175583,0.5953360768175583,0.7654320987654321,0.0,0.7654320987654321,0.7654320987654321,0.4335664335664334,1.6653345369377348e-16,0.43356643356643354,0.43356643356643354,19.0,0.0,19,19,2.540106951871657,8.881784197001252e-16,2.5401069518716577,2.5401069518716577
blood,zscore,standard,minkowski,1663.8883818728316,4.547473508864641e-13,1663.888381872832,1663.888381872832,0.398939149110021,0.0,0.398939149110021,0.398939149110021,0.04532431998800861,6.938893903907228e-18,0.0453243199880086,0.0453243199880086,0.009432378674082077,1.734723475976807e-18,0.009432378674082078,0.009432378674082078,0.6556927297668035,3.3306690738754696e-16,0.6556927297668038,0.6556927297668038,0.7654320987654321,0.0,0.7654320987654321,0.7654320987654321,0.4335664335664334,1.6653345369377348e-16,0.43356643356643354,0.43356643356643354,19.0,0.0,19,19,2.540106951871657,8.881784197001252e-16,2.5401069518716577,2.5401069518716577
blood,zscore,standard,chebyshev,1708.6481834657427,0.6219657168508138,1708.559331220478,1713.0019434836981,0.33991484166913893,0.0005362777852402568,0.33616089717245706,0.33999145278131604,0.0233302733091654,0.0004924836795122395,0.023259918497806502,0.02677765906575107,0.003546521606716284,0.00017058897929934008,0.0035221517525306626,0.004740644461811663,0.6268861454046639,0.0,0.6268861454046639,0.6268861454046639,0.7654320987654321,0.0,0.7654320987654321,0.7654320987654321,0.4335664335664334,1.6653345369377348e-16,0.43356643356643354,0.43356643356643354,19.0,0.0,19,19,2.540106951871657,8.881784197001252e-16,2.5401069518716577,2.5401069518716577
blood,zscore,standard,correlation,2163.0180016663608,0.0,2163.0180016663608,2163.0180016663608,0.704020901486554,2.220446049250313e-16,0.7040209014865538,0.7040209014865538,0.03922542360860165,0.0,0.03922542360860165,0.03922542360860165,0.05921786106504921,1.3877787807814457e-17,0.05921786106504923,0.05921786106504923,0.6008230452674896,1.1102230246251565e-16,0.6008230452674898,0.6008230452674898,0.7654320987654321,0.0,0.7654320987654321,0.7654320987654321,0.4335664335664334,1.6653345369377348e-16,0.43356643356643354,0.43356643356643354,19.0,0.0,19,19,2.540106951871657,8.881784197001252e-16,2.5401069518716577,2.5401069518716577
blood,zscore,standard,hamming,4402.454890766043,123.63177232406684,4213.672134025544,4725.347575507633,0.12236470445376492,0.008496859749913438,0.07555836580196623,0.13769233613217843,-0.011346345915194405,0.0266609706110769,-0.053648227286363974,0.08340155377611257,0.007355995273716786,0.008387144863887523,0.0002078377182861733,0.025197370507318205,0.5884910836762688,0.021335326464779782,0.5637860082304527,0.7023319615912208,0.7654320987654321,0.0,0.7654320987654321,0.7654320987654321,0.4335664335664334,1.6653345369377348e-16,0.43356643356643354,0.43356643356643354,19.0,0.0,19,19,2.540106951871657,8.881784197001252e-16,2.5401069518716577,2.5401069518716577
blood,zscore,robust,euclidean,886.9117501162578,2.2737367544323206e-13,886.9117501162581,886.9117501162581,0.47175443353736474,5.551115123125783e-17,0.4717544335373647,0.4717544335373647,0.05691699648271165,0.0,0.05691699648271165,0.05691699648271165,0.0125567305892395,5.204170427930421e-18,0.012556730589239494,0.012556730589239494,0.6721536351165982,1.1102230246251565e-16,0.6721536351165981,0.6721536351165981,0.7654320987654321,0.0,0.7654320987654321,0.7654320987654321,0.4335664335664334,1.6653345369377348e-16,0.43356643356643354,0.43356643356643354,19.0,0.0,19,19,2.540106951871657,8.881784197001252e-16,2.5401069518716577,2.5401069518716577
blood,zscore,robust,manhattan,1030.1707622029953,4.547473508864641e-13,1030.1707622029958,1030.1707622029958,0.4397749454366997,1.1102230246251565e-16,0.4397749454366996,0.4397749454366996,0.04618991703504406,1.3877787807814457e-17,0.04618991703504405,0.04618991703504405,0.022508488827735915,0.0,0.022508488827735915,0.022508488827735915,0.618655692729767,1.1102230246251565e-16,0.6186556927297668,0.6186556927297668,0.7654320987654321,0.0,0.7654320987654321,0.7654320987654321,0.4335664335664334,1.6653345369377348e-16,0.43356643356643354,0.43356643356643354,19.0,0.0,19,19,2.540106951871657,8.881784197001252e-16,2.5401069518716577,2.5401069518716577
blood,zscore,robust,cosine,1012.4607130070667,1.1368683772161603e-13,1012.4607130070666,1012.4607130070666,0.6142250873864316,1.1102230246251565e-16,0.6142250873864314,0.6142250873864314,0.016006725450887202,0.0,0.016006725450887202,0.016006725450887202,0.019972891644125648,0.0,0.019972891644125648,0.019972891644125648,0.5651577503429355,1.1102230246251565e-16,0.5651577503429356,0.5651577503429356,0.7654320987654321,0.0,0.7654320987654321,0.7654320987654321,0.4335664335664334,1.6653345369377348e-16,0.43356643356643354,0.43356643356643354,19.0,0.0,19,19,2.540106951871657,8.881784197001252e-16,2.5401069518716577,2.5401069518716577
blood,zscore,robust,minkowski,888.9584245526111,3.410605131648481e-13,888.9584245526114,888.9584245526114,0.4514068075626971,1.1102230246251565e-16,0.45140680756269697,0.45140680756269697,0.053148280335068805,2.0816681711721685e-17,0.053148280335068784,0.053148280335068784,0.011376223175034362,0.0,0.011376223175034362,0.011376223175034362,0.6680384087791497,1.1102230246251565e-16,0.6680384087791496,0.6680384087791496,0.7654320987654321,0.0,0.7654320987654321,0.7654320987654321,0.4335664335664334,1.6653345369377348e-16,0.43356643356643354,0.43356643356643354,19.0,0.0,19,19,2.540106951871657,8.881784197001252e-16,2.5401069518716577,2.5401069518716577
blood,zscore,robust,chebyshev,931.6894869228419,0.0,931.6894869228419,931.6894869228419,0.3943486388850743,1.6653345369377348e-16,0.39434863888507415,0.39434863888507415,0.027677960606660418,6.938893903907228e-18,0.02767796060666041,0.02767796060666041,0.0045389428457186035,1.734723475976807e-18,0.004538942845718605,0.004538942845718605,0.6337448559670784,2.220446049250313e-16,0.6337448559670782,0.6337448559670782,0.7654320987654321,0.0,0.7654320987654321,0.7654320987654321,0.4335664335664334,1.6653345369377348e-16,0.43356643356643354,0.43356643356643354,19.0,0.0,19,19,2.540106951871657,8.881784197001252e-16,2.5401069518716577,2.5401069518716577
blood,zscore,robust,correlation,1202.9546070449996,0.0,1202.9546070449996,1202.9546070449996,0.7343020807692363,1.1102230246251565e-16,0.7343020807692362,0.7343020807692362,0.0680833834554349,1.3877787807814457e-17,0.06808338345543491,0.06808338345543491,0.061231757619944045,6.938893903907228e-18,0.06123175761994405,0.06123175761994405,0.6323731138545955,1.1102230246251565e-16,0.6323731138545954,0.6323731138545954,0.7654320987654321,0.0,0.7654320987654321,0.7654320987654321,0.4335664335664334,1.6653345369377348e-16,0.43356643356643354,0.43356643356643354,19.0,0.0,19,19,2.540106951871657,8.881784197001252e-16,2.5401069518716577,2.5401069518716577
blood,zscore,robust,hamming,2650.1180388106923,64.23169528466553,2550.31403441374,2797.2933835872936,0.12251067675137696,0.008632458847693009,0.07555836580196623,0.13769233613217843,-0.011957485041733124,0.026921913553057685,-0.053648227286363974,0.08340155377611257,0.007601504274210627,0.008544992321133881,0.0002078377182861733,0.025197370507318205,0.5882990397805211,0.021346929816563977,0.5637860082304527,0.7023319615912208,0.7654320987654321,0.0,0.7654320987654321,0.7654320987654321,0.4335664335664334,1.6653345369377348e-16,0.43356643356643354,0.43356643356643354,19.0,0.0,19,19,2.540106951871657,8.881784197001252e-16,2.5401069518716577,2.5401069518716577
blood,zscore_2.5,none,euclidean,220251662.74102554,8.940696716308594e-08,220251662.74102563,220251662.74102563,0.6542922598066626,0.0,0.6542922598066626,0.6542922598066626,0.06566955993386339,1.3877787807814457e-17,0.0656695599338634,0.0656695599338634,0.016467213167698416,0.0,0.016467213167698416,0.016467213167698416,0.6754507628294034,2.220446049250313e-16,0.6754507628294036,0.6754507628294036,0.7683772538141471,1.1102230246251565e-16,0.768377253814147,0.768377253814147,0.43450980392156874,1.1102230246251565e-16,0.4345098039215686,0.4345098039215686,27.0,0.0,27,27,3.609625668449199,8.881784197001252e-16,3.609625668449198,3.609625668449198
blood,zscore_2.5,none,manhattan,276935062.0,0.0,276935062.0,276935062.0,0.5940995530882507,2.220446049250313e-16,0.5940995530882509,0.5940995530882509,0.04773036342795062,1.3877787807814457e-17,0.04773036342795063,0.04773036342795063,0.020646480492830636,3.469446951953614e-18,0.02064648049283064,0.02064648049283064,0.6241331484049929,1.1102230246251565e-16,0.624133148404993,0.624133148404993,0.7683772538141471,1.1102230246251565e-16,0.768377253814147,0.768377253814147,0.43450980392156874,1.1102230246251565e-16,0.4345098039215686,0.4345098039215686,27.0,0.0,27,27,3.609625668449199,8.881784197001252e-16,3.609625668449198,3.609625668449198
blood,zscore_2.5,none,cosine,601305145.8645343,1.1920928955078125e-07,601305145.8645344,601305145.8645344,0.7351748163355419,2.220446049250313e-16,0.7351748163355417,0.7351748163355417,-0.059287663343269015,1.3877787807814457e-17,-0.05928766334326903,-0.05928766334326903,0.06209472794809012,6.938893903907228e-18,0.062094727948090116,0.062094727948090116,0.5298196948682383,2.220446049250313e-16,0.5298196948682385,0.5298196948682385,0.7683772538141471,1.1102230246251565e-16,0.768377253814147,0.768377253814147,0.43450980392156874,1.1102230246251565e-16,0.4345098039215686,0.4345098039215686,27.0,0.0,27,27,3.609625668449199,8.881784197001252e-16,3.609625668449198,3.609625668449198
blood,zscore_2.5,none,minkowski,220251662.74102554,8.940696716308594e-08,220251662.74102563,220251662.74102563,0.6546420947835917,3.3306690738754696e-16,0.6546420947835914,0.6546420947835914,0.06566955993386339,1.3877787807814457e-17,0.0656695599338634,0.0656695599338634,0.016467213167698416,0.0,0.016467213167698416,0.016467213167698416,0.6754507628294034,2.220446049250313e-16,0.6754507628294036,0.6754507628294036,0.7683772538141471,1.1102230246251565e-16,0.768377253814147,0.768377253814147,0.43450980392156874,1.1102230246251565e-16,0.4345098039215686,0.4345098039215686,27.0,0.0,27,27,3.609625668449199,8.881784197001252e-16,3.609625668449198,3.609625668449198
blood,zscore_2.5,none,chebyshev,220251662.74102554,8.940696716308594e-08,220251662.74102563,220251662.74102563,0.6547679838924902,0.0,0.6547679838924902,0.6547679838924902,0.06566955993386339,1.3877787807814457e-17,0.0656695599338634,0.0656695599338634,0.016467213167698416,0.0,0.016467213167698416,0.016467213167698416,0.6754507628294034,2.220446049250313e-16,0.6754507628294036,0.6754507628294036,0.7683772538141471,1.1102230246251565e-16,0.768377253814147,0.768377253814147,0.43450980392156874,1.1102230246251565e-16,0.4345098039215686,0.4345098039215686,27.0,0.0,27,27,3.609625668449199,8.881784197001252e-16,3.609625668449198,3.609625668449198
blood,zscore_2.5,none,correlation,615492044.9305555,1.1920928955078125e-07,615492044.9305556,615492044.9305556,0.6212080748205847,1.1102230246251565e-16,0.6212080748205848,0.6212080748205848,-0.04335076557503539,6.938893903907228e-18,-0.04335076557503538,-0.04335076557503538,0.06608803500217184,0.0,0.06608803500217184,0.06608803500217184,0.5006934812760055,0.0,0.5006934812760055,0.5006934812760055,0.7683772538141471,1.1102230246251565e-16,0.768377253814147,0.768377253814147,0.43450980392156874,1.1102230246251565e-16,0.4345098039215686,0.4345098039215686,27.0,0.0,27,27,3.609625668449199,8.881784197001252e-16,3.609625668449198,3.609625668449198
blood,zscore_2.5,none,hamming,1113543814.16,29307683.150750473,983706773.0,1148971312.0,0.11705865907156682,0.025664335291174473,0.07049432890196324,0.13892087769969433,-0.008283387914118789,0.059606408484820086,-0.05314340012493061,0.0988521567279985,0.021100392473666133,0.005139124497643145,0.003706490607552603,0.02839297295404625,0.6111373092926491,0.05895933762340898,0.5631067961165048,0.7184466019417476,0.7683772538141471,1.1102230246251565e-16,0.768377253814147,0.768377253814147,0.43450980392156874,1.1102230246251565e-16,0.4345098039215686,0.4345098039215686,27.0,0.0,27,27,3.609625668449199,8.881784197001252e-16,3.609625668449198,3.609625668449198
blood,zscore_2.5,minmax,euclidean,99.41292384247109,0.0005693792886619422,99.41173265118067,99.41336861318607,0.37102296763011416,0.0011915229052514827,0.3701223521052483,0.3727301425387205,0.020997906933102953,0.0013126655448965374,0.019963289549185772,0.022820758663106237,0.0040730696254644184,0.0002642439576160948,0.0038606195753630407,0.004428165277342589,0.6085436893203885,0.00316956601544204,0.6061026352288488,0.6130374479889042,0.7683772538141471,1.1102230246251565e-16,0.768377253814147,0.768377253814147,0.43450980392156874,1.1102230246251565e-16,0.4345098039215686,0.4345098039215686,27.0,0.0,27,27,3.609625668449199,8.881784197001252e-16,3.609625668449198,3.609625668449198
blood,zscore_2.5,minmax,manhattan,110.73142404735641,0.0,110.73142404735641,110.73142404735641,0.4022785625623053,0.0,0.4022785625623053,0.4022785625623053,0.049179898658635084,6.938893903907228e-18,0.04917989865863508,0.04917989865863508,0.02383720237962079,6.938893903907228e-18,0.023837202379620785,0.023837202379620785,0.622746185852982,1.1102230246251565e-16,0.6227461858529819,0.6227461858529819,0.7683772538141471,1.1102230246251565e-16,0.768377253814147,0.768377253814147,0.43450980392156874,1.1102230246251565e-16,0.4345098039215686,0.4345098039215686,27.0,0.0,27,27,3.609625668449199,8.881784197001252e-16,3.609625668449198,3.609625668449198
blood,zscore_2.5,minmax,cosine,112.32988341945403,2.842170943040401e-14,112.329883419454,112.329883419454,0.7261386149979568,3.3306690738754696e-16,0.7261386149979572,0.7261386149979572,0.03726643573637029,6.938893903907228e-18,0.0372664357363703,0.0372664357363703,0.04213525674042578,2.7755575615628914e-17,0.04213525674042581,0.04213525674042581,0.5977808599167823,1.1102230246251565e-16,0.5977808599167822,0.5977808599167822,0.7683772538141471,1.1102230246251565e-16,0.768377253814147,0.768377253814147,0.43450980392156874,1.1102230246251565e-16,0.4345098039215686,0.4345098039215686,27.0,0.0,27,27,3.609625668449199,8.881784197001252e-16,3.609625668449198,3.609625668449198
blood,zscore_2.5,minmax,minkowski,99.73415888251112,0.0,99.73415888251112,99.73415888251112,0.34807976852980493,5.551115123125783e-17,0.3480797685298049,0.3480797685298049,0.028661478332814933,0.0,0.028661478332814933,0.028661478332814933,0.005985355155885575,1.734723475976807e-18,0.005985355155885573,0.005985355155885573,0.622746185852982,1.1102230246251565e-16,0.6227461858529819,0.6227461858529819,0.7683772538141471,1.1102230246251565e-16,0.768377253814147,0.768377253814147,0.43450980392156874,1.1102230246251565e-16,0.4345098039215686,0.4345098039215686,27.0,0.0,27,27,3.609625668449199,8.881784197001252e-16,3.609625668449198,3.609625668449198
blood,zscore_2.5,minmax,chebyshev,102.67403951992834,0.18485327991672587,102.6129971424258,103.99996667283104,0.29707064824748336,0.0021967694035416323,0.28915080297179235,0.2983665753936954,0.020712345090042515,0.004325813331800977,0.01795983541260147,0.030199036947490536,0.0035935827638729077,0.001713641223566117,0.002521168781365127,0.008414971400266778,0.6160332871012482,0.0011389994545158279,0.6074895977808599,0.6171983356449375,0.7683772538141471,1.1102230246251565e-16,0.768377253814147,0.768377253814147,0.43450980392156874,1.1102230246251565e-16,0.4345098039215686,0.4345098039215686,27.0,0.0,27,27,3.609625668449199,8.881784197001252e-16,3.609625668449198,3.609625668449198
blood,zscore_2.5,minmax,correlation,116.8441283953416,4.263256414560601e-14,116.84412839534156,116.84412839534156,0.7701514495199099,1.1102230246251565e-16,0.7701514495199098,0.7701514495199098,0.10970859525476279,1.3877787807814457e-17,0.1097085952547628,0.1097085952547628,0.05900164314726833,1.3877787807814457e-17,0.05900164314726834,0.05900164314726834,0.6782246879334256,2.220446049250313e-16,0.6782246879334258,0.6782246879334258,0.7683772538141471,1.1102230246251565e-16,0.768377253814147,0.768377253814147,0.43450980392156874,1.1102230246251565e-16,0.4345098039215686,0.4345098039215686,27.0,0.0,27,27,3.609625668449199,8.881784197001252e-16,3.609625668449198,3.609625668449198
blood,zscore_2.5,minmax,hamming,251.09964143931302,7.337320982508528,236.90954087116876,270.0220573458395,0.12014576283858959,0.011059187564494467,0.07049432890196324,0.13514312210526525,1.154554815723366e-05,0.02913664935074133,-0.04621980413631407,0.0988521567279985,0.006216772751027889,0.008442114139633018,0.0002509771782624403,0.02839297295404625,0.5937864077669902,0.02837840620342561,0.5631067961165048,0.7087378640776699,0.7683772538141471,1.1102230246251565e-16,0.768377253814147,0.768377253814147,0.43450980392156874,1.1102230246251565e-16,0.4345098039215686,0.4345098039215686,27.0,0.0,27,27,3.609625668449199,8.881784197001252e-16,3.609625668449198,3.609625668449198
blood,zscore_2.5,standard,euclidean,1621.3499902099666,0.057735441699138336,1621.3047948372805,1621.430025570939,0.42362014948254606,0.0021839636965593576,0.42176244106413646,0.42654778955272493,0.04845283695220935,0.0026488746790249017,0.04605378230480753,0.05175280393795565,0.009896640896653675,0.0006976160513999573,0.009257829394591811,0.010737932752533267,0.6635644937586684,0.003814802616710964,0.6601941747572816,0.6685159500693482,0.7683772538141471,1.1102230246251565e-16,0.768377253814147,0.768377253814147,0.43450980392156874,1.1102230246251565e-16,0.4345098039215686,0.4345098039215686,27.0,0.0,27,27,3.609625668449199,8.881784197001252e-16,3.609625668449198,3.609625668449198
blood,zscore_2.5,standard,manhattan,1810.0337136969747,6.821210263296962e-13,1810.0337136969754,1810.0337136969754,0.42369516620416675,5.551115123125783e-17,0.4236951662041667,0.4236951662041667,0.04751158385382837,6.938893903907228e-18,0.047511583853828365,0.047511583853828365,0.02245594091246553,3.469446951953614e-18,0.022455940912465527,0.022455940912465527,0.6213592233009707,1.1102230246251565e-16,0.6213592233009708,0.6213592233009708,0.7683772538141471,1.1102230246251565e-16,0.768377253814147,0.768377253814147,0.43450980392156874,1.1102230246251565e-16,0.4345098039215686,0.4345098039215686,27.0,0.0,27,27,3.609625668449199,8.881784197001252e-16,3.609625668449198,3.609625668449198
blood,zscore_2.5,standard,cosine,1667.849364768489,4.547473508864641e-13,1667.8493647684895,1667.8493647684895,0.5778246094911238,0.0,0.5778246094911238,0.5778246094911238,0.020530561109089844,3.469446951953614e-18,0.02053056110908984,0.02053056110908984,0.00846632613539206,0.0,0.00846632613539206,0.00846632613539206,0.5839112343966715,2.220446049250313e-16,0.5839112343966713,0.5839112343966713,0.7683772538141471,1.1102230246251565e-16,0.768377253814147,0.768377253814147,0.43450980392156874,1.1102230246251565e-16,0.4345098039215686,0.4345098039215686,27.0,0.0,27,27,3.609625668449199,8.881784197001252e-16,3.609625668449198,3.609625668449198
blood,zscore_2.5,standard,minkowski,1632.2882558974222,2.2737367544323206e-13,1632.2882558974225,1632.2882558974225,0.3871032087896571,1.1102230246251565e-16,0.3871032087896572,0.3871032087896572,0.026845112400575535,1.0408340855860843e-17,0.026845112400575525,0.026845112400575525,0.004799958450956062,8.673617379884035e-19,0.004799958450956063,0.004799958450956063,0.6269070735090153,0.0,0.6269070735090153,0.6269070735090153,0.7683772538141471,1.1102230246251565e-16,0.768377253814147,0.768377253814147,0.43450980392156874,1.1102230246251565e-16,0.4345098039215686,0.4345098039215686,27.0,0.0,27,27,3.609625668449199,8.881784197001252e-16,3.609625668449198,3.609625668449198
blood,zscore_2.5,standard,chebyshev,1689.0987779763082,0.12941480730269464,1688.3628942314429,1689.1215372673867,0.3373507678877907,4.396312106029904e-05,0.33734303639639673,0.33760075277619817,0.023561081486822427,0.0002861013227626127,0.021934240500125393,0.023611396156514086,0.0037343188789238945,6.434908425090426e-05,0.0033684144968506506,0.0037456355092972938,0.6254368932038836,0.0004731961750133885,0.6227461858529819,0.6255201109570042,0.7683772538141471,1.1102230246251565e-16,0.768377253814147,0.768377253814147,0.43450980392156874,1.1102230246251565e-16,0.4345098039215686,0.4345098039215686,27.0,0.0,27,27,3.609625668449199,8.881784197001252e-16,3.609625668449198,3.609625668449198
blood,zscore_2.5,standard,correlation,2136.925584666733,4.547473508864641e-13,2136.9255846667334,2136.9255846667334,0.7047162480350092,1.1102230246251565e-16,0.7047162480350091,0.7047162480350091,0.03570186497514055,6.938893903907228e-18,0.03570186497514056,0.03570186497514056,0.05543094489368819,2.0816681711721685e-17,0.05543094489368821,0.05543094489368821,0.5963938973647709,2.220446049250313e-16,0.5963938973647711,0.5963938973647711,0.7683772538141471,1.1102230246251565e-16,0.768377253814147,0.768377253814147,0.43450980392156874,1.1102230246251565e-16,0.4345098039215686,0.4345098039215686,27.0,0.0,27,27,3.609625668449199,8.881784197001252e-16,3.609625668449198,3.609625668449198
blood,zscore_2.5,standard,hamming,4457.69238389466,107.90737816078052,4226.015349373622,4723.782528510657,0.12026554196785723,0.011140129238540193,0.07049432890196324,0.13514312210526525,0.0014471532051533132,0.02809953982068675,-0.04621980413631407,0.0988521567279985,0.005556515034372827,0.008181524936005526,0.0002509771782624403,0.02839297295404625,0.5952149791955617,0.027736737056676366,0.5631067961165048,0.7087378640776699,0.7683772538141471,1.1102230246251565e-16,0.768377253814147,0.768377253814147,0.43450980392156874,1.1102230246251565e-16,0.4345098039215686,0.4345098039215686,27.0,0.0,27,27,3.609625668449199,8.881784197001252e-16,3.609625668449198,3.609625668449198
blood,zscore_2.5,robust,euclidean,824.6991743232188,2.2737367544323206e-13,824.6991743232186,824.6991743232186,0.45886296757486184,1.6653345369377348e-16,0.458862967574862,0.458862967574862,0.05452102048706032,2.0816681711721685e-17,0.05452102048706034,0.05452102048706034,0.011796461700829408,3.469446951953614e-18,0.011796461700829404,0.011796461700829404,0.6699029126213589,3.3306690738754696e-16,0.6699029126213593,0.6699029126213593,0.7683772538141471,1.1102230246251565e-16,0.768377253814147,0.768377253814147,0.43450980392156874,1.1102230246251565e-16,0.4345098039215686,0.4345098039215686,27.0,0.0,27,27,3.609625668449199,8.881784197001252e-16,3.609625668449198,3.609625668449198
blood,zscore_2.5,robust,manhattan,932.098442665289,2.2737367544323206e-13,932.0984426652892,932.0984426652892,0.4413714094664277,5.551115123125783e-17,0.44137140946642767,0.44137140946642767,0.045853536505252875,6.938893903907228e-18,0.04585353650525288,0.04585353650525288,0.021115680473600445,0.0,0.021115680473600445,0.021115680473600445,0.6199722607489598,1.1102230246251565e-16,0.6199722607489597,0.6199722607489597,0.7683772538141471,1.1102230246251565e-16,0.768377253814147,0.768377253814147,0.43450980392156874,1.1102230246251565e-16,0.4345098039215686,0.4345098039215686,27.0,0.0,27,27,3.609625668449199,8.881784197001252e-16,3.609625668449198,3.609625668449198
blood,zscore_2.5,robust,cosine,914.3079329448151,1.1368683772161603e-13,914.3079329448152,914.3079329448152,0.6060217026981893,1.1102230246251565e-16,0.6060217026981894,0.6060217026981894,0.015659627464860992,3.469446951953614e-18,0.01565962746486099,0.01565962746486099,0.018459420282226524,3.469446951953614e-18,0.01845942028222652,0.01845942028222652,0.5644937586685161,2.220446049250313e-16,0.5644937586685159,0.5644937586685159,0.7683772538141471,1.1102230246251565e-16,0.768377253814147,0.768377253814147,0.43450980392156874,1.1102230246251565e-16,0.4345098039215686,0.4345098039215686,27.0,0.0,27,27,3.609625668449199,8.881784197001252e-16,3.609625668449198,3.609625668449198
blood,zscore_2.5,robust,minkowski,828.9124551113118,2.2737367544323206e-13,828.912455111312,828.912455111312,0.43504161867976954,0.0,0.43504161867976954,0.43504161867976954,0.04867543891155101,6.938893903907228e-18,0.04867543891155102,0.04867543891155102,0.010234145336525174,1.734723475976807e-18,0.010234145336525176,0.010234145336525176,0.6615811373092929,2.220446049250313e-16,0.6615811373092927,0.6615811373092927,0.7683772538141471,1.1102230246251565e-16,0.768377253814147,0.768377253814147,0.43450980392156874,1.1102230246251565e-16,0.4345098039215686,0.4345098039215686,27.0,0.0,27,27,3.609625668449199,8.881784197001252e-16,3.609625668449198,3.609625668449198
blood,zscore_2.5,robust,chebyshev,862.1464492375432,2.2737367544323206e-13,862.1464492375434,862.1464492375434,0.3780676869123267,1.1102230246251565e-16,0.3780676869123268,0.3780676869123268,0.02208131846637881,1.0408340855860843e-17,0.02208131846637882,0.02208131846637882,0.0037864086738579506,0.0,0.0037864086738579506,0.0037864086738579506,0.6171983356449376,1.1102230246251565e-16,0.6171983356449375,0.6171983356449375,0.7683772538141471,1.1102230246251565e-16,0.768377253814147,0.768377253814147,0.43450980392156874,1.1102230246251565e-16,0.4345098039215686,0.4345098039215686,27.0,0.0,27,27,3.609625668449199,8.881784197001252e-16,3.609625668449198,3.609625668449198
blood,zscore_2.5,robust,correlation,1087.1432290687824,2.2737367544323206e-13,1087.1432290687821,1087.1432290687821,0.725360956545244,2.220446049250313e-16,0.7253609565452438,0.7253609565452438,0.056001304078392315,1.3877787807814457e-17,0.05600130407839233,0.05600130407839233,0.05322164307995195,6.938893903907228e-18,0.053221643079951954,0.053221643079951954,0.6199722607489598,1.1102230246251565e-16,0.6199722607489597,0.6199722607489597,0.7683772538141471,1.1102230246251565e-16,0.768377253814147,0.768377253814147,0.43450980392156874,1.1102230246251565e-16,0.4345098039215686,0.4345098039215686,27.0,0.0,27,27,3.609625668449199,8.881784197001252e-16,3.609625668449198,3.609625668449198
blood,zscore_2.5,robust,hamming,2473.2160098398763,51.79592417952255,2353.5012012525826,2589.5434946410123,0.12018859885716626,0.01108197272331192,0.07049432890196324,0.13514312210526525,0.0019515106130700854,0.02768907790330781,-0.04621980413631407,0.0988521567279985,0.005338520934850056,0.008028127926436686,0.0002509771782624403,0.02839297295404625,0.5954923717059638,0.027580248177058498,0.5631067961165048,0.7087378640776699,0.7683772538141471,1.1102230246251565e-16,0.768377253814147,0.768377253814147,0.43450980392156874,1.1102230246251565e-16,0.4345098039215686,0.4345098039215686,27.0,0.0,27,27,3.609625668449199,8.881784197001252e-16,3.609625668449198,3.609625668449198
blood,zscore_3.5,none,euclidean,285749785.3244604,1367992.076093352,285293787.96576256,289853761.5527404,0.6703727234017859,0.0030829489909577905,0.6693450737381332,0.6796215703746592,0.07178090730541475,0.005304617813158943,0.055867053865937925,0.0735491132431344,0.016307385259321423,0.0021857202774249384,0.009750224427046606,0.017035958685129735,0.6978171896316506,0.002046384720327443,0.6971350613915416,0.703956343792633,0.766712141882674,1.1102230246251565e-16,0.7667121418826739,0.7667121418826739,0.4339768339768339,5.551115123125783e-17,0.43397683397683395,0.43397683397683395,15.0,0.0,15,15,2.0053475935828873,4.440892098500626e-16,2.0053475935828877,2.0053475935828877
blood,zscore_3.5,none,manhattan,346710023.0,0.0,346710023.0,346710023.0,0.6143250429163515,2.220446049250313e-16,0.6143250429163517,0.6143250429163517,0.06180056934294677,0.0,0.06180056934294677,0.06180056934294677,0.022874682637782633,3.469446951953614e-18,0.02287468263778263,0.02287468263778263,0.6466575716234653,0.0,0.6466575716234653,0.6466575716234653,0.766712141882674,1.1102230246251565e-16,0.7667121418826739,0.7667121418826739,0.4339768339768339,5.551115123125783e-17,0.43397683397683395,0.43397683397683395,15.0,0.0,15,15,2.0053475935828873,4.440892098500626e-16,2.0053475935828877,2.0053475935828877
blood,zscore_3.5,none,cosine,753355984.6417978,2.384185791015625e-07,753355984.6417975,753355984.6417975,0.7329223500102503,3.3306690738754696e-16,0.73292235001025,0.73292235001025,-0.057588693350246134,1.3877787807814457e-17,-0.05758869335024612,-0.05758869335024612,0.06064898757636141,6.938893903907228e-18,0.06064898757636142,0.06064898757636142,0.5279672578444748,1.1102230246251565e-16,0.5279672578444747,0.5279672578444747,0.766712141882674,1.1102230246251565e-16,0.7667121418826739,0.7667121418826739,0.4339768339768339,5.551115123125783e-17,0.43397683397683395,0.43397683397683395,15.0,0.0,15,15,2.0053475935828873,4.440892098500626e-16,2.0053475935828877,2.0053475935828877
blood,zscore_3.5,none,minkowski,285749785.3244604,1367992.076093352,285293787.96576256,289853761.5527404,0.6706972358821633,0.003074726453301735,0.6696723270643965,0.679921415242069,0.07178090730541475,0.005304617813158943,0.055867053865937925,0.0735491132431344,0.016307385259321423,0.0021857202774249384,0.009750224427046606,0.017035958685129735,0.6978171896316506,0.002046384720327443,0.6971350613915416,0.703956343792633,0.766712141882674,1.1102230246251565e-16,0.7667121418826739,0.7667121418826739,0.4339768339768339,5.551115123125783e-17,0.43397683397683395,0.43397683397683395,15.0,0.0,15,15,2.0053475935828873,4.440892098500626e-16,2.0053475935828877,2.0053475935828877
blood,zscore_3.5,none,chebyshev,285749785.3244604,1367992.0760933517,285293787.96576256,289853761.5527404,0.6707963210961674,0.0030707046211801647,0.6697727528891075,0.6800084349597081,0.07178090730541477,0.005304617813158943,0.055867053865937925,0.0735491132431344,0.01630738525932142,0.002185720277424939,0.009750224427046606,0.017035958685129735,0.6978171896316506,0.002046384720327443,0.6971350613915416,0.703956343792633,0.766712141882674,1.1102230246251565e-16,0.7667121418826739,0.7667121418826739,0.4339768339768339,5.551115123125783e-17,0.43397683397683395,0.43397683397683395,15.0,0.0,15,15,2.0053475935828873,4.440892098500626e-16,2.0053475935828877,2.0053475935828877
blood,zscore_3.5,none,correlation,768882246.3860574,0.0,768882246.3860574,768882246.3860574,0.6185000146759342,1.1102230246251565e-16,0.6185000146759343,0.6185000146759343,-0.04136417585720529,0.0,-0.04136417585720529,-0.04136417585720529,0.06546383859338546,2.7755575615628914e-17,0.06546383859338549,0.06546383859338549,0.5020463847203276,1.1102230246251565e-16,0.5020463847203275,0.5020463847203275,0.766712141882674,1.1102230246251565e-16,0.7667121418826739,0.7667121418826739,0.4339768339768339,5.551115123125783e-17,0.43397683397683395,0.43397683397683395,15.0,0.0,15,15,2.0053475935828873,4.440892098500626e-16,2.0053475935828877,2.0053475935828877
blood,zscore_3.5,none,hamming,1340266730.99,55570465.813024506,1201505728.0,1407712971.0,0.10608553593998131,0.026055519648976837,0.07473770578605989,0.13603475814045413,0.016502096919376506,0.0641725378961434,-0.07019840131623746,0.10113390783354993,0.019579217858293953,0.008437436467927972,0.0003621626118579003,0.034047343938122934,0.634024556616644,0.06260930169548524,0.5661664392905866,0.7189631650750341,0.766712141882674,1.1102230246251565e-16,0.7667121418826739,0.7667121418826739,0.4339768339768339,5.551115123125783e-17,0.43397683397683395,0.43397683397683395,15.0,0.0,15,15,2.0053475935828873,4.440892098500626e-16,2.0053475935828877,2.0053475935828877
blood,zscore_3.5,minmax,euclidean,73.39698612846234,0.0,73.39698612846234,73.39698612846234,0.4081320541099491,0.0,0.4081320541099491,0.4081320541099491,0.01766996436144992,3.469446951953614e-18,0.017669964361449922,0.017669964361449922,0.002724660620419585,4.336808689942018e-19,0.0027246606204195845,0.0027246606204195845,0.6098226466575714,2.220446049250313e-16,0.6098226466575716,0.6098226466575716,0.766712141882674,1.1102230246251565e-16,0.7667121418826739,0.7667121418826739,0.4339768339768339,5.551115123125783e-17,0.43397683397683395,0.43397683397683395,15.0,0.0,15,15,2.0053475935828873,4.440892098500626e-16,2.0053475935828877,2.0053475935828877
blood,zscore_3.5,minmax,manhattan,84.78615433469186,0.3591527505851107,82.27208508059611,84.83746187048976,0.40398639731490105,0.0010313237975780164,0.4038390653438186,0.41120566389794727,0.04386534298737189,0.005109467140326115,0.008099073005089056,0.04459526686456131,0.022716458035230903,0.0029783269140707036,0.0018681696367359771,0.02314193330866957,0.6142974079126876,0.006875852660300137,0.5661664392905866,0.6152796725784447,0.766712141882674,1.1102230246251565e-16,0.7667121418826739,0.7667121418826739,0.4339768339768339,5.551115123125783e-17,0.43397683397683395,0.43397683397683395,15.0,0.0,15,15,2.0053475935828873,4.440892098500626e-16,2.0053475935828877,2.0053475935828877
blood,zscore_3.5,minmax,cosine,91.53416066303043,2.842170943040401e-14,91.53416066303046,91.53416066303046,0.7137910719850841,2.220446049250313e-16,0.7137910719850838,0.7137910719850838,0.027427891564283345,6.938893903907228e-18,0.027427891564283352,0.027427891564283352,0.04587315155582627,2.7755575615628914e-17,0.045873151555826296,0.045873151555826296,0.5852660300136424,1.1102230246251565e-16,0.5852660300136425,0.5852660300136425,0.766712141882674,1.1102230246251565e-16,0.7667121418826739,0.7667121418826739,0.4339768339768339,5.551115123125783e-17,0.43397683397683395,0.43397683397683395,15.0,0.0,15,15,2.0053475935828873,4.440892098500626e-16,2.0053475935828877,2.0053475935828877
blood,zscore_3.5,minmax,minkowski,73.4675363379096,0.0031410392930367767,73.45017415227385,73.46877700415975,0.3962927221627916,0.0005424734285232916,0.394705578775466,0.3965202381648614,0.010928992887163041,0.00011190842495817168,0.010110612981189463,0.01096821125787667,0.0010985004425213094,9.971337393504297e-06,0.0010145170323485773,0.001112495600320386,0.6066712141882673,0.0010153404958438965,0.6030013642564802,0.607094133697135,0.766712141882674,1.1102230246251565e-16,0.7667121418826739,0.7667121418826739,0.4339768339768339,5.551115123125783e-17,0.43397683397683395,0.43397683397683395,15.0,0.0,15,15,2.0053475935828873,4.440892098500626e-16,2.0053475935828877,2.0053475935828877
blood,zscore_3.5,minmax,chebyshev,76.04171252939554,0.0,76.04171252939554,76.04171252939554,0.3786465090947778,5.551115123125783e-17,0.37864650909477787,0.37864650909477787,-0.009015029827906888,3.469446951953614e-18,-0.009015029827906884,-0.009015029827906884,0.0005053501894839949,0.0,0.0005053501894839949,0.0005053501894839949,0.6002728512960436,1.1102230246251565e-16,0.6002728512960437,0.6002728512960437,0.766712141882674,1.1102230246251565e-16,0.7667121418826739,0.7667121418826739,0.4339768339768339,5.551115123125783e-17,0.43397683397683395,0.43397683397683395,15.0,0.0,15,15,2.0053475935828873,4.440892098500626e-16,2.0053475935828877,2.0053475935828877
blood,zscore_3.5,minmax,correlation,91.90125340505533,4.263256414560601e-14,91.90125340505529,91.90125340505529,0.7477548693630832,2.220446049250313e-16,0.7477548693630834,0.7477548693630834,0.08695783273609281,1.3877787807814457e-17,0.0869578327360928,0.0869578327360928,0.058102344372407806,6.938893903907228e-18,0.05810234437240781,0.05810234437240781,0.6534788540245566,0.0,0.6534788540245566,0.6534788540245566,0.766712141882674,1.1102230246251565e-16,0.7667121418826739,0.7667121418826739,0.4339768339768339,5.551115123125783e-17,0.43397683397683395,0.43397683397683395,15.0,0.0,15,15,2.0053475935828873,4.440892098500626e-16,2.0053475935828877,2.0053475935828877
blood,zscore_3.5,minmax,hamming,187.623161021603,6.893675336648483,169.02844524354717,205.4206618258027,0.12049073770854404,0.007727684606787637,0.07229434793939894,0.13671009597243625,-0.008821275551236652,0.02474487141441793,-0.053759323142234125,0.07276376376159231,0.006319259876260961,0.007506496467817543,0.0003621626118579003,0.024626232484483035,0.589481582537517,0.018440281957372132,0.5661664392905866,0.6916780354706685,0.766712141882674,1.1102230246251565e-16,0.7667121418826739,0.7667121418826739,0.4339768339768339,5.551115123125783e-17,0.43397683397683395,0.43397683397683395,15.0,0.0,15,15,2.0053475935828873,4.440892098500626e-16,2.0053475935828877,2.0053475935828877
blood,zscore_3.5,standard,euclidean,1665.3401997977833,4.547473508864641e-13,1665.3401997977828,1665.3401997977828,0.431398864351316,0.0,0.431398864351316,0.431398864351316,0.059225565045483784,1.3877787807814457e-17,0.05922556504548377,0.05922556504548377,0.01302977570340074,3.469446951953614e-18,0.013029775703400737,0.013029775703400737,0.6766712141882673,1.1102230246251565e-16,0.6766712141882674,0.6766712141882674,0.766712141882674,1.1102230246251565e-16,0.7667121418826739,0.7667121418826739,0.4339768339768339,5.551115123125783e-17,0.43397683397683395,0.43397683397683395,15.0,0.0,15,15,2.0053475935828873,4.440892098500626e-16,2.0053475935828877,2.0053475935828877
blood,zscore_3.5,standard,manhattan,1905.7186645199567,2.2737367544323206e-13,1905.7186645199565,1905.7186645199565,0.41357257978950207,1.6653345369377348e-16,0.41357257978950224,0.41357257978950224,0.045103440558742804,1.3877787807814457e-17,0.04510344055874282,0.04510344055874282,0.022673435666411133,3.469446951953614e-18,0.022673435666411137,0.022673435666411137,0.6166439290586628,2.220446049250313e-16,0.616643929058663,0.616643929058663,0.766712141882674,1.1102230246251565e-16,0.7667121418826739,0.7667121418826739,0.4339768339768339,5.551115123125783e-17,0.43397683397683395,0.43397683397683395,15.0,0.0,15,15,2.0053475935828873,4.440892098500626e-16,2.0053475935828877,2.0053475935828877
blood,zscore_3.5,standard,cosine,1738.2865830111423,4.547473508864641e-13,1738.2865830111418,1738.2865830111418,0.567713487349829,1.1102230246251565e-16,0.5677134873498288,0.5677134873498288,0.02593095704359074,0.0,0.02593095704359074,0.02593095704359074,0.011382963546065024,5.204170427930421e-18,0.01138296354606503,0.01138296354606503,0.5920873124147341,1.1102230246251565e-16,0.592087312414734,0.592087312414734,0.766712141882674,1.1102230246251565e-16,0.7667121418826739,0.7667121418826739,0.4339768339768339,5.551115123125783e-17,0.43397683397683395,0.43397683397683395,15.0,0.0,15,15,2.0053475935828873,4.440892098500626e-16,2.0053475935828877,2.0053475935828877
blood,zscore_3.5,standard,minkowski,1679.4985519383763,0.0,1679.4985519383763,1679.4985519383763,0.39911313676296073,1.6653345369377348e-16,0.39911313676296056,0.39911313676296056,0.04375396402950591,0.0,0.04375396402950591,0.04375396402950591,0.008557836186923521,1.734723475976807e-18,0.008557836186923523,0.008557836186923523,0.6575716234652117,2.220446049250313e-16,0.6575716234652115,0.6575716234652115,0.766712141882674,1.1102230246251565e-16,0.7667121418826739,0.7667121418826739,0.4339768339768339,5.551115123125783e-17,0.43397683397683395,0.43397683397683395,15.0,0.0,15,15,2.0053475935828873,4.440892098500626e-16,2.0053475935828877,2.0053475935828877
blood,zscore_3.5,standard,chebyshev,1731.4492797868234,1.189409340560701,1727.415796470476,1731.8000174665053,0.3390450163485877,8.51628429833528e-05,0.3387562150968806,0.33907012950091003,0.02065208438524779,0.000326551347710586,0.02055578964626486,0.02175947388355153,0.0028558650134227776,9.565700253771251e-05,0.002827657302274629,0.003180253691626486,0.624829467939973,2.220446049250313e-16,0.6248294679399727,0.6248294679399727,0.766712141882674,1.1102230246251565e-16,0.7667121418826739,0.7667121418826739,0.4339768339768339,5.551115123125783e-17,0.43397683397683395,0.43397683397683395,15.0,0.0,15,15,2.0053475935828873,4.440892098500626e-16,2.0053475935828877,2.0053475935828877
blood,zscore_3.5,standard,correlation,2183.299573510439,0.0,2183.299573510439,2183.299573510439,0.7037021382962139,2.220446049250313e-16,0.7037021382962141,0.7037021382962141,0.03776405743719202,0.0,0.03776405743719202,0.03776405743719202,0.05658942607251415,6.938893903907228e-18,0.05658942607251416,0.05658942607251416,0.5989085948158255,1.1102230246251565e-16,0.5989085948158254,0.5989085948158254,0.766712141882674,1.1102230246251565e-16,0.7667121418826739,0.7667121418826739,0.4339768339768339,5.551115123125783e-17,0.43397683397683395,0.43397683397683395,15.0,0.0,15,15,2.0053475935828873,4.440892098500626e-16,2.0053475935828877,2.0053475935828877
blood,zscore_3.5,standard,hamming,4367.950497356721,158.98196289736345,3937.604819152686,4709.146849186095,0.12039964467234031,0.007641153253587118,0.07229434793939894,0.13671009597243625,-0.008938785448158211,0.024854127364360653,-0.053759323142234125,0.07276376376159231,0.0064275762297003715,0.007548650974449806,0.0003621626118579003,0.024626232484483035,0.5890177353342427,0.018403182782147344,0.5661664392905866,0.6916780354706685,0.766712141882674,1.1102230246251565e-16,0.7667121418826739,0.7667121418826739,0.4339768339768339,5.551115123125783e-17,0.43397683397683395,0.43397683397683395,15.0,0.0,15,15,2.0053475935828873,4.440892098500626e-16,2.0053475935828877,2.0053475935828877
blood,zscore_3.5,robust,euclidean,934.6797869139187,3.410605131648481e-13,934.6797869139191,934.6797869139191,0.4777407170320822,2.220446049250313e-16,0.477740717032082,0.477740717032082,0.0634031567074398,1.3877787807814457e-17,0.06340315670743982,0.06340315670743982,0.014613579142169016,6.938893903907228e-18,0.014613579142169009,0.014613579142169009,0.6793997271487041,1.1102230246251565e-16,0.679399727148704,0.679399727148704,0.766712141882674,1.1102230246251565e-16,0.7667121418826739,0.7667121418826739,0.4339768339768339,5.551115123125783e-17,0.43397683397683395,0.43397683397683395,15.0,0.0,15,15,2.0053475935828873,4.440892098500626e-16,2.0053475935828877,2.0053475935828877
blood,zscore_3.5,robust,manhattan,1101.1984617122937,2.2737367544323206e-13,1101.1984617122935,1101.1984617122935,0.43782131150985604,5.551115123125783e-17,0.437821311509856,0.437821311509856,0.04456978255173857,6.938893903907228e-18,0.044569782551738574,0.044569782551738574,0.021781952581002274,3.469446951953614e-18,0.02178195258100227,0.02178195258100227,0.6166439290586628,2.220446049250313e-16,0.616643929058663,0.616643929058663,0.766712141882674,1.1102230246251565e-16,0.7667121418826739,0.7667121418826739,0.4339768339768339,5.551115123125783e-17,0.43397683397683395,0.43397683397683395,15.0,0.0,15,15,2.0053475935828873,4.440892098500626e-16,2.0053475935828877,2.0053475935828877
blood,zscore_3.5,robust,cosine,1079.3794877158364,2.2737367544323206e-13,1079.3794877158366,1079.3794877158366,0.6141168355711786,1.1102230246251565e-16,0.6141168355711785,0.6141168355711785,0.01728054851794075,6.938893903907228e-18,0.017280548517940742,0.017280548517940742,0.020626206249581034,3.469446951953614e-18,0.020626206249581037,0.020626206249581037,0.5675306957708051,1.1102230246251565e-16,0.567530695770805,0.567530695770805,0.766712141882674,1.1102230246251565e-16,0.7667121418826739,0.7667121418826739,0.4339768339768339,5.551115123125783e-17,0.43397683397683395,0.43397683397683395,15.0,0.0,15,15,2.0053475935828873,4.440892098500626e-16,2.0053475935828877,2.0053475935828877
blood,zscore_3.5,robust,minkowski,934.8509934965265,3.410605131648481e-13,934.8509934965268,934.8509934965268,0.456481091793707,1.6653345369377348e-16,0.45648109179370716,0.45648109179370716,0.05816417740311696,6.938893903907228e-18,0.05816417740311697,0.05816417740311697,0.01290507979055878,3.469446951953614e-18,0.012905079790558783,0.012905079790558783,0.6739427012278308,0.0,0.6739427012278308,0.6739427012278308,0.766712141882674,1.1102230246251565e-16,0.7667121418826739,0.7667121418826739,0.4339768339768339,5.551115123125783e-17,0.43397683397683395,0.43397683397683395,15.0,0.0,15,15,2.0053475935828873,4.440892098500626e-16,2.0053475935828877,2.0053475935828877
blood,zscore_3.5,robust,chebyshev,984.7543115927725,1.1368683772161603e-13,984.7543115927726,984.7543115927726,0.3961632678601516,5.551115123125783e-17,0.39616326786015155,0.39616326786015155,0.026928140302194786,6.938893903907228e-18,0.026928140302194793,0.026928140302194793,0.004343131669956176,0.0,0.004343131669956176,0.004343131669956176,0.6330150068212824,0.0,0.6330150068212824,0.6330150068212824,0.766712141882674,1.1102230246251565e-16,0.7667121418826739,0.7667121418826739,0.4339768339768339,5.551115123125783e-17,0.43397683397683395,0.43397683397683395,15.0,0.0,15,15,2.0053475935828873,4.440892098500626e-16,2.0053475935828877,2.0053475935828877
blood,zscore_3.5,robust,correlation,1273.343930695022,2.2737367544323206e-13,1273.3439306950222,1273.3439306950222,0.7355707755484788,2.220446049250313e-16,0.7355707755484786,0.7355707755484786,0.0659871674207363,1.3877787807814457e-17,0.06598716742073629,0.06598716742073629,0.060100848989078706,6.938893903907228e-18,0.06010084898907871,0.06010084898907871,0.6302864938608456,2.220446049250313e-16,0.6302864938608458,0.6302864938608458,0.766712141882674,1.1102230246251565e-16,0.7667121418826739,0.7667121418826739,0.4339768339768339,5.551115123125783e-17,0.43397683397683395,0.43397683397683395,15.0,0.0,15,15,2.0053475935828873,4.440892098500626e-16,2.0053475935828877,2.0053475935828877
blood,zscore_3.5,robust,hamming,2761.610117510331,101.52125197549577,2464.5067607179753,3013.4832434788223,0.12049073770854404,0.007727684606787637,0.07229434793939894,0.13671009597243625,-0.008821275551236652,0.02474487141441793,-0.053759323142234125,0.07276376376159231,0.006319259876260961,0.007506496467817543,0.0003621626118579003,0.024626232484483035,0.589481582537517,0.018440281957372132,0.5661664392905866,0.6916780354706685,0.766712141882674,1.1102230246251565e-16,0.7667121418826739,0.7667121418826739,0.4339768339768339,5.551115123125783e-17,0.43397683397683395,0.43397683397683395,15.0,0.0,15,15,2.0053475935828873,4.440892098500626e-16,2.0053475935828877,2.0053475935828877
blood,iqr,none,euclidean,141735031.55878663,0.0,141735031.55878663,141735031.55878663,0.6495838970726017,1.1102230246251565e-16,0.6495838970726016,0.6495838970726016,0.06627290471935944,1.3877787807814457e-17,0.06627290471935945,0.06627290471935945,0.020921057476602736,3.469446951953614e-18,0.02092105747660274,0.02092105747660274,0.6609195402298852,1.1102230246251565e-16,0.6609195402298851,0.6609195402298851,0.7729885057471263,1.1102230246251565e-16,0.7729885057471264,0.7729885057471264,0.43598055105348443,1.6653345369377348e-16,0.4359805510534846,0.4359805510534846,52.0,0.0,52,52,6.951871657754013,1.7763568394002505e-15,6.951871657754011,6.951871657754011
blood,iqr,none,manhattan,169190410.0,0.0,169190410.0,169190410.0,0.6197886207889878,1.1102230246251565e-16,0.6197886207889877,0.6197886207889877,0.056451025288762446,1.3877787807814457e-17,0.05645102528876246,0.05645102528876246,0.03003047563809577,0.0,0.03003047563809577,0.03003047563809577,0.6293103448275863,1.1102230246251565e-16,0.6293103448275862,0.6293103448275862,0.7729885057471263,1.1102230246251565e-16,0.7729885057471264,0.7729885057471264,0.43598055105348443,1.6653345369377348e-16,0.4359805510534846,0.4359805510534846,52.0,0.0,52,52,6.951871657754013,1.7763568394002505e-15,6.951871657754011,6.951871657754011
blood,iqr,none,cosine,408341231.7126689,0.0,408341231.7126689,408341231.7126689,0.724883475846785,2.220446049250313e-16,0.7248834758467853,0.7248834758467853,-0.05671722270771363,2.0816681711721685e-17,-0.05671722270771365,-0.05671722270771365,0.06202210167622102,0.0,0.06202210167622102,0.06202210167622102,0.5258620689655171,1.1102230246251565e-16,0.5258620689655172,0.5258620689655172,0.7729885057471263,1.1102230246251565e-16,0.7729885057471264,0.7729885057471264,0.43598055105348443,1.6653345369377348e-16,0.4359805510534846,0.4359805510534846,52.0,0.0,52,52,6.951871657754013,1.7763568394002505e-15,6.951871657754011,6.951871657754011
blood,iqr,none,minkowski,141735031.55878663,0.0,141735031.55878663,141735031.55878663,0.6500772146405075,1.1102230246251565e-16,0.6500772146405076,0.6500772146405076,0.06627290471935944,1.3877787807814457e-17,0.06627290471935945,0.06627290471935945,0.020921057476602736,3.469446951953614e-18,0.02092105747660274,0.02092105747660274,0.6609195402298852,1.1102230246251565e-16,0.6609195402298851,0.6609195402298851,0.7729885057471263,1.1102230246251565e-16,0.7729885057471264,0.7729885057471264,0.43598055105348443,1.6653345369377348e-16,0.4359805510534846,0.4359805510534846,52.0,0.0,52,52,6.951871657754013,1.7763568394002505e-15,6.951871657754011,6.951871657754011
blood,iqr,none,chebyshev,141735031.55878663,0.0,141735031.55878663,141735031.55878663,0.6502610472589347,1.1102230246251565e-16,0.6502610472589346,0.6502610472589346,0.06627290471935944,1.3877787807814457e-17,0.06627290471935945,0.06627290471935945,0.020921057476602736,3.469446951953614e-18,0.02092105747660274,0.02092105747660274,0.6609195402298852,1.1102230246251565e-16,0.6609195402298851,0.6609195402298851,0.7729885057471263,1.1102230246251565e-16,0.7729885057471264,0.7729885057471264,0.43598055105348443,1.6653345369377348e-16,0.4359805510534846,0.4359805510534846,52.0,0.0,52,52,6.951871657754013,1.7763568394002505e-15,6.951871657754011,6.951871657754011
blood,iqr,none,correlation,423170101.9759377,0.0,423170101.9759377,423170101.9759377,0.6070382167968525,0.0,0.6070382167968525,0.6070382167968525,-0.03955668522750777,0.0,-0.03955668522750777,-0.03955668522750777,0.06606843753246827,1.3877787807814457e-17,0.06606843753246826,0.06606843753246826,0.5043103448275863,1.1102230246251565e-16,0.5043103448275862,0.5043103448275862,0.7729885057471263,1.1102230246251565e-16,0.7729885057471264,0.7729885057471264,0.43598055105348443,1.6653345369377348e-16,0.4359805510534846,0.4359805510534846,52.0,0.0,52,52,6.951871657754013,1.7763568394002505e-15,6.951871657754011,6.951871657754011
blood,iqr,none,hamming,768749447.83,25423298.605977006,669481784.0,808676832.0,0.12147723677207493,0.027660646984419553,0.07706446958690083,0.14632704472858452,-0.009080378515144687,0.05692733002529731,-0.06935450746045264,0.10748719486058768,0.019904363555691106,0.0042415562617227785,0.0031705766365786817,0.03250684861509478,0.6113362068965518,0.058532759935485824,0.5603448275862069,0.7140804597701149,0.7729885057471263,1.1102230246251565e-16,0.7729885057471264,0.7729885057471264,0.43598055105348443,1.6653345369377348e-16,0.4359805510534846,0.4359805510534846,52.0,0.0,52,52,6.951871657754013,1.7763568394002505e-15,6.951871657754011,6.951871657754011
blood,iqr,minmax,euclidean,103.58995937323606,0.0011570369155693564,103.58893542425244,103.59343287049502,0.40207243584522634,0.0011380573442088392,0.39874779958764794,0.40251247624596737,0.049479743651014,0.001260615191564836,0.04798241236624457,0.05602426121744767,0.013917407203428923,0.001054625564626681,0.013174629040304382,0.017617852898507726,0.6447701149425287,0.000933797517774224,0.6422413793103449,0.6479885057471264,0.7729885057471263,1.1102230246251565e-16,0.7729885057471264,0.7729885057471264,0.43598055105348443,1.6653345369377348e-16,0.4359805510534846,0.4359805510534846,52.0,0.0,52,52,6.951871657754013,1.7763568394002505e-15,6.951871657754011,6.951871657754011
blood,iqr,minmax,manhattan,113.91158738597142,2.842170943040401e-14,113.91158738597139,113.91158738597139,0.4294868797013234,1.1102230246251565e-16,0.4294868797013235,0.4294868797013235,0.06119495151803353,1.3877787807814457e-17,0.061194951518033516,0.061194951518033516,0.035872582162004174,6.938893903907228e-18,0.03587258216200417,0.03587258216200417,0.632183908045977,0.0,0.632183908045977,0.632183908045977,0.7729885057471263,1.1102230246251565e-16,0.7729885057471264,0.7729885057471264,0.43598055105348443,1.6653345369377348e-16,0.4359805510534846,0.4359805510534846,52.0,0.0,52,52,6.951871657754013,1.7763568394002505e-15,6.951871657754011,6.951871657754011
blood,iqr,minmax,cosine,122.10014528269973,5.684341886080802e-14,122.10014528269967,122.10014528269967,0.7368442720545153,1.1102230246251565e-16,0.7368442720545154,0.7368442720545154,0.02962899895041928,3.469446951953614e-18,0.029628998950419278,0.029628998950419278,0.04138877054856683,0.0,0.04138877054856683,0.04138877054856683,0.5876436781609196,0.0,0.5876436781609196,0.5876436781609196,0.7729885057471263,1.1102230246251565e-16,0.7729885057471264,0.7729885057471264,0.43598055105348443,1.6653345369377348e-16,0.4359805510534846,0.4359805510534846,52.0,0.0,52,52,6.951871657754013,1.7763568394002505e-15,6.951871657754011,6.951871657754011
blood,iqr,minmax,minkowski,104.47638140745907,1.4210854715202004e-14,104.47638140745909,104.47638140745909,0.3682392038083432,5.551115123125783e-17,0.36823920380834313,0.36823920380834313,0.04233528513578562,6.938893903907228e-18,0.042335285135785626,0.042335285135785626,0.013600421485959063,1.734723475976807e-18,0.013600421485959064,0.013600421485959064,0.627873563218391,2.220446049250313e-16,0.6278735632183908,0.6278735632183908,0.7729885057471263,1.1102230246251565e-16,0.7729885057471264,0.7729885057471264,0.43598055105348443,1.6653345369377348e-16,0.4359805510534846,0.4359805510534846,52.0,0.0,52,52,6.951871657754013,1.7763568394002505e-15,6.951871657754011,6.951871657754011
blood,iqr,minmax,chebyshev,108.50067386549695,0.06868584225138419,108.49086160231816,108.98147476125662,0.3044519745019197,0.00028077953255527754,0.3044118631401262,0.30641743122980675,0.02483839742382954,0.0004688658707332964,0.024771416585153347,0.028120458518962606,0.006149216008285685,0.00014094168681556542,0.006129081481597748,0.007135807815994644,0.6078735632183908,0.0008045977011494319,0.6077586206896551,0.6135057471264368,0.7729885057471263,1.1102230246251565e-16,0.7729885057471264,0.7729885057471264,0.43598055105348443,1.6653345369377348e-16,0.4359805510534846,0.4359805510534846,52.0,0.0,52,52,6.951871657754013,1.7763568394002505e-15,6.951871657754011,6.951871657754011
blood,iqr,minmax,correlation,122.41111122699631,2.842170943040401e-14,122.41111122699628,122.41111122699628,0.7635879830860612,2.220446049250313e-16,0.7635879830860615,0.7635879830860615,0.10496046130071536,0.0,0.10496046130071536,0.10496046130071536,0.06448529670564732,2.7755575615628914e-17,0.06448529670564734,0.06448529670564734,0.6709770114942534,4.440892098500626e-16,0.6709770114942529,0.6709770114942529,0.7729885057471263,1.1102230246251565e-16,0.7729885057471264,0.7729885057471264,0.43598055105348443,1.6653345369377348e-16,0.4359805510534846,0.4359805510534846,52.0,0.0,52,52,6.951871657754013,1.7763568394002505e-15,6.951871657754011,6.951871657754011
blood,iqr,minmax,hamming,287.6904291802782,6.1027964285590475,273.7724070050543,315.2232206145217,0.12882573077642426,0.0071317486956725224,0.07929012838569133,0.14208386004762333,-0.010777780032358346,0.025943574973501894,-0.04433958132303622,0.0722026759438846,0.008027528050243225,0.008016712472021728,5.089010802994183e-07,0.020464409898022045,0.5829454022988505,0.017891081290253075,0.5603448275862069,0.6910919540229885,0.7729885057471263,1.1102230246251565e-16,0.7729885057471264,0.7729885057471264,0.43598055105348443,1.6653345369377348e-16,0.4359805510534846,0.4359805510534846,52.0,0.0,52,52,6.951871657754013,1.7763568394002505e-15,6.951871657754011,6.951871657754011
blood,iqr,standard,euclidean,1551.5630130472243,4.547473508864641e-13,1551.5630130472248,1551.5630130472248,0.4018784770045747,5.551115123125783e-17,0.40187847700457474,0.40187847700457474,0.027263959380579465,3.469446951953614e-18,0.027263959380579468,0.027263959380579468,0.006876022435846134,1.734723475976807e-18,0.0068760224358461325,0.0068760224358461325,0.6120689655172411,2.220446049250313e-16,0.6120689655172413,0.6120689655172413,0.7729885057471263,1.1102230246251565e-16,0.7729885057471264,0.7729885057471264,0.43598055105348443,1.6653345369377348e-16,0.4359805510534846,0.4359805510534846,52.0,0.0,52,52,6.951871657754013,1.7763568394002505e-15,6.951871657754011,6.951871657754011
blood,iqr,standard,manhattan,1714.280798488101,2.2737367544323206e-13,1714.2807984881013,1714.2807984881013,0.4296669965763594,5.551115123125783e-17,0.42966699657635943,0.42966699657635943,0.05869257389797286,0.0,0.05869257389797286,0.05869257389797286,0.03473761435057533,6.938893903907228e-18,0.034737614350575326,0.034737614350575326,0.6293103448275863,1.1102230246251565e-16,0.6293103448275862,0.6293103448275862,0.7729885057471263,1.1102230246251565e-16,0.7729885057471264,0.7729885057471264,0.43598055105348443,1.6653345369377348e-16,0.4359805510534846,0.4359805510534846,52.0,0.0,52,52,6.951871657754013,1.7763568394002505e-15,6.951871657754011,6.951871657754011
blood,iqr,standard,cosine,1573.1967277651884,4.547473508864641e-13,1573.196727765188,1573.196727765188,0.5922159802436235,2.220446049250313e-16,0.5922159802436238,0.5922159802436238,0.02245942544629418,0.0,0.02245942544629418,0.02245942544629418,0.010837967514057826,5.204170427930421e-18,0.010837967514057831,0.010837967514057831,0.5847701149425288,1.1102230246251565e-16,0.5847701149425287,0.5847701149425287,0.7729885057471263,1.1102230246251565e-16,0.7729885057471264,0.7729885057471264,0.43598055105348443,1.6653345369377348e-16,0.4359805510534846,0.4359805510534846,52.0,0.0,52,52,6.951871657754013,1.7763568394002505e-15,6.951871657754011,6.951871657754011
blood,iqr,standard,minkowski,1553.8234421949244,2.2737367544323206e-13,1553.8234421949242,1553.8234421949242,0.37805699593651015,5.551115123125783e-17,0.3780569959365101,0.3780569959365101,0.023966118067576255,0.0,0.023966118067576255,0.023966118067576255,0.005890760520289704,8.673617379884035e-19,0.005890760520289705,0.005890760520289705,0.6063218390804597,1.1102230246251565e-16,0.6063218390804598,0.6063218390804598,0.7729885057471263,1.1102230246251565e-16,0.7729885057471264,0.7729885057471264,0.43598055105348443,1.6653345369377348e-16,0.4359805510534846,0.4359805510534846,52.0,0.0,52,52,6.951871657754013,1.7763568394002505e-15,6.951871657754011,6.951871657754011
blood,iqr,standard,chebyshev,1596.6939738767728,4.547473508864641e-13,1596.6939738767733,1596.6939738767733,0.33495849023399704,1.6653345369377348e-16,0.3349584902339972,0.3349584902339972,0.02226088133852998,3.469446951953614e-18,0.022260881338529985,0.022260881338529985,0.0038634887365612512,0.0,0.0038634887365612512,0.0038634887365612512,0.617816091954023,0.0,0.617816091954023,0.617816091954023,0.7729885057471263,1.1102230246251565e-16,0.7729885057471264,0.7729885057471264,0.43598055105348443,1.6653345369377348e-16,0.4359805510534846,0.4359805510534846,52.0,0.0,52,52,6.951871657754013,1.7763568394002505e-15,6.951871657754011,6.951871657754011
blood,iqr,standard,correlation,1925.3143541855607,4.547473508864641e-13,1925.3143541855602,1925.3143541855602,0.7133615535675775,1.1102230246251565e-16,0.7133615535675774,0.7133615535675774,0.04990110416652027,6.938893903907228e-18,0.04990110416652028,0.04990110416652028,0.0474670271647264,6.938893903907228e-18,0.047467027164726394,0.047467027164726394,0.613505747126437,2.220446049250313e-16,0.6135057471264368,0.6135057471264368,0.7729885057471263,1.1102230246251565e-16,0.7729885057471264,0.7729885057471264,0.43598055105348443,1.6653345369377348e-16,0.4359805510534846,0.4359805510534846,52.0,0.0,52,52,6.951871657754013,1.7763568394002505e-15,6.951871657754011,6.951871657754011
blood,iqr,standard,hamming,4311.412585659584,104.4526481196669,4080.325974673824,4726.168628828237,0.12885909383956767,0.007257519670923086,0.07929012838569133,0.14632704472858452,-0.010448988226932823,0.025911801936256956,-0.05153159219675602,0.0722026759438846,0.007876827842537019,0.008044193046580208,5.089010802994183e-07,0.02334424195196218,0.5834051724137931,0.017699114256418378,0.5603448275862069,0.6910919540229885,0.7729885057471263,1.1102230246251565e-16,0.7729885057471264,0.7729885057471264,0.43598055105348443,1.6653345369377348e-16,0.4359805510534846,0.4359805510534846,52.0,0.0,52,52,6.951871657754013,1.7763568394002505e-15,6.951871657754011,6.951871657754011
blood,iqr,robust,euclidean,806.6222705129355,1.1368683772161603e-13,806.6222705129356,806.6222705129356,0.4466189255874394,1.1102230246251565e-16,0.4466189255874395,0.4466189255874395,0.04685713023547683,0.0,0.04685713023547683,0.04685713023547683,0.012798511654423363,1.734723475976807e-18,0.012798511654423365,0.012798511654423365,0.6422413793103449,0.0,0.6422413793103449,0.6422413793103449,0.7729885057471263,1.1102230246251565e-16,0.7729885057471264,0.7729885057471264,0.43598055105348443,1.6653345369377348e-16,0.4359805510534846,0.4359805510534846,52.0,0.0,52,52,6.951871657754013,1.7763568394002505e-15,6.951871657754011,6.951871657754011
blood,iqr,robust,manhattan,902.3894789514463,0.0,902.3894789514463,902.3894789514463,0.45998280127518426,1.6653345369377348e-16,0.4599828012751844,0.4599828012751844,0.05883778999466536,2.0816681711721685e-17,0.05883778999466534,0.05883778999466534,0.03288337291954545,6.938893903907228e-18,0.03288337291954544,0.03288337291954544,0.6307471264367814,2.220446049250313e-16,0.6307471264367817,0.6307471264367817,0.7729885057471263,1.1102230246251565e-16,0.7729885057471264,0.7729885057471264,0.43598055105348443,1.6653345369377348e-16,0.4359805510534846,0.4359805510534846,52.0,0.0,52,52,6.951871657754013,1.7763568394002505e-15,6.951871657754011,6.951871657754011
blood,iqr,robust,cosine,944.0939997648871,1.1368683772161603e-13,944.0939997648873,944.0939997648873,0.6117030868907749,2.220446049250313e-16,0.6117030868907747,0.6117030868907747,-0.004112327349925065,8.673617379884035e-19,-0.0041123273499250644,-0.0041123273499250644,0.017043885021866847,3.469446951953614e-18,0.017043885021866843,0.017043885021866843,0.5229885057471266,2.220446049250313e-16,0.5229885057471264,0.5229885057471264,0.7729885057471263,1.1102230246251565e-16,0.7729885057471264,0.7729885057471264,0.43598055105348443,1.6653345369377348e-16,0.4359805510534846,0.4359805510534846,52.0,0.0,52,52,6.951871657754013,1.7763568394002505e-15,6.951871657754011,6.951871657754011
blood,iqr,robust,minkowski,810.8809717259621,0.029999372753729714,810.7340054142619,810.8870953222831,0.4266045169832675,6.57977866188867e-05,0.42628217497642606,0.4266179479002194,0.03622069462754211,0.00041589693518881134,0.03613580002114212,0.03825816518114202,0.00877501834949396,0.0001857230943080006,0.008737107781618509,0.00968487197850476,0.6308045977011493,0.0002815505451474833,0.6307471264367817,0.632183908045977,0.7729885057471263,1.1102230246251565e-16,0.7729885057471264,0.7729885057471264,0.43598055105348443,1.6653345369377348e-16,0.4359805510534846,0.4359805510534846,52.0,0.0,52,52,6.951871657754013,1.7763568394002505e-15,6.951871657754011,6.951871657754011
blood,iqr,robust,chebyshev,839.3319864359818,1.1368683772161603e-13,839.3319864359819,839.3319864359819,0.38064334072511663,1.6653345369377348e-16,0.3806433407251168,0.3806433407251168,0.023536598004725448,0.0,0.023536598004725448,0.023536598004725448,0.0050852059727072305,8.673617379884035e-19,0.005085205972707231,0.005085205972707231,0.610632183908046,0.0,0.610632183908046,0.610632183908046,0.7729885057471263,1.1102230246251565e-16,0.7729885057471264,0.7729885057471264,0.43598055105348443,1.6653345369377348e-16,0.4359805510534846,0.4359805510534846,52.0,0.0,52,52,6.951871657754013,1.7763568394002505e-15,6.951871657754011,6.951871657754011
blood,iqr,robust,correlation,1190.7582954112622,4.547473508864641e-13,1190.7582954112627,1190.7582954112627,0.7295421645765988,1.1102230246251565e-16,0.7295421645765987,0.7295421645765987,0.005207468663594244,1.734723475976807e-18,0.005207468663594245,0.005207468663594245,0.0468805285981931,1.3877787807814457e-17,0.04688052859819308,0.04688052859819308,0.5560344827586207,0.0,0.5560344827586207,0.5560344827586207,0.7729885057471263,1.1102230246251565e-16,0.7729885057471264,0.7729885057471264,0.43598055105348443,1.6653345369377348e-16,0.4359805510534846,0.4359805510534846,52.0,0.0,52,52,6.951871657754013,1.7763568394002505e-15,6.951871657754011,6.951871657754011
blood,iqr,robust,hamming,2532.9140125419676,48.23192910814636,2411.7763671875,2690.131028861054,0.12885909383956767,0.007257519670923086,0.07929012838569133,0.14632704472858452,-0.010448988226932823,0.025911801936256956,-0.05153159219675602,0.0722026759438846,0.007876827842537019,0.008044193046580208,5.089010802994183e-07,0.02334424195196218,0.5834051724137931,0.017699114256418378,0.5603448275862069,0.6910919540229885,0.7729885057471263,1.1102230246251565e-16,0.7729885057471264,0.7729885057471264,0.43598055105348443,1.6653345369377348e-16,0.4359805510534846,0.4359805510534846,52.0,0.0,52,52,6.951871657754013,1.7763568394002505e-15,6.951871657754011,6.951871657754011
blood,iqr_1.2,none,euclidean,114993735.327997,2.9802322387695312e-08,114993735.32799703,114993735.32799703,0.651529891434971,1.1102230246251565e-16,0.6515298914349709,0.6515298914349709,0.07460308337563216,0.0,0.07460308337563216,0.07460308337563216,0.023015312338023536,3.469446951953614e-18,0.02301531233802354,0.02301531233802354,0.6725663716814158,2.220446049250313e-16,0.672566371681416,0.672566371681416,0.7728613569321535,1.1102230246251565e-16,0.7728613569321534,0.7728613569321534,0.4359400998336105,1.6653345369377348e-16,0.43594009983361065,0.43594009983361065,70.0,0.0,70,70,9.358288770053477,1.7763568394002505e-15,9.358288770053475,9.358288770053475
blood,iqr_1.2,none,manhattan,125161622.0,0.0,125161622.0,125161622.0,0.6336196937399948,0.0,0.6336196937399948,0.6336196937399948,0.064690562352447,1.3877787807814457e-17,0.06469056235244701,0.06469056235244701,0.032166250054248224,6.938893903907228e-18,0.03216625005424823,0.03216625005424823,0.6401179941002951,1.1102230246251565e-16,0.640117994100295,0.640117994100295,0.7728613569321535,1.1102230246251565e-16,0.7728613569321534,0.7728613569321534,0.4359400998336105,1.6653345369377348e-16,0.43594009983361065,0.43594009983361065,70.0,0.0,70,70,9.358288770053477,1.7763568394002505e-15,9.358288770053475,9.358288770053475
blood,iqr_1.2,none,cosine,336563437.5926212,5.960464477539063e-08,336563437.59262115,336563437.59262115,0.7210864366765252,1.1102230246251565e-16,0.721086436676525,0.721086436676525,-0.05428707019072765,2.7755575615628914e-17,-0.054287070190727676,-0.054287070190727676,0.06321132420132267,1.3877787807814457e-17,0.06321132420132265,0.06321132420132265,0.5206489675516224,0.0,0.5206489675516224,0.5206489675516224,0.7728613569321535,1.1102230246251565e-16,0.7728613569321534,0.7728613569321534,0.4359400998336105,1.6653345369377348e-16,0.43594009983361065,0.43594009983361065,70.0,0.0,70,70,9.358288770053477,1.7763568394002505e-15,9.358288770053475,9.358288770053475
blood,iqr_1.2,none,minkowski,114993735.327997,2.9802322387695312e-08,114993735.32799703,114993735.32799703,0.6520527282138302,1.1102230246251565e-16,0.6520527282138303,0.6520527282138303,0.07460308337563216,0.0,0.07460308337563216,0.07460308337563216,0.023015312338023536,3.469446951953614e-18,0.02301531233802354,0.02301531233802354,0.6725663716814158,2.220446049250313e-16,0.672566371681416,0.672566371681416,0.7728613569321535,1.1102230246251565e-16,0.7728613569321534,0.7728613569321534,0.4359400998336105,1.6653345369377348e-16,0.43594009983361065,0.43594009983361065,70.0,0.0,70,70,9.358288770053477,1.7763568394002505e-15,9.358288770053475,9.358288770053475
blood,iqr_1.2,none,chebyshev,114993735.327997,2.9802322387695312e-08,114993735.32799703,114993735.32799703,0.6522502986868649,1.1102230246251565e-16,0.6522502986868648,0.6522502986868648,0.07460308337563216,0.0,0.07460308337563216,0.07460308337563216,0.023015312338023536,3.469446951953614e-18,0.02301531233802354,0.02301531233802354,0.6725663716814158,2.220446049250313e-16,0.672566371681416,0.672566371681416,0.7728613569321535,1.1102230246251565e-16,0.7728613569321534,0.7728613569321534,0.4359400998336105,1.6653345369377348e-16,0.43594009983361065,0.43594009983361065,70.0,0.0,70,70,9.358288770053477,1.7763568394002505e-15,9.358288770053475,9.358288770053475
blood,iqr_1.2,none,correlation,350183659.22219473,5.960464477539063e-08,350183659.2221948,350183659.2221948,0.6023954090349636,0.0,0.6023954090349636,0.6023954090349636,-0.036789773263502794,6.938893903907228e-18,-0.03678977326350279,-0.03678977326350279,0.06686365058975474,2.7755575615628914e-17,0.06686365058975471,0.06686365058975471,0.5088495575221241,2.220446049250313e-16,0.5088495575221239,0.5088495575221239,0.7728613569321535,1.1102230246251565e-16,0.7728613569321534,0.7728613569321534,0.4359400998336105,1.6653345369377348e-16,0.43594009983361065,0.43594009983361065,70.0,0.0,70,70,9.358288770053477,1.7763568394002505e-15,9.358288770053475,9.358288770053475
blood,iqr_1.2,none,hamming,628541849.38,27227344.576551892,539629534.0,664088374.0,0.1277877491683619,0.029138710180586398,0.08019162702206965,0.15172903146854125,-0.009510645316798587,0.05478558757162956,-0.050533833249105736,0.09721931830951475,0.01953745858967316,0.005554302055120028,0.0032803430523779503,0.030017503138145545,0.606165191740413,0.055800957292703804,0.5530973451327433,0.7138643067846607,0.7728613569321535,1.1102230246251565e-16,0.7728613569321534,0.7728613569321534,0.4359400998336105,1.6653345369377348e-16,0.43594009983361065,0.43594009983361065,70.0,0.0,70,70,9.358288770053477,1.7763568394002505e-15,9.358288770053475,9.358288770053475
blood,iqr_1.2,minmax,euclidean,102.94752103446186,0.00020065875890581635,102.94735372084457,102.9481480077965,0.3933251582392019,0.00010146773129951962,0.39307818037810804,0.3934452597138504,0.035877169954444,0.0008505681871089326,0.03486345147784595,0.036598151520645536,0.013365664159179266,0.0005560899274525688,0.012700002483217463,0.013834442240705049,0.6129498525073745,0.000727962399955916,0.612094395280236,0.6135693215339233,0.7728613569321535,1.1102230246251565e-16,0.7728613569321534,0.7728613569321534,0.4359400998336105,1.6653345369377348e-16,0.43594009983361065,0.43594009983361065,70.0,0.0,70,70,9.358288770053477,1.7763568394002505e-15,9.358288770053475,9.358288770053475
blood,iqr_1.2,minmax,manhattan,111.38545470429445,1.4210854715202004e-14,111.38545470429446,111.38545470429446,0.435051476034093,1.1102230246251565e-16,0.4350514760340931,0.4350514760340931,0.06338142845171006,1.3877787807814457e-17,0.06338142845171008,0.06338142845171008,0.03529941191561687,6.938893903907228e-18,0.03529941191561688,0.03529941191561688,0.6356932153392331,0.0,0.6356932153392331,0.6356932153392331,0.7728613569321535,1.1102230246251565e-16,0.7728613569321534,0.7728613569321534,0.4359400998336105,1.6653345369377348e-16,0.43594009983361065,0.43594009983361065,70.0,0.0,70,70,9.358288770053477,1.7763568394002505e-15,9.358288770053475,9.358288770053475
blood,iqr_1.2,minmax,cosine,120.87751125702313,5.684341886080802e-14,120.87751125702307,120.87751125702307,0.7280809088945271,0.0,0.7280809088945271,0.7280809088945271,0.03131149811862886,0.0,0.03131149811862886,0.03131149811862886,0.042094456417725794,1.3877787807814457e-17,0.04209445641772581,0.04209445641772581,0.5899705014749262,0.0,0.5899705014749262,0.5899705014749262,0.7728613569321535,1.1102230246251565e-16,0.7728613569321534,0.7728613569321534,0.4359400998336105,1.6653345369377348e-16,0.43594009983361065,0.43594009983361065,70.0,0.0,70,70,9.358288770053477,1.7763568394002505e-15,9.358288770053475,9.358288770053475
blood,iqr_1.2,minmax,minkowski,103.15011173483923,1.4210854715202004e-14,103.15011173483921,103.15011173483921,0.3667502278942019,0.0,0.3667502278942019,0.3667502278942019,0.03391103538425273,6.938893903907228e-18,0.03391103538425274,0.03391103538425274,0.012349743660100726,1.734723475976807e-18,0.012349743660100724,0.012349743660100724,0.6106194690265486,0.0,0.6106194690265486,0.6106194690265486,0.7728613569321535,1.1102230246251565e-16,0.7728613569321534,0.7728613569321534,0.4359400998336105,1.6653345369377348e-16,0.43594009983361065,0.43594009983361065,70.0,0.0,70,70,9.358288770053477,1.7763568394002505e-15,9.358288770053475,9.358288770053475
blood,iqr_1.2,minmax,chebyshev,108.61612370397437,0.05531670196562575,108.56807816395403,108.67981197795481,0.3079173844796294,9.733354960429786e-05,0.3078053205720859,0.3080019239186535,0.021457159959513347,0.0008204903261974901,0.020512497482606373,0.02216980007367124,0.005254214990410189,0.00035695345819337,0.004843240567932603,0.005564248326665209,0.6011356932153392,0.0007302002238635519,0.6002949852507374,0.6017699115044248,0.7728613569321535,1.1102230246251565e-16,0.7728613569321534,0.7728613569321534,0.4359400998336105,1.6653345369377348e-16,0.43594009983361065,0.43594009983361065,70.0,0.0,70,70,9.358288770053477,1.7763568394002505e-15,9.358288770053475,9.358288770053475
blood,iqr_1.2,minmax,correlation,125.24763035445685,2.842170943040401e-14,125.24763035445687,125.24763035445687,0.7742463274470743,0.0,0.7742463274470743,0.7742463274470743,0.09373127536329241,4.163336342344337e-17,0.09373127536329237,0.09373127536329237,0.06425108568450241,2.7755575615628914e-17,0.06425108568450238,0.06425108568450238,0.6592920353982298,3.3306690738754696e-16,0.6592920353982301,0.6592920353982301,0.7728613569321535,1.1102230246251565e-16,0.7728613569321534,0.7728613569321534,0.4359400998336105,1.6653345369377348e-16,0.43594009983361065,0.43594009983361065,70.0,0.0,70,70,9.358288770053477,1.7763568394002505e-15,9.358288770053475,9.358288770053475
blood,iqr_1.2,minmax,hamming,283.8667094798856,5.052806393089257,268.75175759736265,293.9824908670605,0.13511256720139792,0.006583349893893437,0.12882767398339087,0.14713899536259084,-0.014716065680578656,0.02324086342480951,-0.043207711769733044,0.014392025911488183,0.008540703140914518,0.008923956101170619,7.212724198804397e-06,0.02029394905419392,0.5774926253687317,0.015223096774411676,0.5530973451327433,0.6076696165191741,0.7728613569321535,1.1102230246251565e-16,0.7728613569321534,0.7728613569321534,0.4359400998336105,1.6653345369377348e-16,0.43594009983361065,0.43594009983361065,70.0,0.0,70,70,9.358288770053477,1.7763568394002505e-15,9.358288770053475,9.358288770053475
blood,iqr_1.2,standard,euclidean,1507.9888395187677,2.2737367544323206e-13,1507.9888395187675,1507.9888395187675,0.4002674283476486,1.6653345369377348e-16,0.4002674283476488,0.4002674283476488,0.039826940907443605,6.938893903907228e-18,0.03982694090744361,0.03982694090744361,0.014537659053471598,3.469446951953614e-18,0.014537659053471602,0.014537659053471602,0.6194690265486724,1.1102230246251565e-16,0.6194690265486725,0.6194690265486725,0.7728613569321535,1.1102230246251565e-16,0.7728613569321534,0.7728613569321534,0.4359400998336105,1.6653345369377348e-16,0.43594009983361065,0.43594009983361065,70.0,0.0,70,70,9.358288770053477,1.7763568394002505e-15,9.358288770053475,9.358288770053475
blood,iqr_1.2,standard,manhattan,1642.724055521232,4.547473508864641e-13,1642.7240555212325,1642.7240555212325,0.43599549605402027,1.1102230246251565e-16,0.4359954960540204,0.4359954960540204,0.06338142845171006,1.3877787807814457e-17,0.06338142845171008,0.06338142845171008,0.03529941191561687,6.938893903907228e-18,0.03529941191561688,0.03529941191561688,0.6356932153392331,0.0,0.6356932153392331,0.6356932153392331,0.7728613569321535,1.1102230246251565e-16,0.7728613569321534,0.7728613569321534,0.4359400998336105,1.6653345369377348e-16,0.43594009983361065,0.43594009983361065,70.0,0.0,70,70,9.358288770053477,1.7763568394002505e-15,9.358288770053475,9.358288770053475
blood,iqr_1.2,standard,cosine,1528.6322305926283,0.0,1528.6322305926283,1528.6322305926283,0.5932353979067935,2.220446049250313e-16,0.5932353979067932,0.5932353979067932,0.024623403382900713,1.0408340855860843e-17,0.024623403382900703,0.024623403382900703,0.014180710682327877,3.469446951953614e-18,0.014180710682327874,0.014180710682327874,0.5855457227138645,2.220446049250313e-16,0.5855457227138643,0.5855457227138643,0.7728613569321535,1.1102230246251565e-16,0.7728613569321534,0.7728613569321534,0.4359400998336105,1.6653345369377348e-16,0.43594009983361065,0.43594009983361065,70.0,0.0,70,70,9.358288770053477,1.7763568394002505e-15,9.358288770053475,9.358288770053475
blood,iqr_1.2,standard,minkowski,1514.7403833814255,0.028378617451563126,1514.7325976614534,1514.8438222324758,0.3753686562818351,8.484618421665125e-05,0.3750593955566995,0.37539193397082377,0.030329677037517416,0.00022693153647002174,0.029502521259413748,0.03039193607457898,0.010603242009992552,8.113953964014333e-05,0.010307491846352861,0.010625502774997693,0.6060914454277287,0.00037632303310247,0.6047197640117994,0.6061946902654868,0.7728613569321535,1.1102230246251565e-16,0.7728613569321534,0.7728613569321534,0.4359400998336105,1.6653345369377348e-16,0.43594009983361065,0.43594009983361065,70.0,0.0,70,70,9.358288770053477,1.7763568394002505e-15,9.358288770053475,9.358288770053475
blood,iqr_1.2,standard,chebyshev,1578.0189553022376,6.821210263296962e-13,1578.018955302237,1578.018955302237,0.32405877983163917,5.551115123125783e-17,0.3240587798316391,0.3240587798316391,0.01741202059690552,3.469446951953614e-18,0.017412020596905515,0.017412020596905515,0.00377808228404696,8.673617379884035e-19,0.003778082284046959,0.003778082284046959,0.5958702064896757,2.220446049250313e-16,0.5958702064896755,0.5958702064896755,0.7728613569321535,1.1102230246251565e-16,0.7728613569321534,0.7728613569321534,0.4359400998336105,1.6653345369377348e-16,0.43594009983361065,0.43594009983361065,70.0,0.0,70,70,9.358288770053477,1.7763568394002505e-15,9.358288770053475,9.358288770053475
blood,iqr_1.2,standard,correlation,1901.325747269944,6.821210263296962e-13,1901.3257472699447,1901.3257472699447,0.7041877100918534,0.0,0.7041877100918534,0.7041877100918534,0.04911719692354702,2.0816681711721685e-17,0.04911719692354704,0.04911719692354704,0.05309882308497483,0.0,0.05309882308497483,0.05309882308497483,0.6120943952802361,1.1102230246251565e-16,0.612094395280236,0.612094395280236,0.7728613569321535,1.1102230246251565e-16,0.7728613569321534,0.7728613569321534,0.4359400998336105,1.6653345369377348e-16,0.43594009983361065,0.43594009983361065,70.0,0.0,70,70,9.358288770053477,1.7763568394002505e-15,9.358288770053475,9.358288770053475
blood,iqr_1.2,standard,hamming,4192.211806152691,87.73345504305934,3956.4314439626896,4321.64149239011,0.13500876159118477,0.00651232440591387,0.12882767398339087,0.14713899536259084,-0.014277176033162413,0.023112726880578156,-0.043207711769733044,0.014392025911488183,0.008338256765651432,0.008885083264008964,7.212724198804397e-06,0.02029394905419392,0.5777581120943954,0.015206883079466932,0.5530973451327433,0.6076696165191741,0.7728613569321535,1.1102230246251565e-16,0.7728613569321534,0.7728613569321534,0.4359400998336105,1.6653345369377348e-16,0.43594009983361065,0.43594009983361065,70.0,0.0,70,70,9.358288770053477,1.7763568394002505e-15,9.358288770053475,9.358288770053475
blood,iqr_1.2,robust,euclidean,764.047338264828,2.2737367544323206e-13,764.0473382648278,764.0473382648278,0.4260568733794515,1.1102230246251565e-16,0.4260568733794516,0.4260568733794516,0.039826940907443605,6.938893903907228e-18,0.03982694090744361,0.03982694090744361,0.014537659053471598,3.469446951953614e-18,0.014537659053471602,0.014537659053471602,0.6194690265486724,1.1102230246251565e-16,0.6194690265486725,0.6194690265486725,0.7728613569321535,1.1102230246251565e-16,0.7728613569321534,0.7728613569321534,0.4359400998336105,1.6653345369377348e-16,0.43594009983361065,0.43594009983361065,70.0,0.0,70,70,9.358288770053477,1.7763568394002505e-15,9.358288770053475,9.358288770053475
blood,iqr_1.2,robust,manhattan,832.031638597697,3.410605131648481e-13,832.0316385976973,832.0316385976973,0.4538504267813001,0.0,0.4538504267813001,0.4538504267813001,0.06540489197012742,1.3877787807814457e-17,0.06540489197012743,0.06540489197012743,0.03523052673284507,0.0,0.03523052673284507,0.03523052673284507,0.6386430678466076,0.0,0.6386430678466076,0.6386430678466076,0.7728613569321535,1.1102230246251565e-16,0.7728613569321534,0.7728613569321534,0.4359400998336105,1.6653345369377348e-16,0.43594009983361065,0.43594009983361065,70.0,0.0,70,70,9.358288770053477,1.7763568394002505e-15,9.358288770053475,9.358288770053475
blood,iqr_1.2,robust,cosine,859.1608630989775,1.1368683772161603e-13,859.1608630989774,859.1608630989774,0.6073478342721981,1.1102230246251565e-16,0.6073478342721982,0.6073478342721982,-0.006475475670945515,1.734723475976807e-18,-0.006475475670945513,-0.006475475670945513,0.012410022999938916,1.734723475976807e-18,0.012410022999938918,0.012410022999938918,0.5117994100294984,2.220446049250313e-16,0.5117994100294986,0.5117994100294986,0.7728613569321535,1.1102230246251565e-16,0.7728613569321534,0.7728613569321534,0.4359400998336105,1.6653345369377348e-16,0.43594009983361065,0.43594009983361065,70.0,0.0,70,70,9.358288770053477,1.7763568394002505e-15,9.358288770053475,9.358288770053475
blood,iqr_1.2,robust,minkowski,767.062565640179,2.2737367544323206e-13,767.0625656401787,767.0625656401787,0.40817045819497877,1.6653345369377348e-16,0.4081704581949786,0.4081704581949786,0.03780113554565269,6.938893903907228e-18,0.03780113554565268,0.03780113554565268,0.013785133548761517,0.0,0.013785133548761517,0.013785133548761517,0.6165191740412981,1.1102230246251565e-16,0.616519174041298,0.616519174041298,0.7728613569321535,1.1102230246251565e-16,0.7728613569321534,0.7728613569321534,0.4359400998336105,1.6653345369377348e-16,0.43594009983361065,0.43594009983361065,70.0,0.0,70,70,9.358288770053477,1.7763568394002505e-15,9.358288770053475,9.358288770053475
blood,iqr_1.2,robust,chebyshev,786.9592921273089,0.8126703013133364,786.3718550787537,788.1349331043951,0.37508073650970125,0.0002939992389190652,0.3748579547182988,0.3756426605246668,0.025288481119235075,0.0008058068719665548,0.024687044046273303,0.026431334202755497,0.005294576972002811,0.00021871957995291382,0.005131370061220826,0.005604859324237279,0.6160619469026547,0.0013629308217270688,0.6150442477876106,0.6179941002949852,0.7728613569321535,1.1102230246251565e-16,0.7728613569321534,0.7728613569321534,0.4359400998336105,1.6653345369377348e-16,0.43594009983361065,0.43594009983361065,70.0,0.0,70,70,9.358288770053477,1.7763568394002505e-15,9.358288770053475,9.358288770053475
blood,iqr_1.2,robust,correlation,1091.6058899212617,4.547473508864641e-13,1091.6058899212612,1091.6058899212612,0.7007622746518138,2.220446049250313e-16,0.7007622746518141,0.7007622746518141,0.0015043875156643771,4.336808689942018e-19,0.0015043875156643776,0.0015043875156643776,0.0448046628749412,2.0816681711721685e-17,0.04480466287494122,0.04480466287494122,0.5501474926253689,1.1102230246251565e-16,0.5501474926253688,0.5501474926253688,0.7728613569321535,1.1102230246251565e-16,0.7728613569321534,0.7728613569321534,0.4359400998336105,1.6653345369377348e-16,0.43594009983361065,0.43594009983361065,70.0,0.0,70,70,9.358288770053477,1.7763568394002505e-15,9.358288770053475,9.358288770053475
blood,iqr_1.2,robust,hamming,2273.39991814198,50.31929106765508,2148.3551625552655,2339.0250321829744,0.13494512624389718,0.00649763586189118,0.12882767398339087,0.14713899536259084,-0.013479161157466602,0.022911124277448718,-0.043207711769733044,0.014392025911488183,0.007952875558105142,0.00881836627380456,7.212724198804397e-06,0.02029394905419392,0.5783628318584072,0.014956734009770201,0.5530973451327433,0.6076696165191741,0.7728613569321535,1.1102230246251565e-16,0.7728613569321534,0.7728613569321534,0.4359400998336105,1.6653345369377348e-16,0.43594009983361065,0.43594009983361065,70.0,0.0,70,70,9.358288770053477,1.7763568394002505e-15,9.358288770053475,9.358288770053475
blood,iqr_1.8,none,euclidean,188504126.59474772,1659711.5415086267,188123362.65343916,195738641.47961202,0.6546707243767105,0.00336874124472332,0.6399867217240242,0.6554435666215888,0.06071862456065461,0.00015429865418063033,0.060046052319956904,0.06075402309963869,0.01429116633089243,0.0012886167379278174,0.013995537376282827,0.019908116468474818,0.674265734265734,0.005486725942918328,0.6503496503496503,0.6755244755244755,0.7720279720279721,1.1102230246251565e-16,0.772027972027972,0.772027972027972,0.43567482241515393,0.0,0.43567482241515393,0.43567482241515393,33.0,0.0,33,33,4.411764705882355,1.7763568394002505e-15,4.411764705882353,4.411764705882353
blood,iqr_1.8,none,manhattan,226310832.0,0.0,226310832.0,226310832.0,0.6022098814697177,1.1102230246251565e-16,0.6022098814697175,0.6022098814697175,0.045710033102716936,2.0816681711721685e-17,0.04571003310271696,0.04571003310271696,0.018622858273887957,3.469446951953614e-18,0.01862285827388796,0.01862285827388796,0.6237762237762238,0.0,0.6237762237762238,0.6237762237762238,0.7720279720279721,1.1102230246251565e-16,0.772027972027972,0.772027972027972,0.43567482241515393,0.0,0.43567482241515393,0.43567482241515393,33.0,0.0,33,33,4.411764705882355,1.7763568394002505e-15,4.411764705882353,4.411764705882353
blood,iqr_1.8,none,cosine,529673375.2366215,5.960464477539063e-08,529673375.23662156,529673375.23662156,0.7324821210112934,2.220446049250313e-16,0.7324821210112936,0.7324821210112936,-0.059287807087531556,6.938893903907228e-18,-0.05928780708753156,-0.05928780708753156,0.06076893517618811,6.938893903907228e-18,0.060768935176188116,0.060768935176188116,0.5314685314685317,2.220446049250313e-16,0.5314685314685315,0.5314685314685315,0.7720279720279721,1.1102230246251565e-16,0.772027972027972,0.772027972027972,0.43567482241515393,0.0,0.43567482241515393,0.43567482241515393,33.0,0.0,33,33,4.411764705882355,1.7763568394002505e-15,4.411764705882353,4.411764705882353
blood,iqr_1.8,none,minkowski,188504126.59474772,1659711.5415086267,188123362.65343916,195738641.47961202,0.655042947662361,0.003353306144343674,0.6404262250524128,0.6558122488523581,0.06071862456065461,0.00015429865418063033,0.060046052319956904,0.06075402309963869,0.01429116633089243,0.0012886167379278174,0.013995537376282827,0.019908116468474818,0.674265734265734,0.005486725942918328,0.6503496503496503,0.6755244755244755,0.7720279720279721,1.1102230246251565e-16,0.772027972027972,0.772027972027972,0.43567482241515393,0.0,0.43567482241515393,0.43567482241515393,33.0,0.0,33,33,4.411764705882355,1.7763568394002505e-15,4.411764705882353,4.411764705882353
blood,iqr_1.8,none,chebyshev,188961043.32431808,2382742.7409762302,188123362.65343916,195738641.47961202,0.6542553782848763,0.004803691235721271,0.6405915075287382,0.65594417129968,0.060676146313873705,0.00022151680517755055,0.060046052319956904,0.06075402309963869,0.014645921076423951,0.0018499854350636368,0.013995537376282827,0.019908116468474818,0.6727552447552445,0.007876944930039613,0.6503496503496503,0.6755244755244755,0.7720279720279721,1.1102230246251565e-16,0.772027972027972,0.772027972027972,0.43567482241515393,0.0,0.43567482241515393,0.43567482241515393,33.0,0.0,33,33,4.411764705882355,1.7763568394002505e-15,4.411764705882353,4.411764705882353
blood,iqr_1.8,none,correlation,544163837.1800452,1.1920928955078125e-07,544163837.1800454,544163837.1800454,0.6172546343370088,1.1102230246251565e-16,0.6172546343370089,0.6172546343370089,-0.04328988045076161,0.0,-0.04328988045076161,-0.04328988045076161,0.06461138691127481,1.3877787807814457e-17,0.06461138691127483,0.06461138691127483,0.5020979020979021,0.0,0.5020979020979021,0.5020979020979021,0.7720279720279721,1.1102230246251565e-16,0.772027972027972,0.772027972027972,0.43567482241515393,0.0,0.43567482241515393,0.43567482241515393,33.0,0.0,33,33,4.411764705882355,1.7763568394002505e-15,4.411764705882353,4.411764705882353
blood,iqr_1.8,none,hamming,994797551.26,29766848.608758904,869196453.0,1040959804.0,0.11990139051183264,0.025552489975973515,0.07552552558148085,0.14088854058634753,-0.012027506303535105,0.05709036613848678,-0.06980607732784205,0.09672297344322743,0.020135626926343474,0.005068680295404814,0.003213367051373738,0.032538820835927726,0.6105874125874124,0.05616921647362192,0.5636363636363636,0.7188811188811188,0.7720279720279721,1.1102230246251565e-16,0.772027972027972,0.772027972027972,0.43567482241515393,0.0,0.43567482241515393,0.43567482241515393,33.0,0.0,33,33,4.411764705882355,1.7763568394002505e-15,4.411764705882353,4.411764705882353
blood,iqr_1.8,minmax,euclidean,106.43346542321375,0.0005189444713238345,106.43294647874248,106.43398436768513,0.40595680267736844,0.00024192642338194403,0.40571487625398656,0.40619872910075044,0.04215185039210083,0.0012181136133393965,0.04093373677876143,0.04336996400544022,0.00889099138129637,0.0004662832192492555,0.008424708162047118,0.00935727460054563,0.6496503496503496,0.0006993006993006867,0.6489510489510489,0.6503496503496503,0.7720279720279721,1.1102230246251565e-16,0.772027972027972,0.772027972027972,0.43567482241515393,0.0,0.43567482241515393,0.43567482241515393,33.0,0.0,33,33,4.411764705882355,1.7763568394002505e-15,4.411764705882353,4.411764705882353
blood,iqr_1.8,minmax,manhattan,117.10307589579229,4.263256414560601e-14,117.10307589579224,117.10307589579224,0.42501169074336526,2.220446049250313e-16,0.42501169074336503,0.42501169074336503,0.045702832763305584,0.0,0.045702832763305584,0.045702832763305584,0.020421140065891182,3.469446951953614e-18,0.02042114006589118,0.02042114006589118,0.6209790209790211,1.1102230246251565e-16,0.620979020979021,0.620979020979021,0.7720279720279721,1.1102230246251565e-16,0.772027972027972,0.772027972027972,0.43567482241515393,0.0,0.43567482241515393,0.43567482241515393,33.0,0.0,33,33,4.411764705882355,1.7763568394002505e-15,4.411764705882353,4.411764705882353
blood,iqr_1.8,minmax,cosine,126.03913098008655,2.842170943040401e-14,126.03913098008653,126.03913098008653,0.7348468382059852,0.0,0.7348468382059852,0.7348468382059852,0.03143469097188051,0.0,0.03143469097188051,0.03143469097188051,0.0445523384545188,6.938893903907228e-18,0.044552338454518794,0.044552338454518794,0.5902097902097904,1.1102230246251565e-16,0.5902097902097903,0.5902097902097903,0.7720279720279721,1.1102230246251565e-16,0.772027972027972,0.772027972027972,0.43567482241515393,0.0,0.43567482241515393,0.43567482241515393,33.0,0.0,33,33,4.411764705882355,1.7763568394002505e-15,4.411764705882353,4.411764705882353
blood,iqr_1.8,minmax,minkowski,107.29232876742431,0.0,107.29232876742431,107.29232876742431,0.371329317769461,1.1102230246251565e-16,0.3713293177694611,0.3713293177694611,0.03190966692360233,6.938893903907228e-18,0.03190966692360234,0.03190966692360234,0.00675175041116719,1.734723475976807e-18,0.006751750411167191,0.006751750411167191,0.6293706293706292,2.220446049250313e-16,0.6293706293706294,0.6293706293706294,0.7720279720279721,1.1102230246251565e-16,0.772027972027972,0.772027972027972,0.43567482241515393,0.0,0.43567482241515393,0.43567482241515393,33.0,0.0,33,33,4.411764705882355,1.7763568394002505e-15,4.411764705882353,4.411764705882353
blood,iqr_1.8,minmax,chebyshev,110.55648522373747,2.842170943040401e-14,110.5564852237375,110.5564852237375,0.3068701155962418,5.551115123125783e-17,0.30687011559624183,0.30687011559624183,0.029743628902904523,0.0,0.029743628902904523,0.029743628902904523,0.0068165257150797996,1.734723475976807e-18,0.006816525715079798,0.006816525715079798,0.6209790209790211,1.1102230246251565e-16,0.620979020979021,0.620979020979021,0.7720279720279721,1.1102230246251565e-16,0.772027972027972,0.772027972027972,0.43567482241515393,0.0,0.43567482241515393,0.43567482241515393,33.0,0.0,33,33,4.411764705882355,1.7763568394002505e-15,4.411764705882353,4.411764705882353
blood,iqr_1.8,minmax,correlation,125.60360766766074,1.4210854715202004e-14,125.60360766766073,125.60360766766073,0.7809839284315006,1.1102230246251565e-16,0.7809839284315007,0.7809839284315007,0.10277303194014094,2.7755575615628914e-17,0.10277303194014097,0.10277303194014097,0.05826216759005162,6.938893903907228e-18,0.05826216759005163,0.05826216759005163,0.6713286713286714,0.0,0.6713286713286714,0.6713286713286714,0.7720279720279721,1.1102230246251565e-16,0.772027972027972,0.772027972027972,0.43567482241515393,0.0,0.43567482241515393,0.43567482241515393,33.0,0.0,33,33,4.411764705882355,1.7763568394002505e-15,4.411764705882353,4.411764705882353
blood,iqr_1.8,minmax,hamming,291.62071652592874,8.47697422768639,276.07530489809335,319.32521593524,0.12314299686387492,0.01007611264894112,0.07743395408986575,0.13688704543328803,-0.007481298099822564,0.0286387905390485,-0.04557472059131101,0.08114783033761074,0.007550085209577908,0.008242923086538631,9.729395637446353e-05,0.023062766576234652,0.5893286713286713,0.024251647429638555,0.5636363636363636,0.7034965034965035,0.7720279720279721,1.1102230246251565e-16,0.772027972027972,0.772027972027972,0.43567482241515393,0.0,0.43567482241515393,0.43567482241515393,33.0,0.0,33,33,4.411764705882355,1.7763568394002505e-15,4.411764705882353,4.411764705882353
blood,iqr_1.8,standard,euclidean,1595.912630390489,2.2737367544323206e-13,1595.9126303904889,1595.9126303904889,0.4146494419489742,1.6653345369377348e-16,0.41464944194897435,0.41464944194897435,0.037765479468771575,0.0,0.037765479468771575,0.037765479468771575,0.007534837700549324,1.734723475976807e-18,0.0075348377005493225,0.0075348377005493225,0.6447552447552445,2.220446049250313e-16,0.6447552447552447,0.6447552447552447,0.7720279720279721,1.1102230246251565e-16,0.772027972027972,0.772027972027972,0.43567482241515393,0.0,0.43567482241515393,0.43567482241515393,33.0,0.0,33,33,4.411764705882355,1.7763568394002505e-15,4.411764705882353,4.411764705882353
blood,iqr_1.8,standard,manhattan,1758.614134669673,2.2737367544323206e-13,1758.6141346696727,1758.6141346696727,0.4290007839796682,1.1102230246251565e-16,0.4290007839796683,0.4290007839796683,0.045702832763305584,0.0,0.045702832763305584,0.045702832763305584,0.020421140065891182,3.469446951953614e-18,0.02042114006589118,0.02042114006589118,0.6209790209790211,1.1102230246251565e-16,0.620979020979021,0.620979020979021,0.7720279720279721,1.1102230246251565e-16,0.772027972027972,0.772027972027972,0.43567482241515393,0.0,0.43567482241515393,0.43567482241515393,33.0,0.0,33,33,4.411764705882355,1.7763568394002505e-15,4.411764705882353,4.411764705882353
blood,iqr_1.8,standard,cosine,1637.4420869004587,0.48069411319286476,1637.041372706508,1638.018724399071,0.5847468442440149,0.0002226990610672858,0.5844796959141463,0.5849324896935846,0.02449897427382076,0.0013511013233150548,0.022878202007080888,0.025625273645623052,0.011621795441928378,0.000789561999462947,0.01067464205711682,0.01227998677713641,0.5884895104895107,0.002063636245151,0.586013986013986,0.5902097902097903,0.7720279720279721,1.1102230246251565e-16,0.772027972027972,0.772027972027972,0.43567482241515393,0.0,0.43567482241515393,0.43567482241515393,33.0,0.0,33,33,4.411764705882355,1.7763568394002505e-15,4.411764705882353,4.411764705882353
blood,iqr_1.8,standard,minkowski,1605.2903435185951,2.2737367544323206e-13,1605.290343518595,1605.290343518595,0.3830160844561281,0.0,0.3830160844561281,0.3830160844561281,0.027643317382630817,1.3877787807814457e-17,0.02764331738263083,0.02764331738263083,0.005782966163035313,0.0,0.005782966163035313,0.005782966163035313,0.6209790209790211,1.1102230246251565e-16,0.620979020979021,0.620979020979021,0.7720279720279721,1.1102230246251565e-16,0.772027972027972,0.772027972027972,0.43567482241515393,0.0,0.43567482241515393,0.43567482241515393,33.0,0.0,33,33,4.411764705882355,1.7763568394002505e-15,4.411764705882353,4.411764705882353
blood,iqr_1.8,standard,chebyshev,1655.3931096267497,0.0,1655.3931096267497,1655.3931096267497,0.3349456169342617,1.1102230246251565e-16,0.3349456169342616,0.3349456169342616,0.027778869961356385,3.469446951953614e-18,0.027778869961356388,0.027778869961356388,0.005247211468673101,2.6020852139652106e-18,0.0052472114686730985,0.0052472114686730985,0.6265734265734269,2.220446049250313e-16,0.6265734265734266,0.6265734265734266,0.7720279720279721,1.1102230246251565e-16,0.772027972027972,0.772027972027972,0.43567482241515393,0.0,0.43567482241515393,0.43567482241515393,33.0,0.0,33,33,4.411764705882355,1.7763568394002505e-15,4.411764705882353,4.411764705882353
blood,iqr_1.8,standard,correlation,2109.624204640356,9.094947017729282e-13,2109.624204640355,2109.624204640355,0.7061255431462661,2.220446049250313e-16,0.7061255431462659,0.7061255431462659,0.031125708831221316,3.469446951953614e-18,0.03112570883122132,0.03112570883122132,0.049278497820075214,6.938893903907228e-18,0.04927849782007522,0.04927849782007522,0.5902097902097904,1.1102230246251565e-16,0.5902097902097903,0.5902097902097903,0.7720279720279721,1.1102230246251565e-16,0.772027972027972,0.772027972027972,0.43567482241515393,0.0,0.43567482241515393,0.43567482241515393,33.0,0.0,33,33,4.411764705882355,1.7763568394002505e-15,4.411764705882353,4.411764705882353
blood,iqr_1.8,standard,hamming,4450.883909847257,138.75493614372948,4201.860430965013,4883.0125995866765,0.12380407600881897,0.00944677211251437,0.07743395408986575,0.14088854058634753,-0.008442276768421728,0.02754620548974248,-0.05258242681065947,0.07930120116786005,0.007426780473466281,0.00829564958662487,9.729395637446353e-05,0.023452878778520727,0.5887412587412587,0.022062798532252695,0.5636363636363636,0.7034965034965035,0.7720279720279721,1.1102230246251565e-16,0.772027972027972,0.772027972027972,0.43567482241515393,0.0,0.43567482241515393,0.43567482241515393,33.0,0.0,33,33,4.411764705882355,1.7763568394002505e-15,4.411764705882353,4.411764705882353
blood,iqr_1.8,robust,euclidean,774.9023718804463,0.004816162384149434,774.8979267638476,774.9075900608012,0.4433971934022702,0.00026526648397976794,0.4431523635238413,0.44368460238999075,0.03773304056529244,0.0012531576486560804,0.036375278492032675,0.03888965270177299,0.006877316800900255,0.00041594657640544995,0.006426650049952179,0.0072612181072634315,0.651104895104895,0.0006970593451400211,0.6503496503496503,0.6517482517482518,0.7720279720279721,1.1102230246251565e-16,0.772027972027972,0.772027972027972,0.43567482241515393,0.0,0.43567482241515393,0.43567482241515393,33.0,0.0,33,33,4.411764705882355,1.7763568394002505e-15,4.411764705882353,4.411764705882353
blood,iqr_1.8,robust,manhattan,861.5146540173118,4.547473508864641e-13,861.5146540173114,861.5146540173114,0.44580066922014616,1.1102230246251565e-16,0.44580066922014605,0.44580066922014605,0.04538533253622689,1.3877787807814457e-17,0.045385332536226904,0.045385332536226904,0.01907312434413461,3.469446951953614e-18,0.019073124344134607,0.019073124344134607,0.6223776223776223,1.1102230246251565e-16,0.6223776223776224,0.6223776223776224,0.7720279720279721,1.1102230246251565e-16,0.772027972027972,0.772027972027972,0.43567482241515393,0.0,0.43567482241515393,0.43567482241515393,33.0,0.0,33,33,4.411764705882355,1.7763568394002505e-15,4.411764705882353,4.411764705882353
blood,iqr_1.8,robust,cosine,840.4748421841971,1.1368683772161603e-13,840.474842184197,840.474842184197,0.6030731767694373,1.1102230246251565e-16,0.6030731767694374,0.6030731767694374,0.015181284269230924,3.469446951953614e-18,0.01518128426923092,0.01518128426923092,0.01688306510698134,3.469446951953614e-18,0.016883065106981336,0.016883065106981336,0.5636363636363635,1.1102230246251565e-16,0.5636363636363636,0.5636363636363636,0.7720279720279721,1.1102230246251565e-16,0.772027972027972,0.772027972027972,0.43567482241515393,0.0,0.43567482241515393,0.43567482241515393,33.0,0.0,33,33,4.411764705882355,1.7763568394002505e-15,4.411764705882353,4.411764705882353
blood,iqr_1.8,robust,minkowski,783.4493078002938,3.410605131648481e-13,783.4493078002935,783.4493078002935,0.4100247546834794,1.1102230246251565e-16,0.4100247546834795,0.4100247546834795,0.024057064558493716,3.469446951953614e-18,0.02405706455849372,0.02405706455849372,0.004641137363182107,8.673617379884035e-19,0.004641137363182108,0.004641137363182108,0.616783216783217,2.220446049250313e-16,0.6167832167832168,0.6167832167832168,0.7720279720279721,1.1102230246251565e-16,0.772027972027972,0.772027972027972,0.43567482241515393,0.0,0.43567482241515393,0.43567482241515393,33.0,0.0,33,33,4.411764705882355,1.7763568394002505e-15,4.411764705882353,4.411764705882353
blood,iqr_1.8,robust,chebyshev,806.0599976808642,1.7609439208196689,804.1520630555677,807.6852753246357,0.3708697945506955,0.00020164608268382136,0.3706836836437749,0.37108827257186316,0.021998810288879747,0.0004026277763724449,0.021562574093868133,0.022370418899445185,0.0036690183559403423,9.376338758928974e-05,0.0035674282873120085,0.0037555580440311463,0.6189370629370629,0.0006970593451399657,0.6181818181818182,0.6195804195804195,0.7720279720279721,1.1102230246251565e-16,0.772027972027972,0.772027972027972,0.43567482241515393,0.0,0.43567482241515393,0.43567482241515393,33.0,0.0,33,33,4.411764705882355,1.7763568394002505e-15,4.411764705882353,4.411764705882353
blood,iqr_1.8,robust,correlation,1004.4289618848613,2.2737367544323206e-13,1004.4289618848616,1004.4289618848616,0.7279421899228656,2.220446049250313e-16,0.7279421899228654,0.7279421899228654,0.055350126745894256,0.0,0.055350126745894256,0.055350126745894256,0.05099340262934196,2.0816681711721685e-17,0.05099340262934194,0.05099340262934194,0.6195804195804195,0.0,0.6195804195804195,0.6195804195804195,0.7720279720279721,1.1102230246251565e-16,0.772027972027972,0.772027972027972,0.43567482241515393,0.0,0.43567482241515393,0.43567482241515393,33.0,0.0,33,33,4.411764705882355,1.7763568394002505e-15,4.411764705882353,4.411764705882353
blood,iqr_1.8,robust,hamming,2301.669182982053,66.88932242103279,2178.1595637928503,2510.1497207687416,0.12371264764387264,0.009367191638186318,0.07743395408986575,0.14088854058634753,-0.006903470449182336,0.026614204445870458,-0.05258242681065947,0.07930120116786005,0.006638794382739197,0.00796789784659575,9.729395637446353e-05,0.023452878778520727,0.5899860139860139,0.02175148493044888,0.5636363636363636,0.7034965034965035,0.7720279720279721,1.1102230246251565e-16,0.772027972027972,0.772027972027972,0.43567482241515393,0.0,0.43567482241515393,0.43567482241515393,33.0,0.0,33,33,4.411764705882355,1.7763568394002505e-15,4.411764705882353,4.411764705882353
blood,zscore_robust,none,euclidean,200683796.08607778,1335912.0051676503,200377316.8530257,206506901.5140663,0.6568670232298373,0.0015221608260362195,0.6565178155868631,0.6635019684463455,0.0638651193350412,0.001299524983457854,0.06356698785727809,0.06952961741254035,0.015234650576830856,0.00012102240617995674,0.014707126138388293,0.015262415020959413,0.6776625172890732,0.005727460575883299,0.6763485477178424,0.7026279391424619,0.7717842323651455,2.220446049250313e-16,0.7717842323651453,0.7717842323651453,0.4355971896955503,5.551115123125783e-17,0.43559718969555034,0.43559718969555034,25.0,0.0,25,25,3.3422459893048124,4.440892098500626e-16,3.342245989304813,3.342245989304813
blood,zscore_robust,none,manhattan,246821483.0,0.0,246821483.0,246821483.0,0.600109120897086,1.1102230246251565e-16,0.6001091208970859,0.6001091208970859,0.047486092483753496,1.3877787807814457e-17,0.04748609248375351,0.04748609248375351,0.019882110394966037,3.469446951953614e-18,0.019882110394966034,0.019882110394966034,0.6251728907330565,2.220446049250313e-16,0.6251728907330567,0.6251728907330567,0.7717842323651455,2.220446049250313e-16,0.7717842323651453,0.7717842323651453,0.4355971896955503,5.551115123125783e-17,0.43559718969555034,0.43559718969555034,25.0,0.0,25,25,3.3422459893048124,4.440892098500626e-16,3.342245989304813,3.342245989304813
blood,zscore_robust,none,cosine,561237614.9652516,0.0,561237614.9652516,561237614.9652516,0.7178739046876744,1.1102230246251565e-16,0.7178739046876743,0.7178739046876743,-0.05850014476209355,1.3877787807814457e-17,-0.058500144762093566,-0.058500144762093566,0.06260935761540254,2.7755575615628914e-17,0.06260935761540257,0.06260935761540257,0.5283540802213,1.1102230246251565e-16,0.5283540802213001,0.5283540802213001,0.7717842323651455,2.220446049250313e-16,0.7717842323651453,0.7717842323651453,0.4355971896955503,5.551115123125783e-17,0.43559718969555034,0.43559718969555034,25.0,0.0,25,25,3.3422459893048124,4.440892098500626e-16,3.342245989304813,3.342245989304813
blood,zscore_robust,none,minkowski,200683796.08607778,1335912.0051676503,200377316.8530257,206506901.5140663,0.6572351466358713,0.001521042436538644,0.6568861955690448,0.6638652169055804,0.0638651193350412,0.001299524983457854,0.06356698785727809,0.06952961741254035,0.015234650576830856,0.00012102240617995674,0.014707126138388293,0.015262415020959413,0.6776625172890732,0.005727460575883299,0.6763485477178424,0.7026279391424619,0.7717842323651455,2.220446049250313e-16,0.7717842323651453,0.7717842323651453,0.4355971896955503,5.551115123125783e-17,0.43559718969555034,0.43559718969555034,25.0,0.0,25,25,3.3422459893048124,4.440892098500626e-16,3.342245989304813,3.342245989304813
blood,zscore_robust,none,chebyshev,200622500.23946735,1201148.3803792053,200377316.8530257,206506901.5140663,0.6573006254269829,0.0013638043967528375,0.6570222400202321,0.6639818751890002,0.06380549303948858,0.0011684319948504591,0.06356698785727809,0.06952961741254035,0.01524020346565657,0.00010881395377115922,0.014707126138388293,0.015262415020959413,0.677399723374827,0.005149687979295182,0.6763485477178424,0.7026279391424619,0.7717842323651455,2.220446049250313e-16,0.7717842323651453,0.7717842323651453,0.4355971896955503,5.551115123125783e-17,0.43559718969555034,0.43559718969555034,25.0,0.0,25,25,3.3422459893048124,4.440892098500626e-16,3.342245989304813,3.342245989304813
blood,zscore_robust,none,correlation,575740763.1623145,1.1920928955078125e-07,575740763.1623147,575740763.1623147,0.6073684927225037,1.1102230246251565e-16,0.6073684927225038,0.6073684927225038,-0.042249424388958845,6.938893903907228e-18,-0.04224942438895885,-0.04224942438895885,0.06640969340816856,1.3877787807814457e-17,0.06640969340816855,0.06640969340816855,0.5006915629322267,1.1102230246251565e-16,0.5006915629322268,0.5006915629322268,0.7717842323651455,2.220446049250313e-16,0.7717842323651453,0.7717842323651453,0.4355971896955503,5.551115123125783e-17,0.43559718969555034,0.43559718969555034,25.0,0.0,25,25,3.3422459893048124,4.440892098500626e-16,3.342245989304813,3.342245989304813
blood,zscore_robust,none,hamming,1039990451.08,46800716.7109126,916734799.0,1095485899.0,0.1223062062879872,0.02367984476197773,0.0751108299303944,0.1412518988701583,-0.016760389544313723,0.052155918439404696,-0.07036773433106365,0.09459524018007606,0.01953313539623421,0.007398628450636004,0.000248326946543196,0.03384864253321887,0.6002904564315352,0.05125055078260107,0.5629322268326418,0.7164591977869986,0.7717842323651455,2.220446049250313e-16,0.7717842323651453,0.7717842323651453,0.4355971896955503,5.551115123125783e-17,0.43559718969555034,0.43559718969555034,25.0,0.0,25,25,3.3422459893048124,4.440892098500626e-16,3.342245989304813,3.342245989304813
blood,zscore_robust,minmax,euclidean,78.45145166218369,0.0002940587766074294,78.45102300153852,78.45165338484023,0.4551790514938562,0.00021486395260127337,0.4550316560383792,0.45549226683674476,0.03910735534187587,0.0005020487306565713,0.0387629527539551,0.039839210841207534,0.007193914382630324,0.00013409038873840256,0.007101929134830942,0.007389383034204005,0.6532780082987552,0.0006451952304116493,0.65283540802213,0.6542185338865837,0.7717842323651455,2.220446049250313e-16,0.7717842323651453,0.7717842323651453,0.4355971896955503,5.551115123125783e-17,0.43559718969555034,0.43559718969555034,25.0,0.0,25,25,3.3422459893048124,4.440892098500626e-16,3.342245989304813,3.342245989304813
blood,zscore_robust,minmax,manhattan,87.1906094623192,0.0,87.1906094623192,87.1906094623192,0.448641456733399,0.0,0.448641456733399,0.448641456733399,0.04506121777838801,2.0816681711721685e-17,0.04506121777838803,0.04506121777838803,0.019503754014177747,6.938893903907228e-18,0.01950375401417774,0.01950375401417774,0.6210235131396956,1.1102230246251565e-16,0.6210235131396957,0.6210235131396957,0.7717842323651455,2.220446049250313e-16,0.7717842323651453,0.7717842323651453,0.4355971896955503,5.551115123125783e-17,0.43559718969555034,0.43559718969555034,25.0,0.0,25,25,3.3422459893048124,4.440892098500626e-16,3.342245989304813,3.342245989304813
blood,zscore_robust,minmax,cosine,103.33221912374715,2.842170943040401e-14,103.33221912374712,103.33221912374712,0.7087955705292918,0.0,0.7087955705292918,0.7087955705292918,0.018806561021348783,3.469446951953614e-18,0.01880656102134878,0.01880656102134878,0.039928057862459954,0.0,0.039928057862459954,0.039928057862459954,0.5726141078838172,2.220446049250313e-16,0.5726141078838174,0.5726141078838174,0.7717842323651455,2.220446049250313e-16,0.7717842323651453,0.7717842323651453,0.4355971896955503,5.551115123125783e-17,0.43559718969555034,0.43559718969555034,25.0,0.0,25,25,3.3422459893048124,4.440892098500626e-16,3.342245989304813,3.342245989304813
blood,zscore_robust,minmax,minkowski,79.04623329655772,2.842170943040401e-14,79.04623329655769,79.04623329655769,0.42553627931793875,1.6653345369377348e-16,0.4255362793179389,0.4255362793179389,0.020947186371150985,3.469446951953614e-18,0.02094718637115098,0.02094718637115098,0.003735074036434327,1.734723475976807e-18,0.0037350740364343288,0.0037350740364343288,0.6127247579529737,1.1102230246251565e-16,0.6127247579529738,0.6127247579529738,0.7717842323651455,2.220446049250313e-16,0.7717842323651453,0.7717842323651453,0.4355971896955503,5.551115123125783e-17,0.43559718969555034,0.43559718969555034,25.0,0.0,25,25,3.3422459893048124,4.440892098500626e-16,3.342245989304813,3.342245989304813
blood,zscore_robust,minmax,chebyshev,81.22492346423883,2.842170943040401e-14,81.22492346423886,81.22492346423886,0.4006827655395231,1.6653345369377348e-16,0.40068276553952326,0.40068276553952326,0.013615574295712784,5.204170427930421e-18,0.01361557429571279,0.01361557429571279,0.001573977384801066,0.0,0.001573977384801066,0.001573977384801066,0.6113416320885199,2.220446049250313e-16,0.6113416320885201,0.6113416320885201,0.7717842323651455,2.220446049250313e-16,0.7717842323651453,0.7717842323651453,0.4355971896955503,5.551115123125783e-17,0.43559718969555034,0.43559718969555034,25.0,0.0,25,25,3.3422459893048124,4.440892098500626e-16,3.342245989304813,3.342245989304813
blood,zscore_robust,minmax,correlation,105.0472235210418,1.4210854715202004e-14,105.04722352104179,105.04722352104179,0.7553357978565426,0.0,0.7553357978565426,0.7553357978565426,0.05930451345036453,6.938893903907228e-18,0.05930451345036452,0.05930451345036452,0.05386810611424814,2.0816681711721685e-17,0.05386810611424812,0.05386810611424812,0.6237897648686029,1.1102230246251565e-16,0.623789764868603,0.623789764868603,0.7717842323651455,2.220446049250313e-16,0.7717842323651453,0.7717842323651453,0.4355971896955503,5.551115123125783e-17,0.43559718969555034,0.43559718969555034,25.0,0.0,25,25,3.3422459893048124,4.440892098500626e-16,3.342245989304813,3.342245989304813
blood,zscore_robust,minmax,hamming,233.47963558360044,10.120307706278368,202.20283928644807,258.1004241401627,0.12487853278460433,0.00533325784347682,0.11827345099061112,0.1412518988701583,-0.006309967295010739,0.021403111763851897,-0.0530605758982751,0.014542868274579818,0.005151057818638228,0.008114948959089223,9.834676018297208e-05,0.024563128506301386,0.5859474412171506,0.01224440636383561,0.5629322268326418,0.6127247579529738,0.7717842323651455,2.220446049250313e-16,0.7717842323651453,0.7717842323651453,0.4355971896955503,5.551115123125783e-17,0.43559718969555034,0.43559718969555034,25.0,0.0,25,25,3.3422459893048124,4.440892098500626e-16,3.342245989304813,3.342245989304813
blood,zscore_robust,standard,euclidean,1611.9358519895559,4.547473508864641e-13,1611.9358519895563,1611.9358519895563,0.4175770207434449,1.1102230246251565e-16,0.417577020743445,0.417577020743445,0.03768921202479156,0.0,0.03768921202479156,0.03768921202479156,0.007365098700573916,8.673617379884035e-19,0.007365098700573917,0.007365098700573917,0.6459197786998618,1.1102230246251565e-16,0.6459197786998617,0.6459197786998617,0.7717842323651455,2.220446049250313e-16,0.7717842323651453,0.7717842323651453,0.4355971896955503,5.551115123125783e-17,0.43559718969555034,0.43559718969555034,25.0,0.0,25,25,3.3422459893048124,4.440892098500626e-16,3.342245989304813,3.342245989304813
blood,zscore_robust,standard,manhattan,1782.6318277185012,4.547473508864641e-13,1782.6318277185017,1782.6318277185017,0.42826023176410566,5.551115123125783e-17,0.4282602317641056,0.4282602317641056,0.04740721952830051,2.7755575615628914e-17,0.047407219528300536,0.047407219528300536,0.02171069709672579,0.0,0.02171069709672579,0.02171069709672579,0.6224066390041492,2.220446049250313e-16,0.6224066390041494,0.6224066390041494,0.7717842323651455,2.220446049250313e-16,0.7717842323651453,0.7717842323651453,0.4355971896955503,5.551115123125783e-17,0.43559718969555034,0.43559718969555034,25.0,0.0,25,25,3.3422459893048124,4.440892098500626e-16,3.342245989304813,3.342245989304813
blood,zscore_robust,standard,cosine,1661.1039707684606,4.547473508864641e-13,1661.103970768461,1661.103970768461,0.5877652604251483,1.1102230246251565e-16,0.5877652604251482,0.5877652604251482,0.02582827411356041,3.469446951953614e-18,0.025828274113560406,0.025828274113560406,0.012321121487285805,0.0,0.012321121487285805,0.012321121487285805,0.5905947441217151,0.0,0.5905947441217151,0.5905947441217151,0.7717842323651455,2.220446049250313e-16,0.7717842323651453,0.7717842323651453,0.4355971896955503,5.551115123125783e-17,0.43559718969555034,0.43559718969555034,25.0,0.0,25,25,3.3422459893048124,4.440892098500626e-16,3.342245989304813,3.342245989304813
blood,zscore_robust,standard,minkowski,1623.853255111777,0.04789023401844908,1623.7933616282535,1623.8915476668167,0.38904954047783463,0.00014286343178725408,0.3888708696324474,0.3891637726576723,0.02950094204192961,0.0004376955959448557,0.028953542044803788,0.029850919089272357,0.005736711506764431,0.00011551098011939768,0.005592248755091403,0.005829072938161941,0.6287828492392806,0.0006746195517707969,0.627939142461964,0.6293222683264177,0.7717842323651455,2.220446049250313e-16,0.7717842323651453,0.7717842323651453,0.4355971896955503,5.551115123125783e-17,0.43559718969555034,0.43559718969555034,25.0,0.0,25,25,3.3422459893048124,4.440892098500626e-16,3.342245989304813,3.342245989304813
blood,zscore_robust,standard,chebyshev,1666.7067968731105,4.888807938825158,1661.078121836787,1670.9529903215657,0.33924645708167445,0.0017811527137151918,0.33719574657289175,0.3407934843075983,0.02316594223788839,0.0022510860012273375,0.021210752598629007,0.025757705248069432,0.003983965288801743,0.0008295316024595833,0.0032634723384289345,0.004939037339295929,0.6210235131396956,1.1102230246251565e-16,0.6210235131396957,0.6210235131396957,0.7717842323651455,2.220446049250313e-16,0.7717842323651453,0.7717842323651453,0.4355971896955503,5.551115123125783e-17,0.43559718969555034,0.43559718969555034,25.0,0.0,25,25,3.3422459893048124,4.440892098500626e-16,3.342245989304813,3.342245989304813
blood,zscore_robust,standard,correlation,2011.3885393476603,4.547473508864641e-13,2011.3885393476608,2011.3885393476608,0.7084918095518579,2.220446049250313e-16,0.7084918095518576,0.7084918095518576,0.05320176400778017,6.938893903907228e-18,0.053201764007780164,0.053201764007780164,0.0522599708569718,6.938893903907228e-18,0.05225997085697181,0.05225997085697181,0.6168741355463345,2.220446049250313e-16,0.6168741355463347,0.6168741355463347,0.7717842323651455,2.220446049250313e-16,0.7717842323651453,0.7717842323651453,0.4355971896955503,5.551115123125783e-17,0.43559718969555034,0.43559718969555034,25.0,0.0,25,25,3.3422459893048124,4.440892098500626e-16,3.342245989304813,3.342245989304813
blood,zscore_robust,standard,hamming,4439.46941440555,176.06280156067388,3899.7195517146115,4908.272515273701,0.12500569102913228,0.00553612825174246,0.11827345099061112,0.1412518988701583,-0.010575211757376161,0.023784066637955,-0.0530605758982751,0.014542868274579818,0.007071849590806902,0.008994676765352145,9.834676018297208e-05,0.024563128506301386,0.5829598893499307,0.013079837450387346,0.5629322268326418,0.6127247579529738,0.7717842323651455,2.220446049250313e-16,0.7717842323651453,0.7717842323651453,0.4355971896955503,5.551115123125783e-17,0.43559718969555034,0.43559718969555034,25.0,0.0,25,25,3.3422459893048124,4.440892098500626e-16,3.342245989304813,3.342245989304813
blood,zscore_robust,robust,euclidean,828.7612223142755,0.0010534694789865885,828.7587145553134,828.7616648599745,0.4459299687423304,0.0003373660653560267,0.44578824664762706,0.44673306061231693,0.04126163045268431,0.000792394206487302,0.0409287583048713,0.04314790595695799,0.007775153024819315,0.00021767733400394944,0.007683710254154302,0.008293328725254389,0.6560165975103736,0.0009877494368662274,0.6556016597510373,0.6583679114799447,0.7717842323651455,2.220446049250313e-16,0.7717842323651453,0.7717842323651453,0.4355971896955503,5.551115123125783e-17,0.43559718969555034,0.43559718969555034,25.0,0.0,25,25,3.3422459893048124,4.440892098500626e-16,3.342245989304813,3.342245989304813
blood,zscore_robust,robust,manhattan,923.0688371642563,0.0,923.0688371642563,923.0688371642563,0.4408675988758489,5.551115123125783e-17,0.440867598875849,0.440867598875849,0.045719986893922766,1.3877787807814457e-17,0.04571998689392275,0.04571998689392275,0.020381489495738255,3.469446951953614e-18,0.02038148949573826,0.02038148949573826,0.6210235131396956,1.1102230246251565e-16,0.6210235131396957,0.6210235131396957,0.7717842323651455,2.220446049250313e-16,0.7717842323651453,0.7717842323651453,0.4355971896955503,5.551115123125783e-17,0.43559718969555034,0.43559718969555034,25.0,0.0,25,25,3.3422459893048124,4.440892098500626e-16,3.342245989304813,3.342245989304813
blood,zscore_robust,robust,cosine,907.212828368582,2.2737367544323206e-13,907.2128283685818,907.2128283685818,0.6025617906039787,1.1102230246251565e-16,0.6025617906039789,0.6025617906039789,0.017013424949020466,3.469446951953614e-18,0.01701342494902047,0.01701342494902047,0.019354500271294844,3.469446951953614e-18,0.01935450027129484,0.01935450027129484,0.5670816044260025,2.220446049250313e-16,0.5670816044260027,0.5670816044260027,0.7717842323651455,2.220446049250313e-16,0.7717842323651453,0.7717842323651453,0.4355971896955503,5.551115123125783e-17,0.43559718969555034,0.43559718969555034,25.0,0.0,25,25,3.3422459893048124,4.440892098500626e-16,3.342245989304813,3.342245989304813
blood,zscore_robust,robust,minkowski,833.5949211536644,3.410605131648481e-13,833.594921153664,833.594921153664,0.4198657202544006,1.1102230246251565e-16,0.4198657202544005,0.4198657202544005,0.03297215120886055,0.0,0.03297215120886055,0.03297215120886055,0.005769526069550579,1.734723475976807e-18,0.005769526069550578,0.005769526069550578,0.6431535269709545,1.1102230246251565e-16,0.6431535269709544,0.6431535269709544,0.7717842323651455,2.220446049250313e-16,0.7717842323651453,0.7717842323651453,0.4355971896955503,5.551115123125783e-17,0.43559718969555034,0.43559718969555034,25.0,0.0,25,25,3.3422459893048124,4.440892098500626e-16,3.342245989304813,3.342245989304813
blood,zscore_robust,robust,chebyshev,860.6245554824126,2.2737367544323206e-13,860.6245554824123,860.6245554824123,0.36992099455785005,5.551115123125783e-17,0.36992099455785,0.36992099455785,0.024652258924812608,1.0408340855860843e-17,0.024652258924812598,0.024652258924812598,0.004490992728575202,0.0,0.004490992728575202,0.004490992728575202,0.6210235131396956,1.1102230246251565e-16,0.6210235131396957,0.6210235131396957,0.7717842323651455,2.220446049250313e-16,0.7717842323651453,0.7717842323651453,0.4355971896955503,5.551115123125783e-17,0.43559718969555034,0.43559718969555034,25.0,0.0,25,25,3.3422459893048124,4.440892098500626e-16,3.342245989304813,3.342245989304813
blood,zscore_robust,robust,correlation,1071.581300247639,4.547473508864641e-13,1071.5813002476395,1071.5813002476395,0.7261860495220729,2.220446049250313e-16,0.7261860495220731,0.7261860495220731,0.056773092073827344,0.0,0.056773092073827344,0.056773092073827344,0.052591013949213804,0.0,0.052591013949213804,0.052591013949213804,0.6210235131396956,1.1102230246251565e-16,0.6210235131396957,0.6210235131396957,0.7717842323651455,2.220446049250313e-16,0.7717842323651453,0.7717842323651453,0.4355971896955503,5.551115123125783e-17,0.43559718969555034,0.43559718969555034,25.0,0.0,25,25,3.3422459893048124,4.440892098500626e-16,3.342245989304813,3.342245989304813
blood,zscore_robust,robust,hamming,2423.2853894047007,98.36840174279013,2113.8827540676652,2664.6469147081616,0.12515424755169305,0.005650594003776178,0.11827345099061112,0.1412518988701583,-0.010499569332770511,0.02360523889139657,-0.0530605758982751,0.014542868274579818,0.006925207185843577,0.008946811779781346,9.834676018297208e-05,0.024563128506301386,0.5834439834024895,0.01324490889476031,0.5629322268326418,0.6127247579529738,0.7717842323651455,2.220446049250313e-16,0.7717842323651453,0.7717842323651453,0.4355971896955503,5.551115123125783e-17,0.43559718969555034,0.43559718969555034,25.0,0.0,25,25,3.3422459893048124,4.440892098500626e-16,3.342245989304813,3.342245989304813
blood,zscore_robust_2.5,none,euclidean,141735031.55878663,0.0,141735031.55878663,141735031.55878663,0.6495838970726017,1.1102230246251565e-16,0.6495838970726016,0.6495838970726016,0.06627290471935944,1.3877787807814457e-17,0.06627290471935945,0.06627290471935945,0.020921057476602736,3.469446951953614e-18,0.02092105747660274,0.02092105747660274,0.6609195402298852,1.1102230246251565e-16,0.6609195402298851,0.6609195402298851,0.7729885057471263,1.1102230246251565e-16,0.7729885057471264,0.7729885057471264,0.43598055105348443,1.6653345369377348e-16,0.4359805510534846,0.4359805510534846,52.0,0.0,52,52,6.951871657754013,1.7763568394002505e-15,6.951871657754011,6.951871657754011
blood,zscore_robust_2.5,none,manhattan,169190410.0,0.0,169190410.0,169190410.0,0.6197886207889878,1.1102230246251565e-16,0.6197886207889877,0.6197886207889877,0.056451025288762446,1.3877787807814457e-17,0.05645102528876246,0.05645102528876246,0.03003047563809577,0.0,0.03003047563809577,0.03003047563809577,0.6293103448275863,1.1102230246251565e-16,0.6293103448275862,0.6293103448275862,0.7729885057471263,1.1102230246251565e-16,0.7729885057471264,0.7729885057471264,0.43598055105348443,1.6653345369377348e-16,0.4359805510534846,0.4359805510534846,52.0,0.0,52,52,6.951871657754013,1.7763568394002505e-15,6.951871657754011,6.951871657754011
blood,zscore_robust_2.5,none,cosine,408341231.7126689,0.0,408341231.7126689,408341231.7126689,0.724883475846785,2.220446049250313e-16,0.7248834758467853,0.7248834758467853,-0.05671722270771363,2.0816681711721685e-17,-0.05671722270771365,-0.05671722270771365,0.06202210167622102,0.0,0.06202210167622102,0.06202210167622102,0.5258620689655171,1.1102230246251565e-16,0.5258620689655172,0.5258620689655172,0.7729885057471263,1.1102230246251565e-16,0.7729885057471264,0.7729885057471264,0.43598055105348443,1.6653345369377348e-16,0.4359805510534846,0.4359805510534846,52.0,0.0,52,52,6.951871657754013,1.7763568394002505e-15,6.951871657754011,6.951871657754011
blood,zscore_robust_2.5,none,minkowski,141735031.55878663,0.0,141735031.55878663,141735031.55878663,0.6500772146405075,1.1102230246251565e-16,0.6500772146405076,0.6500772146405076,0.06627290471935944,1.3877787807814457e-17,0.06627290471935945,0.06627290471935945,0.020921057476602736,3.469446951953614e-18,0.02092105747660274,0.02092105747660274,0.6609195402298852,1.1102230246251565e-16,0.6609195402298851,0.6609195402298851,0.7729885057471263,1.1102230246251565e-16,0.7729885057471264,0.7729885057471264,0.43598055105348443,1.6653345369377348e-16,0.4359805510534846,0.4359805510534846,52.0,0.0,52,52,6.951871657754013,1.7763568394002505e-15,6.951871657754011,6.951871657754011
blood,zscore_robust_2.5,none,chebyshev,141735031.55878663,0.0,141735031.55878663,141735031.55878663,0.6502610472589347,1.1102230246251565e-16,0.6502610472589346,0.6502610472589346,0.06627290471935944,1.3877787807814457e-17,0.06627290471935945,0.06627290471935945,0.020921057476602736,3.469446951953614e-18,0.02092105747660274,0.02092105747660274,0.6609195402298852,1.1102230246251565e-16,0.6609195402298851,0.6609195402298851,0.7729885057471263,1.1102230246251565e-16,0.7729885057471264,0.7729885057471264,0.43598055105348443,1.6653345369377348e-16,0.4359805510534846,0.4359805510534846,52.0,0.0,52,52,6.951871657754013,1.7763568394002505e-15,6.951871657754011,6.951871657754011
blood,zscore_robust_2.5,none,correlation,423170101.9759377,0.0,423170101.9759377,423170101.9759377,0.6070382167968525,0.0,0.6070382167968525,0.6070382167968525,-0.03955668522750777,0.0,-0.03955668522750777,-0.03955668522750777,0.06606843753246827,1.3877787807814457e-17,0.06606843753246826,0.06606843753246826,0.5043103448275863,1.1102230246251565e-16,0.5043103448275862,0.5043103448275862,0.7729885057471263,1.1102230246251565e-16,0.7729885057471264,0.7729885057471264,0.43598055105348443,1.6653345369377348e-16,0.4359805510534846,0.4359805510534846,52.0,0.0,52,52,6.951871657754013,1.7763568394002505e-15,6.951871657754011,6.951871657754011
blood,zscore_robust_2.5,none,hamming,768749447.83,25423298.605977006,669481784.0,808676832.0,0.12147723677207493,0.027660646984419553,0.07706446958690083,0.14632704472858452,-0.009080378515144687,0.05692733002529731,-0.06935450746045264,0.10748719486058768,0.019904363555691106,0.0042415562617227785,0.0031705766365786817,0.03250684861509478,0.6113362068965518,0.058532759935485824,0.5603448275862069,0.7140804597701149,0.7729885057471263,1.1102230246251565e-16,0.7729885057471264,0.7729885057471264,0.43598055105348443,1.6653345369377348e-16,0.4359805510534846,0.4359805510534846,52.0,0.0,52,52,6.951871657754013,1.7763568394002505e-15,6.951871657754011,6.951871657754011
blood,zscore_robust_2.5,minmax,euclidean,103.58995937323606,0.0011570369155693564,103.58893542425244,103.59343287049502,0.40207243584522634,0.0011380573442088392,0.39874779958764794,0.40251247624596737,0.049479743651014,0.001260615191564836,0.04798241236624457,0.05602426121744767,0.013917407203428923,0.001054625564626681,0.013174629040304382,0.017617852898507726,0.6447701149425287,0.000933797517774224,0.6422413793103449,0.6479885057471264,0.7729885057471263,1.1102230246251565e-16,0.7729885057471264,0.7729885057471264,0.43598055105348443,1.6653345369377348e-16,0.4359805510534846,0.4359805510534846,52.0,0.0,52,52,6.951871657754013,1.7763568394002505e-15,6.951871657754011,6.951871657754011
blood,zscore_robust_2.5,minmax,manhattan,113.91158738597142,2.842170943040401e-14,113.91158738597139,113.91158738597139,0.4294868797013234,1.1102230246251565e-16,0.4294868797013235,0.4294868797013235,0.06119495151803353,1.3877787807814457e-17,0.061194951518033516,0.061194951518033516,0.035872582162004174,6.938893903907228e-18,0.03587258216200417,0.03587258216200417,0.632183908045977,0.0,0.632183908045977,0.632183908045977,0.7729885057471263,1.1102230246251565e-16,0.7729885057471264,0.7729885057471264,0.43598055105348443,1.6653345369377348e-16,0.4359805510534846,0.4359805510534846,52.0,0.0,52,52,6.951871657754013,1.7763568394002505e-15,6.951871657754011,6.951871657754011
blood,zscore_robust_2.5,minmax,cosine,122.10014528269973,5.684341886080802e-14,122.10014528269967,122.10014528269967,0.7368442720545153,1.1102230246251565e-16,0.7368442720545154,0.7368442720545154,0.02962899895041928,3.469446951953614e-18,0.029628998950419278,0.029628998950419278,0.04138877054856683,0.0,0.04138877054856683,0.04138877054856683,0.5876436781609196,0.0,0.5876436781609196,0.5876436781609196,0.7729885057471263,1.1102230246251565e-16,0.7729885057471264,0.7729885057471264,0.43598055105348443,1.6653345369377348e-16,0.4359805510534846,0.4359805510534846,52.0,0.0,52,52,6.951871657754013,1.7763568394002505e-15,6.951871657754011,6.951871657754011
blood,zscore_robust_2.5,minmax,minkowski,104.47638140745907,1.4210854715202004e-14,104.47638140745909,104.47638140745909,0.3682392038083432,5.551115123125783e-17,0.36823920380834313,0.36823920380834313,0.04233528513578562,6.938893903907228e-18,0.042335285135785626,0.042335285135785626,0.013600421485959063,1.734723475976807e-18,0.013600421485959064,0.013600421485959064,0.627873563218391,2.220446049250313e-16,0.6278735632183908,0.6278735632183908,0.7729885057471263,1.1102230246251565e-16,0.7729885057471264,0.7729885057471264,0.43598055105348443,1.6653345369377348e-16,0.4359805510534846,0.4359805510534846,52.0,0.0,52,52,6.951871657754013,1.7763568394002505e-15,6.951871657754011,6.951871657754011
blood,zscore_robust_2.5,minmax,chebyshev,108.50067386549695,0.06868584225138419,108.49086160231816,108.98147476125662,0.3044519745019197,0.00028077953255527754,0.3044118631401262,0.30641743122980675,0.02483839742382954,0.0004688658707332964,0.024771416585153347,0.028120458518962606,0.006149216008285685,0.00014094168681556542,0.006129081481597748,0.007135807815994644,0.6078735632183908,0.0008045977011494319,0.6077586206896551,0.6135057471264368,0.7729885057471263,1.1102230246251565e-16,0.7729885057471264,0.7729885057471264,0.43598055105348443,1.6653345369377348e-16,0.4359805510534846,0.4359805510534846,52.0,0.0,52,52,6.951871657754013,1.7763568394002505e-15,6.951871657754011,6.951871657754011
blood,zscore_robust_2.5,minmax,correlation,122.41111122699631,2.842170943040401e-14,122.41111122699628,122.41111122699628,0.7635879830860612,2.220446049250313e-16,0.7635879830860615,0.7635879830860615,0.10496046130071536,0.0,0.10496046130071536,0.10496046130071536,0.06448529670564732,2.7755575615628914e-17,0.06448529670564734,0.06448529670564734,0.6709770114942534,4.440892098500626e-16,0.6709770114942529,0.6709770114942529,0.7729885057471263,1.1102230246251565e-16,0.7729885057471264,0.7729885057471264,0.43598055105348443,1.6653345369377348e-16,0.4359805510534846,0.4359805510534846,52.0,0.0,52,52,6.951871657754013,1.7763568394002505e-15,6.951871657754011,6.951871657754011
blood,zscore_robust_2.5,minmax,hamming,287.6904291802782,6.1027964285590475,273.7724070050543,315.2232206145217,0.12882573077642426,0.0071317486956725224,0.07929012838569133,0.14208386004762333,-0.010777780032358346,0.025943574973501894,-0.04433958132303622,0.0722026759438846,0.008027528050243225,0.008016712472021728,5.089010802994183e-07,0.020464409898022045,0.5829454022988505,0.017891081290253075,0.5603448275862069,0.6910919540229885,0.7729885057471263,1.1102230246251565e-16,0.7729885057471264,0.7729885057471264,0.43598055105348443,1.6653345369377348e-16,0.4359805510534846,0.4359805510534846,52.0,0.0,52,52,6.951871657754013,1.7763568394002505e-15,6.951871657754011,6.951871657754011
blood,zscore_robust_2.5,standard,euclidean,1551.5630130472243,4.547473508864641e-13,1551.5630130472248,1551.5630130472248,0.4018784770045747,5.551115123125783e-17,0.40187847700457474,0.40187847700457474,0.027263959380579465,3.469446951953614e-18,0.027263959380579468,0.027263959380579468,0.006876022435846134,1.734723475976807e-18,0.0068760224358461325,0.0068760224358461325,0.6120689655172411,2.220446049250313e-16,0.6120689655172413,0.6120689655172413,0.7729885057471263,1.1102230246251565e-16,0.7729885057471264,0.7729885057471264,0.43598055105348443,1.6653345369377348e-16,0.4359805510534846,0.4359805510534846,52.0,0.0,52,52,6.951871657754013,1.7763568394002505e-15,6.951871657754011,6.951871657754011
blood,zscore_robust_2.5,standard,manhattan,1714.280798488101,2.2737367544323206e-13,1714.2807984881013,1714.2807984881013,0.4296669965763594,5.551115123125783e-17,0.42966699657635943,0.42966699657635943,0.05869257389797286,0.0,0.05869257389797286,0.05869257389797286,0.03473761435057533,6.938893903907228e-18,0.034737614350575326,0.034737614350575326,0.6293103448275863,1.1102230246251565e-16,0.6293103448275862,0.6293103448275862,0.7729885057471263,1.1102230246251565e-16,0.7729885057471264,0.7729885057471264,0.43598055105348443,1.6653345369377348e-16,0.4359805510534846,0.4359805510534846,52.0,0.0,52,52,6.951871657754013,1.7763568394002505e-15,6.951871657754011,6.951871657754011
blood,zscore_robust_2.5,standard,cosine,1573.1967277651884,4.547473508864641e-13,1573.196727765188,1573.196727765188,0.5922159802436235,2.220446049250313e-16,0.5922159802436238,0.5922159802436238,0.02245942544629418,0.0,0.02245942544629418,0.02245942544629418,0.010837967514057826,5.204170427930421e-18,0.010837967514057831,0.010837967514057831,0.5847701149425288,1.1102230246251565e-16,0.5847701149425287,0.5847701149425287,0.7729885057471263,1.1102230246251565e-16,0.7729885057471264,0.7729885057471264,0.43598055105348443,1.6653345369377348e-16,0.4359805510534846,0.4359805510534846,52.0,0.0,52,52,6.951871657754013,1.7763568394002505e-15,6.951871657754011,6.951871657754011
blood,zscore_robust_2.5,standard,minkowski,1553.8234421949244,2.2737367544323206e-13,1553.8234421949242,1553.8234421949242,0.37805699593651015,5.551115123125783e-17,0.3780569959365101,0.3780569959365101,0.023966118067576255,0.0,0.023966118067576255,0.023966118067576255,0.005890760520289704,8.673617379884035e-19,0.005890760520289705,0.005890760520289705,0.6063218390804597,1.1102230246251565e-16,0.6063218390804598,0.6063218390804598,0.7729885057471263,1.1102230246251565e-16,0.7729885057471264,0.7729885057471264,0.43598055105348443,1.6653345369377348e-16,0.4359805510534846,0.4359805510534846,52.0,0.0,52,52,6.951871657754013,1.7763568394002505e-15,6.951871657754011,6.951871657754011
blood,zscore_robust_2.5,standard,chebyshev,1596.6939738767728,4.547473508864641e-13,1596.6939738767733,1596.6939738767733,0.33495849023399704,1.6653345369377348e-16,0.3349584902339972,0.3349584902339972,0.02226088133852998,3.469446951953614e-18,0.022260881338529985,0.022260881338529985,0.0038634887365612512,0.0,0.0038634887365612512,0.0038634887365612512,0.617816091954023,0.0,0.617816091954023,0.617816091954023,0.7729885057471263,1.1102230246251565e-16,0.7729885057471264,0.7729885057471264,0.43598055105348443,1.6653345369377348e-16,0.4359805510534846,0.4359805510534846,52.0,0.0,52,52,6.951871657754013,1.7763568394002505e-15,6.951871657754011,6.951871657754011
blood,zscore_robust_2.5,standard,correlation,1925.3143541855607,4.547473508864641e-13,1925.3143541855602,1925.3143541855602,0.7133615535675775,1.1102230246251565e-16,0.7133615535675774,0.7133615535675774,0.04990110416652027,6.938893903907228e-18,0.04990110416652028,0.04990110416652028,0.0474670271647264,6.938893903907228e-18,0.047467027164726394,0.047467027164726394,0.613505747126437,2.220446049250313e-16,0.6135057471264368,0.6135057471264368,0.7729885057471263,1.1102230246251565e-16,0.7729885057471264,0.7729885057471264,0.43598055105348443,1.6653345369377348e-16,0.4359805510534846,0.4359805510534846,52.0,0.0,52,52,6.951871657754013,1.7763568394002505e-15,6.951871657754011,6.951871657754011
blood,zscore_robust_2.5,standard,hamming,4311.412585659584,104.4526481196669,4080.325974673824,4726.168628828237,0.12885909383956767,0.007257519670923086,0.07929012838569133,0.14632704472858452,-0.010448988226932823,0.025911801936256956,-0.05153159219675602,0.0722026759438846,0.007876827842537019,0.008044193046580208,5.089010802994183e-07,0.02334424195196218,0.5834051724137931,0.017699114256418378,0.5603448275862069,0.6910919540229885,0.7729885057471263,1.1102230246251565e-16,0.7729885057471264,0.7729885057471264,0.43598055105348443,1.6653345369377348e-16,0.4359805510534846,0.4359805510534846,52.0,0.0,52,52,6.951871657754013,1.7763568394002505e-15,6.951871657754011,6.951871657754011
blood,zscore_robust_2.5,robust,euclidean,806.6222705129355,1.1368683772161603e-13,806.6222705129356,806.6222705129356,0.4466189255874394,1.1102230246251565e-16,0.4466189255874395,0.4466189255874395,0.04685713023547683,0.0,0.04685713023547683,0.04685713023547683,0.012798511654423363,1.734723475976807e-18,0.012798511654423365,0.012798511654423365,0.6422413793103449,0.0,0.6422413793103449,0.6422413793103449,0.7729885057471263,1.1102230246251565e-16,0.7729885057471264,0.7729885057471264,0.43598055105348443,1.6653345369377348e-16,0.4359805510534846,0.4359805510534846,52.0,0.0,52,52,6.951871657754013,1.7763568394002505e-15,6.951871657754011,6.951871657754011
blood,zscore_robust_2.5,robust,manhattan,902.3894789514463,0.0,902.3894789514463,902.3894789514463,0.45998280127518426,1.6653345369377348e-16,0.4599828012751844,0.4599828012751844,0.05883778999466536,2.0816681711721685e-17,0.05883778999466534,0.05883778999466534,0.03288337291954545,6.938893903907228e-18,0.03288337291954544,0.03288337291954544,0.6307471264367814,2.220446049250313e-16,0.6307471264367817,0.6307471264367817,0.7729885057471263,1.1102230246251565e-16,0.7729885057471264,0.7729885057471264,0.43598055105348443,1.6653345369377348e-16,0.4359805510534846,0.4359805510534846,52.0,0.0,52,52,6.951871657754013,1.7763568394002505e-15,6.951871657754011,6.951871657754011
blood,zscore_robust_2.5,robust,cosine,944.0939997648871,1.1368683772161603e-13,944.0939997648873,944.0939997648873,0.6117030868907749,2.220446049250313e-16,0.6117030868907747,0.6117030868907747,-0.004112327349925065,8.673617379884035e-19,-0.0041123273499250644,-0.0041123273499250644,0.017043885021866847,3.469446951953614e-18,0.017043885021866843,0.017043885021866843,0.5229885057471266,2.220446049250313e-16,0.5229885057471264,0.5229885057471264,0.7729885057471263,1.1102230246251565e-16,0.7729885057471264,0.7729885057471264,0.43598055105348443,1.6653345369377348e-16,0.4359805510534846,0.4359805510534846,52.0,0.0,52,52,6.951871657754013,1.7763568394002505e-15,6.951871657754011,6.951871657754011
blood,zscore_robust_2.5,robust,minkowski,810.8809717259621,0.029999372753729714,810.7340054142619,810.8870953222831,0.4266045169832675,6.57977866188867e-05,0.42628217497642606,0.4266179479002194,0.03622069462754211,0.00041589693518881134,0.03613580002114212,0.03825816518114202,0.00877501834949396,0.0001857230943080006,0.008737107781618509,0.00968487197850476,0.6308045977011493,0.0002815505451474833,0.6307471264367817,0.632183908045977,0.7729885057471263,1.1102230246251565e-16,0.7729885057471264,0.7729885057471264,0.43598055105348443,1.6653345369377348e-16,0.4359805510534846,0.4359805510534846,52.0,0.0,52,52,6.951871657754013,1.7763568394002505e-15,6.951871657754011,6.951871657754011
blood,zscore_robust_2.5,robust,chebyshev,839.3319864359818,1.1368683772161603e-13,839.3319864359819,839.3319864359819,0.38064334072511663,1.6653345369377348e-16,0.3806433407251168,0.3806433407251168,0.023536598004725448,0.0,0.023536598004725448,0.023536598004725448,0.0050852059727072305,8.673617379884035e-19,0.005085205972707231,0.005085205972707231,0.610632183908046,0.0,0.610632183908046,0.610632183908046,0.7729885057471263,1.1102230246251565e-16,0.7729885057471264,0.7729885057471264,0.43598055105348443,1.6653345369377348e-16,0.4359805510534846,0.4359805510534846,52.0,0.0,52,52,6.951871657754013,1.7763568394002505e-15,6.951871657754011,6.951871657754011
blood,zscore_robust_2.5,robust,correlation,1190.7582954112622,4.547473508864641e-13,1190.7582954112627,1190.7582954112627,0.7295421645765988,1.1102230246251565e-16,0.7295421645765987,0.7295421645765987,0.005207468663594244,1.734723475976807e-18,0.005207468663594245,0.005207468663594245,0.0468805285981931,1.3877787807814457e-17,0.04688052859819308,0.04688052859819308,0.5560344827586207,0.0,0.5560344827586207,0.5560344827586207,0.7729885057471263,1.1102230246251565e-16,0.7729885057471264,0.7729885057471264,0.43598055105348443,1.6653345369377348e-16,0.4359805510534846,0.4359805510534846,52.0,0.0,52,52,6.951871657754013,1.7763568394002505e-15,6.951871657754011,6.951871657754011
blood,zscore_robust_2.5,robust,hamming,2532.9140125419676,48.23192910814636,2411.7763671875,2690.131028861054,0.12885909383956767,0.007257519670923086,0.07929012838569133,0.14632704472858452,-0.010448988226932823,0.025911801936256956,-0.05153159219675602,0.0722026759438846,0.007876827842537019,0.008044193046580208,5.089010802994183e-07,0.02334424195196218,0.5834051724137931,0.017699114256418378,0.5603448275862069,0.6910919540229885,0.7729885057471263,1.1102230246251565e-16,0.7729885057471264,0.7729885057471264,0.43598055105348443,1.6653345369377348e-16,0.4359805510534846,0.4359805510534846,52.0,0.0,52,52,6.951871657754013,1.7763568394002505e-15,6.951871657754011,6.951871657754011
blood,zscore_robust_3.5,none,euclidean,213685806.7754333,5.960464477539063e-08,213685806.77543336,213685806.77543336,0.656338966092508,1.1102230246251565e-16,0.6563389660925079,0.6563389660925079,0.06361948322660795,1.3877787807814457e-17,0.06361948322660796,0.06361948322660796,0.015455167976399722,0.0,0.015455167976399722,0.015455167976399722,0.675378266850069,2.220446049250313e-16,0.6753782668500687,0.6753782668500687,0.7716643741403024,2.220446049250313e-16,0.7716643741403026,0.7716643741403026,0.43555900621118016,5.551115123125783e-17,0.4355590062111801,0.4355590062111801,21.0,0.0,21,21,2.8074866310160433,4.440892098500626e-16,2.807486631016043,2.807486631016043
blood,zscore_robust_3.5,none,manhattan,268262092.0,0.0,268262092.0,268262092.0,0.598950677541519,0.0,0.598950677541519,0.598950677541519,0.05049918386601931,0.0,0.05049918386601931,0.05049918386601931,0.02137544206038328,3.469446951953614e-18,0.021375442060383276,0.021375442060383276,0.628610729023384,2.220446049250313e-16,0.6286107290233838,0.6286107290233838,0.7716643741403024,2.220446049250313e-16,0.7716643741403026,0.7716643741403026,0.43555900621118016,5.551115123125783e-17,0.4355590062111801,0.4355590062111801,21.0,0.0,21,21,2.8074866310160433,4.440892098500626e-16,2.807486631016043,2.807486631016043
blood,zscore_robust_3.5,none,cosine,591935813.7735587,1.1920928955078125e-07,591935813.7735589,591935813.7735589,0.7135860038131473,1.1102230246251565e-16,0.7135860038131472,0.7135860038131472,-0.058570493548253805,0.0,-0.058570493548253805,-0.058570493548253805,0.0629144534297906,1.3877787807814457e-17,0.06291445342979059,0.06291445342979059,0.528198074277854,1.1102230246251565e-16,0.5281980742778541,0.5281980742778541,0.7716643741403024,2.220446049250313e-16,0.7716643741403026,0.7716643741403026,0.43555900621118016,5.551115123125783e-17,0.4355590062111801,0.4355590062111801,21.0,0.0,21,21,2.8074866310160433,4.440892098500626e-16,2.807486631016043,2.807486631016043
blood,zscore_robust_3.5,none,minkowski,213685806.7754333,5.960464477539063e-08,213685806.77543336,213685806.77543336,0.6567014614517871,1.1102230246251565e-16,0.6567014614517872,0.6567014614517872,0.06361948322660795,1.3877787807814457e-17,0.06361948322660796,0.06361948322660796,0.015455167976399722,0.0,0.015455167976399722,0.015455167976399722,0.675378266850069,2.220446049250313e-16,0.6753782668500687,0.6753782668500687,0.7716643741403024,2.220446049250313e-16,0.7716643741403026,0.7716643741403026,0.43555900621118016,5.551115123125783e-17,0.4355590062111801,0.4355590062111801,21.0,0.0,21,21,2.8074866310160433,4.440892098500626e-16,2.807486631016043,2.807486631016043
blood,zscore_robust_3.5,none,chebyshev,213959644.764789,928629.8028627652,213685806.77543336,217108781.64237893,0.6575866690199043,0.0025418667883997446,0.6568371133967704,0.666206558685941,0.06410887146290437,0.001659596254210993,0.06361948322660796,0.06973683618031318,0.015409637412517337,0.0001544016542840547,0.014886035927869893,0.015455167976399722,0.6774690508940853,0.007090193654986528,0.6753782668500687,0.7015130674002751,0.7716643741403024,2.220446049250313e-16,0.7716643741403026,0.7716643741403026,0.43555900621118016,5.551115123125783e-17,0.4355590062111801,0.4355590062111801,21.0,0.0,21,21,2.8074866310160433,4.440892098500626e-16,2.807486631016043,2.807486631016043
blood,zscore_robust_3.5,none,correlation,606354826.9439508,1.1920928955078125e-07,606354826.9439507,606354826.9439507,0.6048772741072966,0.0,0.6048772741072966,0.6048772741072966,-0.04237895807072523,1.3877787807814457e-17,-0.042378958070725246,-0.042378958070725246,0.06668167703997664,1.3877787807814457e-17,0.06668167703997663,0.06668167703997663,0.5006877579092159,0.0,0.5006877579092159,0.5006877579092159,0.7716643741403024,2.220446049250313e-16,0.7716643741403026,0.7716643741403026,0.43555900621118016,5.551115123125783e-17,0.4355590062111801,0.4355590062111801,21.0,0.0,21,21,2.8074866310160433,4.440892098500626e-16,2.807486631016043,2.807486631016043
blood,zscore_robust_3.5,none,hamming,1089756337.34,51284178.527333595,962806574.0,1148761405.0,0.11864902077151392,0.02438721533037788,0.07482012209926729,0.1407653996916662,-0.007484291867581456,0.05742733283135185,-0.07068812172768632,0.10191664049274603,0.01946889378944303,0.008523362976872326,0.00019775549749567268,0.03476198042742606,0.6069188445667126,0.05816524575109739,0.562585969738652,0.7221458046767538,0.7716643741403024,2.220446049250313e-16,0.7716643741403026,0.7716643741403026,0.43555900621118016,5.551115123125783e-17,0.4355590062111801,0.4355590062111801,21.0,0.0,21,21,2.8074866310160433,4.440892098500626e-16,2.807486631016043,2.807486631016043
blood,zscore_robust_3.5,minmax,euclidean,73.37306063416341,0.002174488979823753,73.37132193439194,73.37578013893415,0.43307587406204395,0.0005861897769425507,0.43234276117448844,0.43354458558031744,0.021562697573165406,0.00014325842069285325,0.021448149564125378,0.021741862407817742,0.0037383750483680317,0.00010417215696351892,0.0036550800272456105,0.003868657004482585,0.615694635488308,0.000670907752311297,0.6148555708390646,0.6162310866574966,0.7716643741403024,2.220446049250313e-16,0.7716643741403026,0.7716643741403026,0.43555900621118016,5.551115123125783e-17,0.4355590062111801,0.4355590062111801,21.0,0.0,21,21,2.8074866310160433,4.440892098500626e-16,2.807486631016043,2.807486631016043
blood,zscore_robust_3.5,minmax,manhattan,82.22795717592591,1.4210854715202004e-14,82.22795717592592,82.22795717592592,0.4375638859021516,0.0,0.4375638859021516,0.4375638859021516,0.04189415594470779,1.3877787807814457e-17,0.04189415594470777,0.04189415594470777,0.018504591314585622,3.469446951953614e-18,0.018504591314585626,0.018504591314585626,0.6162310866574966,0.0,0.6162310866574966,0.6162310866574966,0.7716643741403024,2.220446049250313e-16,0.7716643741403026,0.7716643741403026,0.43555900621118016,5.551115123125783e-17,0.4355590062111801,0.4355590062111801,21.0,0.0,21,21,2.8074866310160433,4.440892098500626e-16,2.807486631016043,2.807486631016043
blood,zscore_robust_3.5,minmax,cosine,94.789725144059,1.4210854715202004e-14,94.78972514405899,94.78972514405899,0.7154594003261563,3.3306690738754696e-16,0.7154594003261566,0.7154594003261566,0.011557135830004275,1.734723475976807e-18,0.011557135830004277,0.011557135830004277,0.03608540709865006,6.938893903907228e-18,0.03608540709865005,0.03608540709865005,0.5612104539202198,2.220446049250313e-16,0.5612104539202201,0.5612104539202201,0.7716643741403024,2.220446049250313e-16,0.7716643741403026,0.7716643741403026,0.43555900621118016,5.551115123125783e-17,0.4355590062111801,0.4355590062111801,21.0,0.0,21,21,2.8074866310160433,4.440892098500626e-16,2.807486631016043,2.807486631016043
blood,zscore_robust_3.5,minmax,minkowski,73.60940234581746,2.842170943040401e-14,73.60940234581749,73.60940234581749,0.41706611569907837,0.0,0.41706611569907837,0.41706611569907837,0.015233878898779609,3.469446951953614e-18,0.015233878898779606,0.015233878898779606,0.00237412083236652,0.0,0.00237412083236652,0.00237412083236652,0.6024759284731774,0.0,0.6024759284731774,0.6024759284731774,0.7716643741403024,2.220446049250313e-16,0.7716643741403026,0.7716643741403026,0.43555900621118016,5.551115123125783e-17,0.4355590062111801,0.4355590062111801,21.0,0.0,21,21,2.8074866310160433,4.440892098500626e-16,2.807486631016043,2.807486631016043
blood,zscore_robust_3.5,minmax,chebyshev,75.06590515158855,1.4210854715202004e-14,75.06590515158854,75.06590515158854,0.40023443523704444,5.551115123125783e-17,0.4002344352370444,0.4002344352370444,0.010019257649204501,0.0,0.010019257649204501,0.010019257649204501,0.0008504556152949838,3.2526065174565133e-19,0.0008504556152949841,0.0008504556152949841,0.6121045392022006,2.220446049250313e-16,0.6121045392022009,0.6121045392022009,0.7716643741403024,2.220446049250313e-16,0.7716643741403026,0.7716643741403026,0.43555900621118016,5.551115123125783e-17,0.4355590062111801,0.4355590062111801,21.0,0.0,21,21,2.8074866310160433,4.440892098500626e-16,2.807486631016043,2.807486631016043
blood,zscore_robust_3.5,minmax,correlation,97.61817202933742,1.4210854715202004e-14,97.61817202933743,97.61817202933743,0.7385342783286585,1.1102230246251565e-16,0.7385342783286586,0.7385342783286586,0.06654548886098186,0.0,0.06654548886098186,0.06654548886098186,0.057949439647386185,2.7755575615628914e-17,0.05794943964738621,0.05794943964738621,0.6313617606602476,0.0,0.6313617606602476,0.6313617606602476,0.7716643741403024,2.220446049250313e-16,0.7716643741403026,0.7716643741403026,0.43555900621118016,5.551115123125783e-17,0.4355590062111801,0.4355590062111801,21.0,0.0,21,21,2.8074866310160433,4.440892098500626e-16,2.807486631016043,2.807486631016043
blood,zscore_robust_3.5,minmax,hamming,209.73482570891196,9.439602856700885,182.2236154513889,227.83257908950617,0.12428143310886629,0.005286720671798984,0.11804275938269398,0.1407653996916662,-0.005120620511180785,0.020637363916264948,-0.053282442679220984,0.013917250502419223,0.004740248938252515,0.008083353253670022,0.00019775549749567268,0.02533656465397991,0.5859972489683632,0.012041822016069861,0.562585969738652,0.6121045392022009,0.7716643741403024,2.220446049250313e-16,0.7716643741403026,0.7716643741403026,0.43555900621118016,5.551115123125783e-17,0.4355590062111801,0.4355590062111801,21.0,0.0,21,21,2.8074866310160433,4.440892098500626e-16,2.807486631016043,2.807486631016043
blood,zscore_robust_3.5,standard,euclidean,1623.3084494401278,0.06616440126269521,1623.2667009674858,1623.4561137272049,0.4273694623873153,0.0023437722710695015,0.42530852453194984,0.43174662235970923,0.04726634896732745,0.003299809585891485,0.04419390271676635,0.052114811411696306,0.009406137668526998,0.0009076257056242243,0.008519442196499655,0.01061083278594978,0.6638376891334251,0.004401199254711768,0.6602475928473177,0.671251719394773,0.7716643741403024,2.220446049250313e-16,0.7716643741403026,0.7716643741403026,0.43555900621118016,5.551115123125783e-17,0.4355590062111801,0.4355590062111801,21.0,0.0,21,21,2.8074866310160433,4.440892098500626e-16,2.807486631016043,2.807486631016043
blood,zscore_robust_3.5,standard,manhattan,1808.168297413512,6.821210263296962e-13,1808.1682974135126,1808.1682974135126,0.42635859130150977,1.1102230246251565e-16,0.4263585913015099,0.4263585913015099,0.047198569379857724,0.0,0.047198569379857724,0.047198569379857724,0.021922464922077167,3.469446951953614e-18,0.021922464922077164,0.021922464922077164,0.6217331499312241,1.1102230246251565e-16,0.6217331499312242,0.6217331499312242,0.7716643741403024,2.220446049250313e-16,0.7716643741403026,0.7716643741403026,0.43555900621118016,5.551115123125783e-17,0.4355590062111801,0.4355590062111801,21.0,0.0,21,21,2.8074866310160433,4.440892098500626e-16,2.807486631016043,2.807486631016043
blood,zscore_robust_3.5,standard,cosine,1674.8052233087874,6.821210263296962e-13,1674.8052233087867,1674.8052233087867,0.5865395829000931,1.1102230246251565e-16,0.5865395829000932,0.5865395829000932,0.029776929865738214,0.0,0.029776929865738214,0.029776929865738214,0.014167476604087917,3.469446951953614e-18,0.014167476604087913,0.014167476604087913,0.5969738651994501,2.220446049250313e-16,0.5969738651994498,0.5969738651994498,0.7716643741403024,2.220446049250313e-16,0.7716643741403026,0.7716643741403026,0.43555900621118016,5.551115123125783e-17,0.4355590062111801,0.4355590062111801,21.0,0.0,21,21,2.8074866310160433,4.440892098500626e-16,2.807486631016043,2.807486631016043
blood,zscore_robust_3.5,standard,minkowski,1636.654715371972,4.547473508864641e-13,1636.6547153719725,1636.6547153719725,0.3912476271256057,1.1102230246251565e-16,0.39124762712560557,0.39124762712560557,0.025720211535552262,6.938893903907228e-18,0.025720211535552255,0.025720211535552255,0.004387056464513899,8.673617379884035e-19,0.0043870564645139,0.0043870564645139,0.6272352132049521,2.220446049250313e-16,0.6272352132049519,0.6272352132049519,0.7716643741403024,2.220446049250313e-16,0.7716643741403026,0.7716643741403026,0.43555900621118016,5.551115123125783e-17,0.4355590062111801,0.4355590062111801,21.0,0.0,21,21,2.8074866310160433,4.440892098500626e-16,2.807486631016043,2.807486631016043
blood,zscore_robust_3.5,standard,chebyshev,1684.751764384557,2.2737367544323206e-13,1684.7517643845567,1684.7517643845567,0.3456290192029913,1.6653345369377348e-16,0.3456290192029915,0.3456290192029915,0.020389472078787194,3.469446951953614e-18,0.02038947207878719,0.02038947207878719,0.00282881956640242,8.673617379884035e-19,0.002828819566402421,0.002828819566402421,0.624484181568088,0.0,0.624484181568088,0.624484181568088,0.7716643741403024,2.220446049250313e-16,0.7716643741403026,0.7716643741403026,0.43555900621118016,5.551115123125783e-17,0.4355590062111801,0.4355590062111801,21.0,0.0,21,21,2.8074866310160433,4.440892098500626e-16,2.807486631016043,2.807486631016043
blood,zscore_robust_3.5,standard,correlation,2154.5624165187837,4.547473508864641e-13,2154.562416518784,2154.562416518784,0.6986246821485913,1.1102230246251565e-16,0.6986246821485912,0.6986246821485912,0.032010778487334794,6.938893903907228e-18,0.03201077848733479,0.03201077848733479,0.05108222943630203,0.0,0.05108222943630203,0.05108222943630203,0.5914718019257222,1.1102230246251565e-16,0.5914718019257221,0.5914718019257221,0.7716643741403024,2.220446049250313e-16,0.7716643741403026,0.7716643741403026,0.43555900621118016,5.551115123125783e-17,0.4355590062111801,0.4355590062111801,21.0,0.0,21,21,2.8074866310160433,4.440892098500626e-16,2.807486631016043,2.807486631016043
blood,zscore_robust_3.5,standard,hamming,4442.8768796855,176.28924804535185,3915.073724915337,4822.312359293064,0.1247034022095379,0.005733953286825928,0.11804275938269398,0.1407653996916662,-0.010893635053428217,0.023695414987172467,-0.053282442679220984,0.013917250502419223,0.007172132169677263,0.009332506292154347,0.00019775549749567268,0.02533656465397991,0.5824071526822558,0.013443645914845023,0.562585969738652,0.6121045392022009,0.7716643741403024,2.220446049250313e-16,0.7716643741403026,0.7716643741403026,0.43555900621118016,5.551115123125783e-17,0.4355590062111801,0.4355590062111801,21.0,0.0,21,21,2.8074866310160433,4.440892098500626e-16,2.807486631016043,2.807486631016043
blood,zscore_robust_3.5,robust,euclidean,864.3793131462313,0.0018858821201026394,864.3753200215262,864.3802759314231,0.4557934173314871,0.0004946013573580431,0.45479984609398394,0.4560722017845414,0.05229943806025758,0.0007280428602421449,0.05088910110276711,0.05368527515211628,0.010704073870196016,0.000291347038076769,0.010248041941700654,0.011290079184761811,0.6711416781292985,0.000373168087104543,0.6698762035763411,0.671251719394773,0.7716643741403024,2.220446049250313e-16,0.7716643741403026,0.7716643741403026,0.43555900621118016,5.551115123125783e-17,0.4355590062111801,0.4355590062111801,21.0,0.0,21,21,2.8074866310160433,4.440892098500626e-16,2.807486631016043,2.807486631016043
blood,zscore_robust_3.5,robust,manhattan,970.8405613754534,2.2737367544323206e-13,970.8405613754531,970.8405613754531,0.4397125016030483,1.1102230246251565e-16,0.4397125016030484,0.4397125016030484,0.04553517398489795,6.938893903907228e-18,0.04553517398489796,0.04553517398489796,0.020594630774050632,3.469446951953614e-18,0.02059463077405063,0.02059463077405063,0.6203576341127924,1.1102230246251565e-16,0.6203576341127923,0.6203576341127923,0.7716643741403024,2.220446049250313e-16,0.7716643741403026,0.7716643741403026,0.43555900621118016,5.551115123125783e-17,0.4355590062111801,0.4355590062111801,21.0,0.0,21,21,2.8074866310160433,4.440892098500626e-16,2.807486631016043,2.807486631016043
blood,zscore_robust_3.5,robust,cosine,953.5888364388612,3.410605131648481e-13,953.5888364388609,953.5888364388609,0.6034377894348794,1.1102230246251565e-16,0.6034377894348792,0.6034377894348792,0.016834108374681026,3.469446951953614e-18,0.01683410837468103,0.01683410837468103,0.01959082398346271,3.469446951953614e-18,0.019590823983462707,0.019590823983462707,0.566712517193948,2.220446049250313e-16,0.5667125171939478,0.5667125171939478,0.7716643741403024,2.220446049250313e-16,0.7716643741403026,0.7716643741403026,0.43555900621118016,5.551115123125783e-17,0.4355590062111801,0.4355590062111801,21.0,0.0,21,21,2.8074866310160433,4.440892098500626e-16,2.807486631016043,2.807486631016043
blood,zscore_robust_3.5,robust,minkowski,870.3392417568303,0.006969758043003365,870.2904534505295,870.340237436551,0.42816685088283735,0.0005923255033382604,0.4240205723594693,0.42825146881188547,0.04326957613390421,0.0010469975101479558,0.03594059356286852,0.04341914720678249,0.008452532442362546,0.0002830733372120737,0.006471019081878028,0.008492971490535697,0.6573039889958736,0.0013480055020632807,0.6478679504814305,0.657496561210454,0.7716643741403024,2.220446049250313e-16,0.7716643741403026,0.7716643741403026,0.43555900621118016,5.551115123125783e-17,0.4355590062111801,0.4355590062111801,21.0,0.0,21,21,2.8074866310160433,4.440892098500626e-16,2.807486631016043,2.807486631016043
blood,zscore_robust_3.5,robust,chebyshev,898.9357271487366,0.08627344738303122,898.670568388186,898.9696349708452,0.3720377704551832,0.0002386004554328999,0.37192603795231527,0.37256471355084114,0.024428776668972932,0.0011721010740361614,0.021128498014050073,0.02494431796739958,0.0044970386611938775,0.00037590397870160074,0.003446738972176867,0.004663236599206103,0.6199862448418159,0.0008446831976805677,0.6176066024759285,0.6203576341127923,0.7716643741403024,2.220446049250313e-16,0.7716643741403026,0.7716643741403026,0.43555900621118016,5.551115123125783e-17,0.4355590062111801,0.4355590062111801,21.0,0.0,21,21,2.8074866310160433,4.440892098500626e-16,2.807486631016043,2.807486631016043
blood,zscore_robust_3.5,robust,correlation,1124.421649372192,2.2737367544323206e-13,1124.4216493721917,1124.4216493721917,0.7225540548354,2.220446049250313e-16,0.7225540548354003,0.7225540548354003,0.056228497436031394,1.3877787807814457e-17,0.05622849743603141,0.05622849743603141,0.05275305463700398,1.3877787807814457e-17,0.052753054637003964,0.052753054637003964,0.6203576341127924,1.1102230246251565e-16,0.6203576341127923,0.6203576341127923,0.7716643741403024,2.220446049250313e-16,0.7716643741403026,0.7716643741403026,0.43555900621118016,5.551115123125783e-17,0.4355590062111801,0.4355590062111801,21.0,0.0,21,21,2.8074866310160433,4.440892098500626e-16,2.807486631016043,2.807486631016043
blood,zscore_robust_3.5,robust,hamming,2522.8574517610664,104.53449802887718,2206.518126222022,2709.2787113351615,0.1247034022095379,0.005733953286825928,0.11804275938269398,0.1407653996916662,-0.010893635053428217,0.023695414987172467,-0.053282442679220984,0.013917250502419223,0.007172132169677263,0.009332506292154347,0.00019775549749567268,0.02533656465397991,0.5824071526822558,0.013443645914845023,0.562585969738652,0.6121045392022009,0.7716643741403024,2.220446049250313e-16,0.7716643741403026,0.7716643741403026,0.43555900621118016,5.551115123125783e-17,0.4355590062111801,0.4355590062111801,21.0,0.0,21,21,2.8074866310160433,4.440892098500626e-16,2.807486631016043,2.807486631016043
