dataset,outlier_method,norm,metric,inertia_mean,inertia_std,inertia_min,inertia_max,silhouette_mean,silhouette_std,silhouette_min,silhouette_max,ari_mean,ari_std,ari_min,ari_max,nmi_mean,nmi_std,nmi_min,nmi_max,acc_mean,acc_std,acc_min,acc_max,hungarian_acc_mean,hungarian_acc_std,hungarian_acc_min,hungarian_acc_max,macro_f1_mean,macro_f1_std,macro_f1_min,macro_f1_max,removed_count_mean,removed_count_std,removed_count_min,removed_count_max,removed_pct_mean,removed_pct_std,removed_pct_min,removed_pct_max
ecoli,none,none,euclidean,13.92460984200526,0.03728048848285657,13.849215763506223,14.026839062408436,0.2562564451294406,0.004968082882738023,0.25085489261692545,0.27413045470861314,0.42194156247279474,0.016068491459841582,0.3959734598394162,0.47291239403726937,0.6106056558244264,0.0075197322170657286,0.5877586321755831,0.6248893536960801,0.8250595238095236,0.010752082801973716,0.7946428571428571,0.8363095238095238,0.586220238095238,0.02641762629965815,0.5386904761904762,0.6428571428571429,0.576305347733135,0.027648369112678043,0.510315419706361,0.6047125418747052,0.0,0.0,0,0,0.0,0.0,0.0,0.0
ecoli,none,none,manhattan,15.071227499999997,0.37469725395144016,14.387,15.951800000000002,0.2351455042575981,0.014198348461410455,0.2007059604255393,0.2619740646312946,0.43231934783559867,0.05644445572714346,0.32203235635408756,0.587762680294117,0.6003075221481227,0.025714634647385447,0.5415095298298908,0.6654659665593554,0.8153869047619047,0.0240738857902254,0.7529761904761905,0.8541666666666666,0.5854761904761905,0.05130641632397521,0.46130952380952384,0.7321428571428571,0.5600761553167453,0.05938907534552171,0.3951586630299588,0.6224391948647134,0.0,0.0,0,0,0.0,0.0,0.0,0.0
ecoli,none,none,cosine,15.434327709652443,0.26645978971695816,14.828968637956542,15.956173947216577,0.3998370651310191,0.012892853894317208,0.3368195673166924,0.4221737739545953,0.3820391917019379,0.022132239069479843,0.3452301577548316,0.49876617503522963,0.5578371439504641,0.012442277715202803,0.531025737920859,0.5888509679278766,0.7847619047619048,0.01601555543442113,0.75,0.8184523809523809,0.5648511904761905,0.02833575607388854,0.5,0.6875,0.5071723934304402,0.032835913882288,0.38752814471152014,0.594787026037026,0.0,0.0,0,0,0.0,0.0,0.0,0.0
ecoli,none,none,minkowski,13.925651942599979,0.02921833869138813,13.870037642907135,13.985213551321088,0.2620550852733275,0.0032363281455964972,0.2578022393411343,0.271805070524709,0.42564301596122234,0.014662123014663676,0.407208954121983,0.45987587962777726,0.6122524673171209,0.008053748427185928,0.5925532431079429,0.6285229787600926,0.8275595238095238,0.010745819996272523,0.7916666666666666,0.8363095238095238,0.5916666666666667,0.02325241069598168,0.5565476190476191,0.6309523809523809,0.5821459253298559,0.007904508106821322,0.5589550483369424,0.5886834152269866,0.0,0.0,0,0,0.0,0.0,0.0,0.0
ecoli,none,none,chebyshev,14.529086667398309,0.14903537589956492,14.250262025149647,14.831999213909931,0.26297632197790327,0.004601045613484073,0.25223939218735536,0.27571150899400376,0.41168702641801985,0.027660465531860294,0.3674015899158274,0.4979946954208064,0.5890507283796308,0.014411191306482222,0.5611868646524852,0.6191846485391754,0.8117261904761905,0.014289558014647203,0.7827380952380952,0.8392857142857143,0.5676190476190476,0.027065601207205477,0.5119047619047619,0.6458333333333334,0.5646353609171603,0.012768001727679624,0.53517376711958,0.5911109148782672,0.0,0.0,0,0,0.0,0.0,0.0,0.0
ecoli,none,none,correlation,15.596993914336608,0.24605798559704553,15.136169586846048,16.128870869678632,0.42501443309396,0.01588939505825843,0.3820594776045458,0.46327475027732695,0.38856053560704323,0.027844751008383902,0.32013924939203603,0.4789519145334806,0.5552225814812299,0.015622671740563192,0.516637029818799,0.5907934550322251,0.7845535714285713,0.01945661618958325,0.7470238095238095,0.8154761904761905,0.5869642857142857,0.028135879100247858,0.5297619047619048,0.6845238095238095,0.5506619765580302,0.018944870887893202,0.46335004487396336,0.5780027611596871,0.0,0.0,0,0,0.0,0.0,0.0,0.0
ecoli,none,none,hamming,69.393612,2.164446683763775,62.6871,74.7297,0.01655638453098428,0.003706814011961293,0.007747709553540967,0.025356403962447933,-1.7482786382336974e-05,0.030498622515127884,-0.04873352227520473,0.09759378989624139,0.10675502057114812,0.022840778427677177,0.05523920510242607,0.15816335677122045,0.46199404761904767,0.014957274515801436,0.4255952380952381,0.49404761904761907,0.2983928571428571,0.03648382247957426,0.23511904761904762,0.4107142857142857,0.15403892655848472,0.04052729548459778,0.07463465553235908,0.26030566673357114,0.0,0.0,0,0,0.0,0.0,0.0,0.0
ecoli,none,minmax,euclidean,17.434534028193383,0.020884764525649573,17.40562659100631,17.49156380070937,0.2709910185096778,0.007790329602651233,0.2585550990359057,0.27944569810438663,0.4388361869766937,0.01548244023668995,0.4102863048681519,0.45856741559029246,0.6032945341043827,0.008833516992419998,0.5863583887858899,0.6279725318108142,0.806904761904762,0.016177340609826747,0.7827380952380952,0.8363095238095238,0.6093750000000001,0.019935478229366865,0.5595238095238095,0.6369047619047619,0.5690232082555329,0.015254110594899043,0.4902869461733419,0.5922216876900177,0.0,0.0,0,0,0.0,0.0,0.0,0.0
ecoli,none,minmax,manhattan,18.989467127402502,0.5446837493697703,18.01627330347585,20.546874384453403,0.23593685042994306,0.01661715641762961,0.20190502751398093,0.27089888738581747,0.43305595805421687,0.05537564245128846,0.33086106701309903,0.59291557942413,0.5964465472656417,0.02649459168316904,0.5356790817372455,0.6700899869462744,0.810922619047619,0.024205981245576984,0.7470238095238095,0.8541666666666666,0.5815178571428572,0.051174718989576595,0.47619047619047616,0.7261904761904762,0.5447697151503696,0.056385009923997115,0.3811145426250863,0.6132790689603258,0.0,0.0,0,0,0.0,0.0,0.0,0.0
ecoli,none,minmax,cosine,26.242057373919494,0.28463612175972863,25.661921976970334,26.775639631092737,0.39102392233206656,0.013720307183665964,0.3504970509238178,0.4188457010599111,0.2879801252920558,0.011515725350953859,0.2562770467458828,0.3118245543320503,0.462087135204535,0.012317561513000645,0.43312989112810935,0.4875823865905406,0.7144345238095238,0.014841465467473966,0.6845238095238095,0.75,0.5460416666666666,0.01802724046573751,0.49107142857142855,0.5803571428571429,0.5029427651363071,0.03139316993980211,0.4214807578549814,0.5410833955272119,0.0,0.0,0,0,0.0,0.0,0.0,0.0
ecoli,none,minmax,minkowski,17.48568253732153,0.03113813134029094,17.44282409576919,17.579411718994873,0.27175161163772993,0.002856701995071229,0.2646176882616396,0.2797240897126252,0.42908596464024057,0.01103934071195441,0.4029231008848681,0.4541045265404157,0.6032240059823091,0.013234136098666086,0.5821146552260191,0.6280258368052682,0.8108333333333334,0.017868647087925685,0.7857142857142857,0.8363095238095238,0.5937202380952381,0.0202227489084125,0.5535714285714286,0.625,0.5711542948000727,0.011863527081035441,0.553288504002486,0.5886834152269866,0.0,0.0,0,0,0.0,0.0,0.0,0.0
ecoli,none,minmax,chebyshev,18.130780286212968,0.11537153175548089,17.969704332653983,18.56570573286986,0.26876699264423737,0.004365307936910485,0.2608031140461946,0.28503114826083237,0.40894094590458097,0.014961507066914894,0.3881368987136697,0.47579274395874194,0.5891405772589874,0.008145163728760205,0.5632235766112573,0.6055971300564952,0.814702380952381,0.011462159225220533,0.7857142857142857,0.8333333333333334,0.5669642857142857,0.017635027341697074,0.5446428571428571,0.6398809523809523,0.567997959433577,0.008639899536309911,0.5403635879892337,0.5873064761149225,0.0,0.0,0,0,0.0,0.0,0.0,0.0
ecoli,none,minmax,correlation,25.988118627559256,0.34870398321411045,25.342340946497075,26.88954489573637,0.3994997798278556,0.012946645972403324,0.35357416074009207,0.42460528793482755,0.29413026875107634,0.012281537527805175,0.2572904195295322,0.3215088659037387,0.4651318052796983,0.011479119945475824,0.4339736425833377,0.4821067640103079,0.7191964285714287,0.013999963303725806,0.6875,0.7410714285714286,0.5402083333333333,0.015108351812859475,0.4732142857142857,0.5654761904761905,0.5050158945004402,0.03274951171236951,0.42168766617296033,0.5335897412928547,0.0,0.0,0,0,0.0,0.0,0.0,0.0
ecoli,none,minmax,hamming,85.1670657113313,3.408765998350538,76.44792809442959,93.3817929631289,0.017828531852609818,0.003571274949898944,0.00891543424370877,0.025510741408021766,0.0076938876825391345,0.03401450526159353,-0.045333961137132665,0.14461384945454733,0.11571891403021443,0.0199274805867021,0.06232915308980829,0.15816335677122045,0.46196428571428577,0.014746896172144771,0.43154761904761907,0.49404761904761907,0.3076488095238096,0.039363773009797896,0.2261904761904762,0.4255952380952381,0.17589647430543764,0.039374343891108846,0.09535087719298246,0.2747863088118022,0.0,0.0,0,0,0.0,0.0,0.0,0.0
ecoli,none,standard,euclidean,538.9656004287285,38.39600303119543,524.5704675216284,793.8376717715823,0.266440166389698,0.019871969766041178,0.21075203105030516,0.35215646145553847,0.5032169226666844,0.057789039836826664,0.39242635461792974,0.7213597486047016,0.6305870973988766,0.016898697633473583,0.5735172295715437,0.6704514749671162,0.821547619047619,0.015069754665187299,0.7529761904761905,0.8511904761904762,0.6417261904761904,0.04975453494070197,0.5505952380952381,0.8035714285714286,0.6440985207804869,0.04623421400105146,0.4781380534670008,0.691368666434854,0.0,0.0,0,0,0.0,0.0,0.0,0.0
ecoli,none,standard,manhattan,808.0166058067138,108.93250916650437,577.8933712441599,938.5038898246412,0.23327265781618145,0.03093104337813162,0.18619484796467706,0.3265503646285922,0.45804011978873055,0.07917874172869187,0.3380589233110255,0.712600435381444,0.5933724761320888,0.02527469598364617,0.5371998511724821,0.6528777633934286,0.8069047619047618,0.024805364791693343,0.7470238095238095,0.8571428571428571,0.5963690476190476,0.0597996288163728,0.45535714285714285,0.7797619047619048,0.5543145516214077,0.0496199096776995,0.37835484404732356,0.6783112034836173,0.0,0.0,0,0,0.0,0.0,0.0,0.0
ecoli,none,standard,cosine,578.8977361350983,78.64208193444185,531.5706061305789,804.9621241211851,0.4507511598162439,0.023825031123072236,0.3713805645434145,0.5226627281582322,0.4589257193406514,0.046922204255696084,0.3850895891613629,0.6489449488801281,0.5864186395001207,0.010704461707306729,0.5527714361035327,0.6026542187541709,0.7961309523809524,0.011027980543838646,0.7291666666666666,0.8214285714285714,0.6141964285714285,0.04117622714936659,0.5446428571428571,0.7589285714285714,0.5875085883831487,0.045801523956850415,0.46154395482862637,0.655125826554398,0.0,0.0,0,0,0.0,0.0,0.0,0.0
ecoli,none,standard,minkowski,551.9046515745639,72.54542008137584,525.273324298204,796.7814433204488,0.2702176663487684,0.015360423174291158,0.24576456300646526,0.33735454054291303,0.5044582093393373,0.04945064474456848,0.41096821429385844,0.72209733263838,0.62604409143273,0.014298548073982325,0.5794691912675455,0.6563659873084833,0.823125,0.01230902153115437,0.7827380952380952,0.8482142857142857,0.6472023809523809,0.038999271389786754,0.5595238095238095,0.7946428571428571,0.6586349598559065,0.032809197563759475,0.554405114543835,0.6868638240530575,0.0,0.0,0,0,0.0,0.0,0.0,0.0
ecoli,none,standard,chebyshev,599.8463304197945,95.20314517752968,534.0835000488884,810.7608743074416,0.26236121662703565,0.022528300173360143,0.184591907786931,0.3433322463967131,0.4808052849979276,0.056455708432779056,0.3503741196823121,0.6620866729840359,0.5950971868606125,0.023632302865004253,0.5141336187027445,0.6454489474280387,0.8067261904761907,0.020424647891618564,0.7410714285714286,0.8452380952380952,0.6380357142857143,0.0557649151824525,0.5059523809523809,0.8065476190476191,0.6354268377917941,0.045432637558557164,0.5392849019752424,0.6938005716551541,0.0,0.0,0,0,0.0,0.0,0.0,0.0
ecoli,none,standard,correlation,908.5386047514178,6.808389843166309,893.5378975067803,923.4283486850527,0.42973269142336,0.0054546187231124445,0.40672397676559285,0.43960181278185334,0.3338269936205988,0.00884491789208438,0.3120272591454271,0.3527347319574971,0.4919501404138578,0.0070548534432589615,0.47735944175241984,0.5112367154384522,0.7679166666666666,0.008511904761904774,0.7470238095238095,0.7857142857142857,0.5701785714285714,0.013015041228745338,0.5446428571428571,0.5922619047619048,0.5474498390792883,0.00513873298626605,0.5331513141130189,0.5579524064896683,0.0,0.0,0,0,0.0,0.0,0.0,0.0
ecoli,none,standard,hamming,2524.4815743215613,108.24625338893789,2151.487391722892,2770.863248755728,0.017733919098896676,0.0034267518556321975,0.008182723250892265,0.025356403962447933,0.0060580671909653125,0.029299071335521166,-0.04131907330435208,0.10595466168814525,0.11511002968970764,0.019245879412036735,0.06232915308980829,0.15816335677122045,0.45979166666666665,0.014692225864393048,0.43452380952380953,0.49404761904761907,0.30889880952380955,0.03479800545131894,0.2261904761904762,0.4107142857142857,0.1856890538584178,0.0371920115303546,0.09535087719298246,0.2747863088118022,0.0,0.0,0,0,0.0,0.0,0.0,0.0
ecoli,none,robust,euclidean,232.49176739755956,0.37208317758645737,232.00391857236878,233.58673884567312,0.23708236461938054,0.00603618206271825,0.2227125935783954,0.2510010376263633,0.39099050548523645,0.013534831976478597,0.36080093702802707,0.4198618292306356,0.5506617802040494,0.005393567436512732,0.5363093651053396,0.5642878712175905,0.7925892857142859,0.010511431189785553,0.7738095238095238,0.8184523809523809,0.5587202380952381,0.012370753296849757,0.5208333333333334,0.5803571428571429,0.47531952447929876,0.007145588440995712,0.4597731184483298,0.4897544098093056,0.0,0.0,0,0,0.0,0.0,0.0,0.0
ecoli,none,robust,manhattan,248.03372260370668,2.9355601863513563,240.17953426902577,257.4730582206595,0.20717137734987495,0.0074167014256744665,0.18723528673547027,0.2273105835945732,0.38566423658927845,0.030818480440867838,0.33629006888697605,0.46214108561725564,0.558492614891627,0.016124942158744108,0.5180367986730467,0.5953206733111234,0.8042857142857143,0.017877567684219654,0.7619047619047619,0.8482142857142857,0.5289583333333333,0.030412108851507132,0.4732142857142857,0.6101190476190477,0.4723601377657328,0.03166990922095351,0.39165415813435656,0.5141949280107174,0.0,0.0,0,0,0.0,0.0,0.0,0.0
ecoli,none,robust,cosine,252.77321247867573,1.0877568365857733,250.03186169295225,256.36598081077545,0.4212284603260701,0.008335788281931041,0.3785027169114076,0.45487733014520354,0.34645190084965244,0.018131222910396743,0.3186948717295805,0.40471388823488685,0.5131508557875888,0.017008753569839143,0.4916254790647284,0.5519791894147329,0.7827678571428573,0.006292302981743548,0.7648809523809523,0.7946428571428571,0.5325892857142857,0.02382951169945509,0.4851190476190476,0.5833333333333334,0.4648730176957921,0.0047178239930992264,0.4417225477007545,0.47306518112863116,0.0,0.0,0,0,0.0,0.0,0.0,0.0
ecoli,none,robust,minkowski,233.94418815214533,0.4262221221630114,233.24603513307358,235.0264255612068,0.24306555763948304,0.007572365350979542,0.2274061726208131,0.2556392191974292,0.3890850204812996,0.017466615226174806,0.3625950754850757,0.4366206701237433,0.5438072700046621,0.0061494816584237,0.5305705061918177,0.5675571980928111,0.7915773809523813,0.011750903074766741,0.7708333333333334,0.8154761904761905,0.5536309523809524,0.013095102813154041,0.5267857142857143,0.5803571428571429,0.47535320888989857,0.007783748724780372,0.45978166089657796,0.491435515789117,0.0,0.0,0,0,0.0,0.0,0.0,0.0
ecoli,none,robust,chebyshev,246.68878543051352,1.9442565290034657,243.22158336421927,251.2536581637068,0.23399430704358135,0.007302412045389267,0.2141360668454459,0.24556950799827804,0.3627126728680373,0.01726976136199476,0.31393713609000296,0.39638528818693014,0.505088748507912,0.008731502756248493,0.48167644670887744,0.5357659243518825,0.7659523809523807,0.009444611176332728,0.75,0.8035714285714286,0.5212797619047618,0.015677349945187005,0.46726190476190477,0.5625,0.4599124167327173,0.006612035248447254,0.4421477656747611,0.47801870748299324,0.0,0.0,0,0,0.0,0.0,0.0,0.0
ecoli,none,robust,correlation,271.83699466299254,1.9779269715354857,267.6306975200348,276.10723242543315,0.42642630806744075,0.006683504538261384,0.3992167331764486,0.4367093207983834,0.2901250507794594,0.01271555684955377,0.26543078890388716,0.3287430243809763,0.4658509482512414,0.011979944420289693,0.43950411792603955,0.4892461725553555,0.7554464285714285,0.008333917921672259,0.7351190476190477,0.7767857142857143,0.5239285714285714,0.015882487253593,0.48214285714285715,0.5863095238095238,0.4544785944158161,0.008333191299721475,0.44430788167436275,0.5255118425885283,0.0,0.0,0,0,0.0,0.0,0.0,0.0
ecoli,none,robust,hamming,955.9771857667467,25.651486862455425,861.0013499826306,1005.3485278697416,0.01583553958786597,0.004158831447364217,0.005263611499936503,0.026206612832770808,-0.008548471178948263,0.029009796558535257,-0.052860849479583166,0.09759378989624139,0.09444566658529657,0.022950397893223427,0.05523920510242607,0.15816335677122045,0.45648809523809525,0.01587054792321992,0.4255952380952381,0.5,0.28580357142857143,0.035846617435623736,0.22321428571428573,0.4107142857142857,0.13950375594246933,0.03789589554097375,0.07463465553235908,0.2553186274509804,0.0,0.0,0,0,0.0,0.0,0.0,0.0
ecoli,zscore,none,euclidean,12.528335207995998,0.08517110581344997,12.385093697232026,12.690907606965217,0.2564254182368012,0.00655104764366284,0.23690985196741612,0.2744760993884206,0.4206513052708629,0.024420736638446697,0.3628369076855884,0.5040741385956253,0.6168272628177515,0.012346589946148278,0.5862283237301991,0.6598585646421382,0.8319938650306747,0.014970173716268671,0.7883435582822086,0.852760736196319,0.5792638036809816,0.028253248950417736,0.5276073619631901,0.6411042944785276,0.5538276675569979,0.04869093323042519,0.4161088487881046,0.61376391429023,10.0,0.0,10,10,2.976190476190476,4.440892098500626e-16,2.9761904761904763,2.9761904761904763
ecoli,zscore,none,manhattan,13.282729499999999,0.1608163535053261,12.96115,13.742500000000003,0.22474562730168746,0.013323687547186503,0.1989078315942128,0.2634004157026512,0.39347761439671664,0.04938679788173773,0.3054116493511628,0.5202275554081206,0.5975861657957128,0.021759718794302347,0.5486609357469566,0.6611331827637537,0.8299693251533743,0.017151902962259557,0.7883435582822086,0.8650306748466258,0.5558895705521473,0.043972325767462274,0.4447852760736196,0.6625766871165644,0.518193020380251,0.05013687006180541,0.380945991961862,0.6235442153090732,10.0,0.0,10,10,2.976190476190476,4.440892098500626e-16,2.9761904761904763,2.9761904761904763
ecoli,zscore,none,cosine,13.426169842857632,0.10885344714224339,13.272441846021447,13.741608884084645,0.40847428870974417,0.014868630483182599,0.34088821033950745,0.4264134946969701,0.36634009835715853,0.017760444921112877,0.32563130196552265,0.39484500291447583,0.5686856147744135,0.01292036276806412,0.5383172890920026,0.5911296274608253,0.8112576687116565,0.013118330469294857,0.7730061349693251,0.843558282208589,0.5536503067484663,0.019748956058092557,0.4938650306748466,0.6042944785276073,0.47922254816578247,0.02820496847073865,0.40820573687253253,0.5334805396517581,10.0,0.0,10,10,2.976190476190476,4.440892098500626e-16,2.9761904761904763,2.9761904761904763
ecoli,zscore,none,minkowski,12.579857939486669,0.0820820377853307,12.403688842807291,12.857674335783564,0.26047261088961937,0.005850158083553038,0.24137014373658167,0.27578973760653347,0.41385338282751205,0.017686610968654197,0.3612116802849289,0.4614378066477556,0.6134411783888603,0.014166272687289934,0.5777391156771866,0.6391487976938518,0.8305214723926381,0.01716901061987118,0.7975460122699386,0.8558282208588958,0.5750613496932516,0.021908176464916374,0.5122699386503068,0.6349693251533742,0.5573990946556332,0.044842818883333475,0.4751795704843531,0.6096328656511723,10.0,0.0,10,10,2.976190476190476,4.440892098500626e-16,2.9761904761904763,2.9761904761904763
ecoli,zscore,none,chebyshev,13.387440495859826,0.2056228282037984,12.885251396780934,13.851054188526726,0.2559666221458198,0.013800148327372365,0.19599608594390516,0.2785265539012553,0.3975521486986004,0.028846585347656356,0.3291867824981467,0.4971999654368612,0.5878074108520689,0.01499060515459178,0.5468864369068012,0.6304630948589353,0.817116564417178,0.015274595242233725,0.7607361963190185,0.852760736196319,0.5554907975460123,0.0316385281269883,0.4539877300613497,0.6411042944785276,0.5226553226935029,0.04279347600135477,0.4523710974456008,0.6018074686744392,10.0,0.0,10,10,2.976190476190476,4.440892098500626e-16,2.9761904761904763,2.9761904761904763
ecoli,zscore,none,correlation,13.846602971792679,0.05326232157472649,13.688325886546997,14.020429487641511,0.42328865258020704,0.00870560802165136,0.4066536703381456,0.44315214784870877,0.3827886004852028,0.02077201570259103,0.3576869615761271,0.46301870032422676,0.570112442337383,0.007974541866963144,0.5494299108699806,0.5928918616889789,0.8141104294478528,0.006706506475176519,0.7944785276073619,0.8312883435582822,0.5864110429447852,0.020618677226673415,0.558282208588957,0.6656441717791411,0.49471718895736544,0.0061247494021029044,0.47081180228501657,0.5063782044597852,10.0,0.0,10,10,2.976190476190476,4.440892098500626e-16,2.9761904761904763,2.9761904761904763
ecoli,zscore,none,hamming,65.45600300000001,2.161422352130884,56.4061,69.1205,0.017559917115392867,0.0037943726348909274,0.009024297882707122,0.02504313821705675,0.0012833957532348255,0.034506803542877475,-0.05566057500494459,0.1120450702652919,0.09918456921301494,0.01699327118524958,0.05854857046588191,0.13891689151679973,0.47812883435582826,0.014924849699240557,0.4386503067484663,0.5153374233128835,0.2999079754601227,0.03827811593271867,0.23006134969325154,0.39263803680981596,0.13974693506980282,0.033964059655181775,0.07622601279317698,0.2531794622854749,10.0,0.0,10,10,2.976190476190476,4.440892098500626e-16,2.9761904761904763,2.9761904761904763
ecoli,zscore,minmax,euclidean,18.50034463303932,0.2592689406153089,18.3934851533229,20.00419024081385,0.25324950883040215,0.006258376299462183,0.2219564254222995,0.26220275274354643,0.431576832097951,0.02712813351597411,0.3360791836436542,0.5455636046094554,0.6216949310698091,0.016635571269729303,0.5705107310695623,0.6796063894374945,0.8231595092024542,0.019547243653901133,0.7576687116564417,0.8558282208588958,0.5979754601226993,0.02838648384183406,0.50920245398773,0.696319018404908,0.5696337425304704,0.029879026315307276,0.456391360205886,0.6033773568323282,10.0,0.0,10,10,2.976190476190476,4.440892098500626e-16,2.9761904761904763,2.9761904761904763
ecoli,zscore,minmax,manhattan,20.971709513154757,0.8775939104033273,19.28025599687739,22.464729544331046,0.2179253800317268,0.015975079713907974,0.18987174830749737,0.269493305329164,0.4248604567569479,0.05969605287164497,0.31653327356933547,0.6217330389382462,0.598131962845358,0.029799339391832085,0.547248118908623,0.6893058017346354,0.8200920245398771,0.026630201632315068,0.7638036809815951,0.8711656441717791,0.5678220858895705,0.05773865846810709,0.46319018404907975,0.7576687116564417,0.5279193206232853,0.06191784439806722,0.38918248566429675,0.6163986082908715,10.0,0.0,10,10,2.976190476190476,4.440892098500626e-16,2.9761904761904763,2.9761904761904763
ecoli,zscore,minmax,cosine,32.55900760283182,0.4970351181827442,31.29590578318972,34.29650248259149,0.3887576358491426,0.013228961504298756,0.3236403401975866,0.4178854621740445,0.22283527860217844,0.008765858290627907,0.19924749537793995,0.25712640498893957,0.4178009158807512,0.009801262166142582,0.3943386851195446,0.44412097982804966,0.682914110429448,0.01114181202314148,0.656441717791411,0.7085889570552147,0.5126380368098159,0.016417663935876216,0.4662576687116564,0.5552147239263804,0.4898538030670141,0.028341000385888798,0.4229986207952447,0.5202057926829269,10.0,0.0,10,10,2.976190476190476,4.440892098500626e-16,2.9761904761904763,2.9761904761904763
ecoli,zscore,minmax,minkowski,18.504911775635264,0.054218599048968065,18.41853596063618,18.64189002784277,0.2558743002323484,0.002995491743042373,0.2490242815324073,0.26258921707267263,0.4224432645829713,0.01715615232954116,0.38729975033051933,0.46279967143846157,0.6180637786430975,0.015295070947747349,0.5916793939396808,0.6459662291184743,0.8260429447852761,0.015382112806991624,0.8006134969325154,0.8466257668711656,0.592638036809816,0.021884734946916527,0.5521472392638037,0.6288343558282209,0.5804382376648596,0.011247778320119773,0.5633561718671622,0.5956901564073245,10.0,0.0,10,10,2.976190476190476,4.440892098500626e-16,2.9761904761904763,2.9761904761904763
ecoli,zscore,minmax,chebyshev,19.33588088954801,0.3215178940584172,19.004751413387293,21.87188142639389,0.2512487853940672,0.005871420352446377,0.23021185722089155,0.2787046689674263,0.4185352988313897,0.024082846208782562,0.37050590972868064,0.5114021138059862,0.6026144090934716,0.009817727003398134,0.5716459964616719,0.6241051662665046,0.8184355828220857,0.012374515997265726,0.7914110429447853,0.8466257668711656,0.5781288343558283,0.023679133880043928,0.5276073619631901,0.6748466257668712,0.573341509280965,0.016905198431610903,0.4974744068615732,0.6751165095885592,10.0,0.0,10,10,2.976190476190476,4.440892098500626e-16,2.9761904761904763,2.9761904761904763
ecoli,zscore,minmax,correlation,32.2595366843843,0.3469970711663564,31.60751243231629,33.19406646760795,0.40662370250307894,0.014463866685343725,0.33433569150422,0.4330279294871208,0.22612355846414378,0.008627382048837553,0.2079138865410194,0.2590898627614525,0.4217024253115178,0.00981524773744144,0.39353559051818987,0.44654479459212687,0.6870552147239266,0.010201219909943215,0.647239263803681,0.7055214723926381,0.5139263803680982,0.01522918865156093,0.48773006134969327,0.5613496932515337,0.49669147798023205,0.023998065321005315,0.4193547370415825,0.5201480694119087,10.0,0.0,10,10,2.976190476190476,4.440892098500626e-16,2.9761904761904763,2.9761904761904763
ecoli,zscore,minmax,hamming,86.46396675686195,2.71124285676579,76.61507701062945,91.27952688684364,0.017202364390177964,0.0036121074305050876,0.009024297882707122,0.02504313821705675,-0.00211456877507429,0.03298597996640797,-0.05566057500494459,0.10796200797845337,0.09776029112518468,0.016198877364731835,0.05854857046588191,0.12732074084350042,0.47585889570552153,0.01586014163680952,0.4386503067484663,0.5153374233128835,0.29776073619631904,0.03780668313437777,0.2331288343558282,0.3895705521472393,0.1437348034586573,0.03643760289690441,0.07622601279317698,0.2531794622854749,10.0,0.0,10,10,2.976190476190476,4.440892098500626e-16,2.9761904761904763,2.9761904761904763
ecoli,zscore,standard,euclidean,631.0515015360467,91.19259035048715,489.87051255901616,702.9636671964679,0.24624876680788813,0.021980606430579412,0.21635254603597168,0.3362274982838736,0.45344492128136066,0.07530912876309204,0.3574015427757857,0.7384134656159839,0.6189340979046577,0.027412414691803347,0.5703785950172487,0.6884531895183841,0.8135889570552146,0.02453165122862116,0.7638036809815951,0.8619631901840491,0.5977914110429448,0.061242667381721315,0.48773006134969327,0.8190184049079755,0.585565926870554,0.05856363775506779,0.4799074958890087,0.7080832417008371,10.0,0.0,10,10,2.976190476190476,4.440892098500626e-16,2.9761904761904763,2.9761904761904763
ecoli,zscore,standard,manhattan,798.4524322428756,108.91039699109184,520.5918148585234,1112.9096575023268,0.21348464959781718,0.025515127026760384,0.16716379880828205,0.3134275673655861,0.42583646656261015,0.06939094369008349,0.30292720931352735,0.7043916017416167,0.5925648396083383,0.029463812888173468,0.5291654791284864,0.6699399442623946,0.8169018404907976,0.025871446422605405,0.7638036809815951,0.8742331288343558,0.5643558282208588,0.06302763654837058,0.4294478527607362,0.7730061349693251,0.5332497156112489,0.06370285813313709,0.3829019744718249,0.6898375273360415,10.0,0.0,10,10,2.976190476190476,4.440892098500626e-16,2.9761904761904763,2.9761904761904763
ecoli,zscore,standard,cosine,627.5200120890498,96.87107215961557,497.4296716919171,716.3695119545462,0.44927303546435154,0.018677063093488332,0.4093857846729296,0.5241543485729213,0.42941557467641966,0.046966795240412224,0.36893924871003875,0.6617721712197595,0.5916202900577004,0.010186910741300086,0.5631835843921998,0.6248646605301821,0.8061963190184049,0.011414835440756978,0.7760736196319018,0.8220858895705522,0.5899079754601227,0.04121789767823575,0.5245398773006135,0.7914110429447853,0.5756727740018384,0.04237334203171895,0.48929282229070364,0.669403844689873,10.0,0.0,10,10,2.976190476190476,4.440892098500626e-16,2.9761904761904763,2.9761904761904763
ecoli,zscore,standard,minkowski,615.2047230776808,98.32114843844492,490.35064959783494,701.7570698760908,0.25409728536500936,0.014869322095583946,0.2208764973291072,0.33765577185580375,0.4506396107160743,0.05820520201566983,0.37058886729995494,0.7319907952552724,0.6117186182943444,0.023201639719442287,0.5730887729587781,0.6770236381191183,0.8054907975460123,0.020841272779259557,0.7760736196319018,0.8466257668711656,0.5926073619631902,0.0508605145272128,0.5214723926380368,0.803680981595092,0.581910047363299,0.06403575809600491,0.483917933894324,0.6942142213829883,10.0,0.0,10,10,2.976190476190476,4.440892098500626e-16,2.9761904761904763,2.9761904761904763
ecoli,zscore,standard,chebyshev,647.0994059574073,90.27612163576146,506.7976053855181,722.6737733894147,0.2476876936801083,0.014420138216973907,0.2116305447320184,0.3178123365025323,0.44254382928113534,0.05116008726211076,0.3677830286810656,0.6547960707670238,0.5947078772877747,0.01820803382375777,0.5390082328691967,0.6328070343287863,0.8050613496932516,0.019407144210702276,0.7638036809815951,0.8466257668711656,0.5999693251533742,0.04933044679040757,0.5153374233128835,0.7791411042944786,0.6027008283788262,0.05517109788921024,0.5531023363137173,0.6946733625216959,10.0,0.0,10,10,2.976190476190476,4.440892098500626e-16,2.9761904761904763,2.9761904761904763
ecoli,zscore,standard,correlation,941.7745354379205,33.00370310983299,900.1040383602765,1119.613564986258,0.4174991584458108,0.012923339829617785,0.37417033911369324,0.4368546010983349,0.32066237148774407,0.013650010467306127,0.2777129793617571,0.35073989369458,0.49433564527964685,0.010490138370431725,0.4656371002688374,0.5167563929729622,0.758282208588957,0.017007259233900753,0.7116564417177914,0.7883435582822086,0.5561042944785276,0.014878375775456264,0.5153374233128835,0.588957055214724,0.5450592555814986,0.025250880277903794,0.46574385640989147,0.5692437203988279,10.0,0.0,10,10,2.976190476190476,4.440892098500626e-16,2.9761904761904763,2.9761904761904763
ecoli,zscore,standard,hamming,2485.7398658358293,130.95446183123755,2065.075259026059,2696.7734724976012,0.016781606996320527,0.003553330493886638,0.009570787171381226,0.024093623983898322,-0.0010591763044106987,0.03242121010625246,-0.05566057500494459,0.10796200797845337,0.09687031674432417,0.018283117696084435,0.059113603758003626,0.14122817326846512,0.4702760736196319,0.01756088755520199,0.4386503067484663,0.5153374233128835,0.30963190184049083,0.03578538703509063,0.2331288343558282,0.3895705521472393,0.17887920883043296,0.04771647971134194,0.07622601279317698,0.33938071487946797,10.0,0.0,10,10,2.976190476190476,4.440892098500626e-16,2.9761904761904763,2.9761904761904763
ecoli,zscore,robust,euclidean,210.66479149073817,0.21997536753686797,210.2412638698297,211.23290378101734,0.23892672758246536,0.004742212553160555,0.22646281506586471,0.2451005387425244,0.38855176868087016,0.022087563988889815,0.349910093529887,0.4284060858930447,0.5544566824362067,0.007773371593060907,0.5314464592681576,0.5740581517011413,0.8067791411042944,0.008670678270664797,0.7822085889570553,0.8282208588957055,0.5273006134969326,0.01725715727488983,0.5,0.5705521472392638,0.48276407488017575,0.0061069865460002875,0.4605978370363207,0.49194549393251796,10.0,0.0,10,10,2.976190476190476,4.440892098500626e-16,2.9761904761904763,2.9761904761904763
ecoli,zscore,robust,manhattan,223.05430908698432,2.9063405657873256,217.39600514903435,230.377787002971,0.2089551322453647,0.007448241348593145,0.1854701575063239,0.22268758713759812,0.3812948576402273,0.028700074638000478,0.30260708413969445,0.43814644172996126,0.5664552383628753,0.014080108709994914,0.5281187680766034,0.5926625898886543,0.8147546012269938,0.017556600477654147,0.7791411042944786,0.852760736196319,0.5186809815950921,0.023220251063840822,0.46319018404907975,0.5736196319018405,0.47610057823049623,0.03081629773556491,0.39616071282012666,0.5166297949988887,10.0,0.0,10,10,2.976190476190476,4.440892098500626e-16,2.9761904761904763,2.9761904761904763
ecoli,zscore,robust,cosine,229.7355027074436,1.1964919313855593,226.24840849984338,233.05561242734555,0.4257097926032024,0.007862081119233606,0.4050223347564565,0.44544813940390643,0.3273101030378365,0.010148279399971797,0.3082788898416044,0.3605504314930998,0.5057138371049829,0.010589356759010335,0.48901421173322096,0.5441189214597453,0.7900613496932515,0.007530284372568868,0.7699386503067485,0.803680981595092,0.5153987730061349,0.014282624959671903,0.4723926380368098,0.5552147239263804,0.46661503414644095,0.004712431417302026,0.45178331317369785,0.4760834587858149,10.0,0.0,10,10,2.976190476190476,4.440892098500626e-16,2.9761904761904763,2.9761904761904763
ecoli,zscore,robust,minkowski,211.52166396435695,0.38244808622657017,210.9437118513391,212.86013345130067,0.24359685911909526,0.0043049342874941195,0.23205459579988505,0.2553245124419854,0.376995223549246,0.010621044432346245,0.3533162405293507,0.40767578830899204,0.5467677347291011,0.00881292614328009,0.5298316163421932,0.5708334951659245,0.7976073619631898,0.008080711823337838,0.7852760736196319,0.8282208588957055,0.5170245398773006,0.011635232561368208,0.49693251533742333,0.5644171779141104,0.47516954300120756,0.006762537362146867,0.464339277629022,0.49355257246014717,10.0,0.0,10,10,2.976190476190476,4.440892098500626e-16,2.9761904761904763,2.9761904761904763
ecoli,zscore,robust,chebyshev,222.22792751549125,2.222243897678962,216.68917589941665,227.16262267021213,0.23512168285033863,0.005515076842586887,0.22425351095384494,0.24564042413472034,0.35917378381969506,0.014274002209756777,0.3241759527241831,0.387259003939884,0.512873339717666,0.008218118961329733,0.4937715285332366,0.5388410382613931,0.7773926380368098,0.009306720157193337,0.7638036809815951,0.803680981595092,0.5038650306748466,0.01481071050103811,0.46932515337423314,0.5429447852760736,0.4607466518137832,0.005723715073684234,0.44819722009934326,0.4775339798830196,10.0,0.0,10,10,2.976190476190476,4.440892098500626e-16,2.9761904761904763,2.9761904761904763
ecoli,zscore,robust,correlation,248.1892270102764,1.8960670024511745,243.94845314258143,251.71921649408517,0.42802553340857286,0.007576246986689871,0.3996679351712731,0.4367109065716674,0.27894285564656635,0.011381955485358489,0.2534218942135436,0.3057076555309299,0.4679632474001308,0.012000108924315361,0.43834669648943386,0.4906880353257622,0.7625460122699386,0.012285994096799502,0.7331288343558282,0.7852760736196319,0.5031288343558282,0.020077290527894278,0.4539877300613497,0.5521472392638037,0.45464912048261186,0.012281202893456826,0.37862580269770085,0.46798514524447843,10.0,0.0,10,10,2.976190476190476,4.440892098500626e-16,2.9761904761904763,2.9761904761904763
ecoli,zscore,robust,hamming,900.4532936759072,27.197100604074958,827.5991269138588,959.0832193449178,0.016733534068503274,0.0036100125229897155,0.007891608129456568,0.024379003707860593,-0.014633802900021593,0.028046860496088524,-0.058591804118392994,0.10796200797845337,0.09163807130780681,0.017566346186032287,0.054605240151280925,0.12631660967039415,0.4679754601226994,0.016645563565262936,0.4386503067484663,0.5122699386503068,0.28337423312883436,0.032965913870019715,0.22699386503067484,0.3895705521472393,0.1293731678262051,0.03169000835278339,0.07622601279317698,0.2531794622854749,10.0,0.0,10,10,2.976190476190476,4.440892098500626e-16,2.9761904761904763,2.9761904761904763
ecoli,zscore_2.5,none,euclidean,11.78538587498879,0.07408873399589531,11.679030365725634,11.956107777411187,0.2517815994714324,0.009211442176337847,0.2162515329293167,0.27218914427306884,0.39481925806309426,0.029534748717462655,0.3275323207015358,0.5039388044021437,0.5955354730198354,0.01602411665602084,0.5558391020848336,0.653959055186881,0.8183544303797469,0.014335128674564717,0.7816455696202531,0.8481012658227848,0.5532278481012658,0.031649936407573215,0.48417721518987344,0.629746835443038,0.5208215127297433,0.05409342694319604,0.3959628343786359,0.6102259471563563,20.0,0.0,20,20,5.952380952380952,8.881784197001252e-16,5.9523809523809526,5.9523809523809526
ecoli,zscore_2.5,none,manhattan,12.488386499999999,0.13106404805571223,12.04265,12.757900000000001,0.22454485018766618,0.013992577962468167,0.20435287635317953,0.26406048014716155,0.3684546696987631,0.05155657963900478,0.29738801947559595,0.4996040236008386,0.5737644535246709,0.023171188072844698,0.530265201188522,0.6388033012555112,0.8162025316455697,0.015629708071334188,0.7848101265822784,0.8639240506329114,0.5187341772151899,0.0523859501621869,0.439873417721519,0.6613924050632911,0.4651496859466872,0.06873521463876583,0.3164982393893235,0.622149484640701,20.0,0.0,20,20,5.952380952380952,8.881784197001252e-16,5.9523809523809526,5.9523809523809526
ecoli,zscore_2.5,none,cosine,12.746176811011336,0.12443814369650794,12.426135870521684,13.08347945945016,0.39543503758675874,0.019582166030413534,0.32749756201090824,0.42370426266790356,0.34097720507674284,0.02123801645623644,0.295358407284514,0.38414132241749926,0.5478059450749116,0.01283813699981064,0.5083464290939375,0.5767083567402054,0.7964873417721517,0.014888189540384622,0.7689873417721519,0.8386075949367089,0.5237658227848102,0.025298629008441896,0.4778481012658228,0.569620253164557,0.44483525214568315,0.049815328239568496,0.37177889209159765,0.5692189154110305,20.0,0.0,20,20,5.952380952380952,8.881784197001252e-16,5.9523809523809526,5.9523809523809526
ecoli,zscore_2.5,none,minkowski,11.84901413244667,0.07091105936783433,11.705604093577602,12.015768937643097,0.2573076662943624,0.006305431354630776,0.24010005678381702,0.2741211981594012,0.3925721040099597,0.028521679775880777,0.32468822623634647,0.4479290641054121,0.5948463411406767,0.015520224070540076,0.5528378855395657,0.6349009467544882,0.8165506329113924,0.012268159239789456,0.7974683544303798,0.8544303797468354,0.5538924050632912,0.028302729622527292,0.5031645569620253,0.6265822784810127,0.5097284640873516,0.04991637705943405,0.391023293194928,0.6118042525129188,20.0,0.0,20,20,5.952380952380952,8.881784197001252e-16,5.9523809523809526,5.9523809523809526
ecoli,zscore_2.5,none,chebyshev,12.537195601129788,0.1744157149004393,12.054487364257094,12.995185756554402,0.24547797470191957,0.015105536838835202,0.19519636235666005,0.2690691102588647,0.3818573555364448,0.03394560368484608,0.318870259848992,0.49941527195809143,0.5778904381213446,0.018461414322580364,0.5361388557562066,0.6358394118103591,0.8100632911392407,0.014549943272153368,0.7658227848101266,0.8386075949367089,0.5346518987341773,0.03358421020080312,0.46835443037974683,0.6424050632911392,0.4972149910476631,0.05595004988437887,0.3689617750787807,0.5901031323833064,20.0,0.0,20,20,5.952380952380952,8.881784197001252e-16,5.9523809523809526,5.9523809523809526
ecoli,zscore_2.5,none,correlation,13.208797772894384,0.10744081809363715,12.948440578744655,13.5720504141247,0.4189283023546806,0.014137318543631932,0.360803095093871,0.44651341054920324,0.37005426890510335,0.019670165760715033,0.3353709480816494,0.4616561134796065,0.5555782098378392,0.010806002676748167,0.5294333670262872,0.588115796629989,0.8062974683544304,0.010479367188757858,0.7784810126582279,0.8227848101265823,0.572246835443038,0.02053334191278552,0.5253164556962026,0.6677215189873418,0.47774514391210465,0.022799611832319593,0.3809162987828524,0.5025089784438286,20.0,0.0,20,20,5.952380952380952,8.881784197001252e-16,5.9523809523809526,5.9523809523809526
ecoli,zscore_2.5,none,hamming,61.940168000000014,2.1527459047867215,57.095000000000006,65.8174,0.0175484230268662,0.003564564639315417,0.004587967799332328,0.025949123531714396,0.007937640286003092,0.034508860981224805,-0.05111832644587935,0.1336938427747156,0.09952417657294306,0.017200905789998677,0.06354432415676606,0.13946804835739904,0.4880696202531646,0.015859798479780876,0.4588607594936709,0.5284810126582279,0.30639240506329113,0.03627079295255103,0.23734177215189872,0.43354430379746833,0.13978538212056132,0.028146868322076402,0.09771721999084854,0.24988624194913,20.0,0.0,20,20,5.952380952380952,8.881784197001252e-16,5.9523809523809526,5.9523809523809526
ecoli,zscore_2.5,minmax,euclidean,20.02780990757856,0.08394417478738675,19.94724812474488,20.513628800511267,0.24422131610620984,0.0030721868858896613,0.22561536905118118,0.2522270624378345,0.414271409375486,0.018300657006051352,0.379879257499684,0.4982987546305878,0.601155121269284,0.010537947919254574,0.5772654998027168,0.6477661035111416,0.8126582278481013,0.016216617690277147,0.7911392405063291,0.8481012658227848,0.5760759493670886,0.015255134071071211,0.5411392405063291,0.620253164556962,0.562714623381972,0.021455217605290858,0.4839651566426822,0.5862503627766467,20.0,0.0,20,20,5.952380952380952,8.881784197001252e-16,5.9523809523809526,5.9523809523809526
ecoli,zscore_2.5,minmax,manhattan,22.53160791549054,0.8387886846880767,21.015123016515453,24.20854787924216,0.21425017508044786,0.014461395232374784,0.17899150927184135,0.2482693625097678,0.39974034718967916,0.05452458441873649,0.32339830446767937,0.6166912285113904,0.5808461206782428,0.018832016460786152,0.5474324851092828,0.6427717623022142,0.814113924050633,0.017174071333428156,0.7658227848101266,0.8575949367088608,0.5539240506329114,0.048863300911147454,0.46835443037974683,0.6677215189873418,0.5045222123737261,0.05448816367340647,0.39285286414753423,0.5973491336939518,20.0,0.0,20,20,5.952380952380952,8.881784197001252e-16,5.9523809523809526,5.9523809523809526
ecoli,zscore_2.5,minmax,cosine,35.99080125240296,0.5365566616009891,34.77572460563204,37.308911419657136,0.37796010295990023,0.020112994018099507,0.31852655295952764,0.4142252077584847,0.19086199545437008,0.012765559848947035,0.15763235344741575,0.21536288440524884,0.3789990073024414,0.011930750097861318,0.3530273081399199,0.4037761703471447,0.6612974683544303,0.016843382300456747,0.620253164556962,0.7025316455696202,0.48053797468354437,0.024002178872145733,0.43037974683544306,0.5316455696202531,0.41409660144661553,0.012410111416626403,0.35325261544734626,0.47457379515751347,20.0,0.0,20,20,5.952380952380952,8.881784197001252e-16,5.9523809523809526,5.9523809523809526
ecoli,zscore_2.5,minmax,minkowski,20.057219610313435,0.0688606099569265,19.96782895872039,20.44228678227571,0.2501163405710999,0.0023561058527701195,0.23675019146054807,0.2575606226785528,0.4102363075508804,0.016910896611210185,0.3833477474754289,0.477840236797247,0.5967632103148498,0.007931015961384926,0.5796345372882299,0.6163910087538876,0.8140506329113922,0.014370852125143992,0.7943037974683544,0.8544303797468354,0.5693037974683545,0.01207932574936222,0.5443037974683544,0.6170886075949367,0.5670094647305375,0.007857175230222568,0.5550417570418898,0.5901849344719248,20.0,0.0,20,20,5.952380952380952,8.881784197001252e-16,5.9523809523809526,5.9523809523809526
ecoli,zscore_2.5,minmax,chebyshev,20.84394204682702,0.3058694529500171,20.363747068776778,22.0197491255691,0.24438782336164888,0.006292736458677503,0.22012706239496946,0.25697486502866274,0.40506758202446286,0.025835754949044144,0.3663280138691062,0.4834566219714842,0.5843063656260091,0.011277884291461404,0.5554393297590132,0.613139920629186,0.8101582278481015,0.016182586368880727,0.7848101265822784,0.8575949367088608,0.5571835443037975,0.016420696713721143,0.5284810126582279,0.6139240506329114,0.5560431401618989,0.01702316245260961,0.48351555160750903,0.6609356930193646,20.0,0.0,20,20,5.952380952380952,8.881784197001252e-16,5.9523809523809526,5.9523809523809526
ecoli,zscore_2.5,minmax,correlation,35.87613479517087,0.5465150669617654,34.745197602350125,37.337254190659905,0.39266791385965577,0.018808031523812208,0.3501401644820827,0.43409668663066203,0.18985406246831432,0.012125811555468583,0.1661377741414608,0.21165374542429888,0.37977088608691106,0.011267062602605722,0.3524954000170253,0.4031100768905366,0.6618670886075948,0.015761749368332693,0.6139240506329114,0.7025316455696202,0.47819620253164563,0.022336011556982917,0.43354430379746833,0.5253164556962026,0.4152046978816415,0.016243378734003996,0.3490840609484677,0.47807736581469323,20.0,0.0,20,20,5.952380952380952,8.881784197001252e-16,5.9523809523809526,5.9523809523809526
ecoli,zscore_2.5,minmax,hamming,88.79177650358675,2.8373189114031887,81.47236846759994,96.13336860863294,0.017500400315620068,0.0035927690951544186,0.004587967799332328,0.025927825488708103,0.0032137415634506798,0.036963250459972945,-0.05111832644587935,0.1336938427747156,0.09564104083967917,0.017808273642202496,0.05333243689424582,0.13932904954720807,0.4835759493670887,0.018022395003972642,0.4462025316455696,0.5284810126582279,0.30053797468354426,0.03927737906236428,0.22151898734177214,0.43354430379746833,0.13942095446739633,0.033200340219619574,0.07713347921225383,0.24988624194913,20.0,0.0,20,20,5.952380952380952,8.881784197001252e-16,5.9523809523809526,5.9523809523809526
ecoli,zscore_2.5,standard,euclidean,617.4204995110404,92.1436881210095,486.79755923617506,694.0468942876421,0.2428183355757743,0.01754464324055871,0.20938382573162362,0.31976655888115324,0.4435270614030847,0.06376139665508944,0.36669425877577816,0.7245693912961237,0.5995999330252221,0.021736883353829835,0.5616775887726949,0.6571852315657205,0.8115506329113924,0.01818656872106055,0.7689873417721519,0.8481012658227848,0.5927215189873418,0.04536588598937207,0.5316455696202531,0.7784810126582279,0.5850228909516776,0.055199808316809706,0.486196702642839,0.6877097790176082,20.0,0.0,20,20,5.952380952380952,8.881784197001252e-16,5.9523809523809526,5.9523809523809526
ecoli,zscore_2.5,standard,manhattan,810.4528357544154,107.1513877836287,518.1930611389746,1091.1728313147057,0.20477946735005798,0.02160678034752648,0.15559391870865222,0.2736608964210274,0.3939761167574241,0.05436916593847984,0.31917669448758734,0.6529220798918297,0.5739527126202925,0.020676594326198693,0.5325980619106115,0.6374515488744954,0.8111075949367088,0.018083414894530206,0.7689873417721519,0.8512658227848101,0.5405063291139239,0.04778166642354098,0.4525316455696203,0.689873417721519,0.49385219280731874,0.05437062159566013,0.3884163802978236,0.601231918488016,20.0,0.0,20,20,5.952380952380952,8.881784197001252e-16,5.9523809523809526,5.9523809523809526
ecoli,zscore_2.5,standard,cosine,608.1458229329155,99.11243119123502,490.92474148533097,705.1019188892326,0.43575938112018847,0.018190778466623595,0.38703463228235424,0.4928092892544077,0.4394957456340286,0.04469080495134286,0.3614232205565159,0.6379836121718843,0.5816955545243041,0.010783871233300045,0.5594605639599175,0.612896470736878,0.8056012658227849,0.012102144650573575,0.7784810126582279,0.8322784810126582,0.5878481012658228,0.036597167483859896,0.5221518987341772,0.75,0.5825758264788434,0.04254496781635859,0.4904849604251474,0.659076706068352,20.0,0.0,20,20,5.952380952380952,8.881784197001252e-16,5.9523809523809526,5.9523809523809526
ecoli,zscore_2.5,standard,minkowski,611.3453969153098,94.71536410982563,486.869190834582,694.5571771309907,0.25227158247503,0.017438137967317253,0.20365606164883132,0.33257761054265855,0.4498862397083856,0.06213513480738356,0.3633057603918158,0.7231000895332533,0.5979571021845012,0.020409251861739357,0.557969226004583,0.6703407480568071,0.8030696202531646,0.01745306958327232,0.7689873417721519,0.8386075949367089,0.5950632911392405,0.048552843636807896,0.509493670886076,0.7974683544303798,0.5862152492732436,0.051518771526264336,0.4835809074745385,0.6776450694912106,20.0,0.0,20,20,5.952380952380952,8.881784197001252e-16,5.9523809523809526,5.9523809523809526
ecoli,zscore_2.5,standard,chebyshev,640.5469292564284,88.45562483773162,501.9492070329876,713.4077108999984,0.24436511303023448,0.013482821151502662,0.20513237545130478,0.3102867851900504,0.4468003491508019,0.04720232221482911,0.3572879440831427,0.6733947506456255,0.5839642984849668,0.02249316113007149,0.5113445567529998,0.6454165592408618,0.8055379746835443,0.021903558223322836,0.7468354430379747,0.8417721518987342,0.5935126582278482,0.04594033239281276,0.49683544303797467,0.8006329113924051,0.5905202001603144,0.05351861741437912,0.4722852900020587,0.6771286742283475,20.0,0.0,20,20,5.952380952380952,8.881784197001252e-16,5.9523809523809526,5.9523809523809526
ecoli,zscore_2.5,standard,correlation,922.147700684428,29.732720245457188,892.5960077029043,1083.416474258212,0.4150496863429119,0.012469221671460487,0.3569193350260711,0.43134247564369516,0.30334418566487686,0.014293106218856488,0.2562454923275655,0.3351789706907201,0.4782791605581745,0.012244739652639494,0.43583923540717046,0.5111139903521513,0.7525949367088606,0.018247067048060995,0.7025316455696202,0.7816455696202531,0.5406645569620253,0.016836959815560423,0.44936708860759494,0.5727848101265823,0.5351756937644548,0.025806871492167635,0.4222375036406355,0.5582418998916818,20.0,0.0,20,20,5.952380952380952,8.881784197001252e-16,5.9523809523809526,5.9523809523809526
ecoli,zscore_2.5,standard,hamming,2441.545163052011,108.84476908794954,2061.6009661976627,2669.863046639406,0.017368143640436227,0.0031692611839310054,0.01056612103917966,0.025927825488708103,0.003280176772915844,0.03411072520864592,-0.048029378215267655,0.1336938427747156,0.09571179615082581,0.016978660191303986,0.06479289474533088,0.13932904954720807,0.4811392405063291,0.01600477616583783,0.44936708860759494,0.5189873417721519,0.3094303797468354,0.03407327137896138,0.24050632911392406,0.43354430379746833,0.16883849461468411,0.04213941187284794,0.08431583958776745,0.26145193767512476,20.0,0.0,20,20,5.952380952380952,8.881784197001252e-16,5.9523809523809526,5.9523809523809526
ecoli,zscore_2.5,robust,euclidean,196.8607398508728,0.22237580006739868,196.6220884972659,197.64339527743147,0.24237498751394376,0.004536348295412229,0.2296980063142692,0.2462931364902003,0.37386833156205657,0.008112209345992643,0.3576652763358486,0.4017591631183103,0.548196758065953,0.011149753853668707,0.5297724773565313,0.5763920865875035,0.8058227848101264,0.009952217197342805,0.7879746835443038,0.8322784810126582,0.519018987341772,0.009045264850481176,0.49683544303797467,0.5506329113924051,0.4725507028405175,0.006832762147326371,0.4619480863220929,0.4912829414765097,20.0,0.0,20,20,5.952380952380952,8.881784197001252e-16,5.9523809523809526,5.9523809523809526
ecoli,zscore_2.5,robust,manhattan,209.55146557681925,3.314457521488155,203.61579907169525,218.0322317033382,0.20984792078108255,0.006566850314660434,0.19020664060403758,0.22408735611921976,0.37531944239453496,0.03162811600873056,0.30318608607491043,0.4544774407137961,0.5634751037047467,0.013775068969413962,0.5363363372673062,0.594025320053521,0.8168037974683544,0.01787845856230375,0.7784810126582279,0.8575949367088608,0.5183544303797468,0.02736198268508517,0.4651898734177215,0.5981012658227848,0.47975520795149845,0.018367779106994015,0.4004494867016138,0.5105924652595487,20.0,0.0,20,20,5.952380952380952,8.881784197001252e-16,5.9523809523809526,5.9523809523809526
ecoli,zscore_2.5,robust,cosine,214.0350536219478,0.8082369500542619,212.6700012974546,217.2360220298063,0.4234569167323109,0.010639842251491637,0.3811498934485364,0.4421097442028645,0.32404334578329114,0.015247085553458061,0.29945651825484,0.35300384529254675,0.49277569063935256,0.008798752194903873,0.47649853305336337,0.5305159487882534,0.7814873417721517,0.006109726131742974,0.7658227848101266,0.8006329113924051,0.5160443037974684,0.0163105514648735,0.47468354430379744,0.5569620253164557,0.45543171178413944,0.004276928860458768,0.44172026903985667,0.4721414458890108,20.0,0.0,20,20,5.952380952380952,8.881784197001252e-16,5.9523809523809526,5.9523809523809526
ecoli,zscore_2.5,robust,minkowski,197.65710662987075,0.36633746836118253,196.8703555973333,198.89945512008276,0.24654123383578494,0.0052963357514278974,0.23049981654229565,0.2520738871500324,0.37470081311562126,0.013536660677089926,0.3474259963967388,0.40950510012648833,0.5476421959488287,0.010265268752895785,0.5223078568311373,0.5709917851822883,0.8029430379746835,0.010869274272803731,0.7784810126582279,0.8322784810126582,0.5162341772151899,0.010876642586280355,0.49050632911392406,0.5537974683544303,0.47031768465181784,0.007998311802357716,0.45277130037233204,0.48939857967271266,20.0,0.0,20,20,5.952380952380952,8.881784197001252e-16,5.9523809523809526,5.9523809523809526
ecoli,zscore_2.5,robust,chebyshev,207.33195447224753,1.1842306170454,204.63827344978176,210.173794603509,0.24096683382994794,0.0054171687731202,0.2230968235282399,0.24892980268635395,0.355395856792845,0.016138294345076434,0.3253640467638176,0.3875174775241173,0.5108704524531431,0.006837833463022423,0.4960697810364784,0.5346010218844324,0.7797151898734177,0.007763103936385687,0.7658227848101266,0.810126582278481,0.5088291139240506,0.01934419408754604,0.46835443037974683,0.5664556962025317,0.45806341032386244,0.004561969723883273,0.44915572081788324,0.4683405139470981,20.0,0.0,20,20,5.952380952380952,8.881784197001252e-16,5.9523809523809526,5.9523809523809526
ecoli,zscore_2.5,robust,correlation,230.38064192023813,1.76693358514418,226.5265495372206,233.54870761207906,0.4249593463241893,0.005698921383027192,0.40100212124605383,0.4334924799887745,0.28277665534293356,0.012508502031553754,0.2530888494635417,0.31452799542338583,0.46993957112591267,0.013122485575949392,0.43463263709320804,0.49606129915760366,0.7638607594936709,0.009974932529180573,0.7310126582278481,0.7848101265822784,0.5058544303797468,0.018492361479910267,0.45569620253164556,0.5474683544303798,0.4495238596092623,0.010325745713985911,0.36591971199436707,0.46510393397664934,20.0,0.0,20,20,5.952380952380952,8.881784197001252e-16,5.9523809523809526,5.9523809523809526
ecoli,zscore_2.5,robust,hamming,838.1534237283963,22.976097692549164,767.0697800562743,907.7461246642763,0.017477811207889472,0.0033428612464692603,0.006531109452191354,0.02548700021244355,-0.003270123817335815,0.03261701433356138,-0.058369031855257505,0.0973390660454613,0.0923996428955661,0.015909893573759926,0.06314983299043203,0.1279681642017398,0.4808860759493671,0.016696869498487175,0.4462025316455696,0.5284810126582279,0.29351265822784806,0.03525712713224962,0.22468354430379747,0.37341772151898733,0.1329008876558571,0.02816900149797324,0.07713347921225383,0.22673656126956687,20.0,0.0,20,20,5.952380952380952,8.881784197001252e-16,5.9523809523809526,5.9523809523809526
ecoli,zscore_3.5,none,euclidean,12.672128595351822,0.09014613857214836,12.558123107620744,12.877506304109742,0.2590905976969018,0.0066034818477395405,0.23388047637308335,0.275631393433563,0.428195618038418,0.02597995947925444,0.36716410647145464,0.5145464574618728,0.62186511895113,0.014357985082023093,0.5804581229135918,0.6657162138137181,0.8338719512195122,0.014963860638988887,0.801829268292683,0.8567073170731707,0.5859451219512195,0.028462272298225687,0.5182926829268293,0.6432926829268293,0.5685238267522265,0.05225169158903178,0.418210060535536,0.6157271007680845,8.0,0.0,8,8,2.3809523809523805,4.440892098500626e-16,2.380952380952381,2.380952380952381
ecoli,zscore_3.5,none,manhattan,13.428921500000001,0.1586028225245377,13.042000000000002,14.1769,0.22608636763514187,0.010926374782211945,0.20309913975530886,0.25842231419235095,0.3964886396305103,0.04581449517215491,0.33880015255002033,0.5577673114207204,0.5994545758579791,0.020751911553162188,0.5635316662014644,0.6438358600686481,0.8335365853658534,0.013352127097840361,0.8048780487804879,0.8719512195121951,0.561829268292683,0.04508295942171617,0.4817073170731707,0.6737804878048781,0.5216497531188594,0.04838645039832726,0.4229912514080472,0.6302634568571643,8.0,0.0,8,8,2.3809523809523805,4.440892098500626e-16,2.380952380952381,2.380952380952381
ecoli,zscore_3.5,none,cosine,13.62797502798504,0.1115873844740988,13.460109041162873,14.030818507748533,0.4113255312722358,0.013619985396730452,0.35609832535873276,0.43012366760899584,0.36841244854826727,0.017118691355165885,0.3190890861118154,0.3901322058217353,0.568289752302459,0.01135338223672646,0.5414483406345726,0.5990839353620742,0.808810975609756,0.014105643465396127,0.7713414634146342,0.850609756097561,0.5564024390243902,0.020454113558194497,0.49390243902439024,0.5945121951219512,0.4805916382170851,0.0355093427018134,0.39390843185909596,0.579200828808494,8.0,0.0,8,8,2.3809523809523805,4.440892098500626e-16,2.380952380952381,2.380952380952381
ecoli,zscore_3.5,none,minkowski,12.7372684883896,0.08217681857925427,12.575438725418232,12.905941227547672,0.26299095378503745,0.00569460932072452,0.24452852319889518,0.277584059145571,0.42097782779710896,0.02131791223927924,0.36901964201386006,0.5219092814014228,0.6166918347125371,0.014207026052011837,0.5918701928544473,0.6615979922964906,0.8300914634146344,0.01585867064298769,0.7957317073170732,0.8567073170731707,0.5808841463414633,0.027538623436643424,0.5091463414634146,0.6676829268292683,0.5661463688574654,0.04691870265153587,0.47705155690588674,0.6152248009987948,8.0,0.0,8,8,2.3809523809523805,4.440892098500626e-16,2.380952380952381,2.380952380952381
ecoli,zscore_3.5,none,chebyshev,13.518506321163722,0.2090575698640005,13.01894835243105,13.922435450157913,0.2591145324818225,0.010770542101923457,0.21339558212242837,0.28101979649846304,0.4047019751011739,0.0375206503914589,0.3337594214531832,0.5089849446761469,0.5928746752603657,0.017170676295051392,0.5427868440069199,0.6368277098506877,0.8197256097560975,0.013700223568174526,0.7896341463414634,0.8536585365853658,0.5635670731707316,0.036079776333311005,0.47865853658536583,0.6554878048780488,0.5283949216993886,0.0456708635195578,0.45860510974095403,0.6116688278614983,8.0,0.0,8,8,2.3809523809523805,4.440892098500626e-16,2.380952380952381,2.380952380952381
ecoli,zscore_3.5,none,correlation,14.006461162097384,0.059837597419860854,13.841056092403914,14.204592541225434,0.42682386121176596,0.008193917535901565,0.4150465014556181,0.44567833083710223,0.39022584629982204,0.025187249771900518,0.3615724960662998,0.47058313070785074,0.5733773818179398,0.008525245072124618,0.5523734029268176,0.5916854489374805,0.8141158536585366,0.006809845529323962,0.7926829268292683,0.8323170731707317,0.5925609756097561,0.0251723683056523,0.5670731707317073,0.6676829268292683,0.4944589661820417,0.006504759689528268,0.4699349326199465,0.5076478519949126,8.0,0.0,8,8,2.3809523809523805,4.440892098500626e-16,2.380952380952381,2.380952380952381
ecoli,zscore_3.5,none,hamming,66.25744399999999,2.2376205736594397,59.150800000000004,70.2831,0.01670933044033051,0.0034094519506091985,0.008309223920821023,0.02461245361750764,0.0012041694315985964,0.036189009610916985,-0.06534891201781019,0.10916845427412869,0.09509378926679773,0.01742769520593162,0.058618040268881975,0.14820662674978607,0.4732012195121951,0.01701479021206954,0.43597560975609756,0.5121951219512195,0.2991463414634146,0.038226115045934976,0.23170731707317074,0.3932926829268293,0.13436783610068825,0.031007434956507932,0.07590233545647558,0.25251574888671663,8.0,0.0,8,8,2.3809523809523805,4.440892098500626e-16,2.380952380952381,2.380952380952381
ecoli,zscore_3.5,minmax,euclidean,17.43409702510257,0.2325301707282445,17.353926215455665,19.217607150139727,0.2578107868908306,0.006407555078359188,0.21829070858279156,0.26538075889501234,0.4259304444546281,0.020515151011574213,0.34254212317264027,0.531000466457801,0.6263541375369158,0.009901478809603821,0.5843167210016829,0.6467504479197916,0.8373780487804878,0.01348526306927641,0.7865853658536586,0.875,0.5890853658536586,0.021142715670815392,0.5,0.6707317073170732,0.5828902231803779,0.02948982828367044,0.39460471707662714,0.6180849402360556,8.0,0.0,8,8,2.3809523809523805,4.440892098500626e-16,2.380952380952381,2.380952380952381
ecoli,zscore_3.5,minmax,manhattan,19.65297941701297,0.9558832460503315,18.17994735819046,21.603376582074198,0.2272530262392943,0.02077690102239118,0.17908311932118745,0.3016533385752002,0.440751326074234,0.08059657719602281,0.33346389708904767,0.71953794664401,0.6076254050687939,0.02697282923620417,0.5518110863419827,0.6622911764450055,0.8235365853658536,0.025108627771708792,0.7560975609756098,0.8719512195121951,0.585091463414634,0.06213695121604171,0.4817073170731707,0.7774390243902439,0.5453195387095502,0.06000107682361136,0.3835085670131404,0.61912941887731,8.0,0.0,8,8,2.3809523809523805,4.440892098500626e-16,2.380952380952381,2.380952380952381
ecoli,zscore_3.5,minmax,cosine,30.410004901724975,0.42515452724451136,29.56612634070575,32.18615558812526,0.3865381717174837,0.012747343989075689,0.3153936311833251,0.4193597526908104,0.23565081734219792,0.009066054991676578,0.2143226109164421,0.27515643448238486,0.43050051359093716,0.008448517261614517,0.40224048765030407,0.45173880784519455,0.694451219512195,0.011140195508992815,0.6676829268292683,0.7195121951219512,0.5229268292682927,0.017302896980056243,0.4695121951219512,0.5670731707317073,0.5024044336269902,0.025302640207406125,0.4340036900970709,0.5282181699131723,8.0,0.0,8,8,2.3809523809523805,4.440892098500626e-16,2.380952380952381,2.380952380952381
ecoli,zscore_3.5,minmax,minkowski,17.452305984642983,0.10249359349249308,17.369787520404465,18.14443789585696,0.2648305684690245,0.005095734320555859,0.2329723883454542,0.2717498216283645,0.4269824819829718,0.017796436804587975,0.39498600871695533,0.503450773804805,0.6285557221697683,0.01129058744428169,0.6012159741241012,0.6499135973383835,0.8398170731707316,0.010894176221737353,0.801829268292683,0.8536585365853658,0.5914939024390243,0.021957549053576424,0.5609756097560976,0.6524390243902439,0.59168920672187,0.007038824452515454,0.5656383172378382,0.5975830078969914,8.0,0.0,8,8,2.3809523809523805,4.440892098500626e-16,2.380952380952381,2.380952380952381
ecoli,zscore_3.5,minmax,chebyshev,18.10005713923879,0.2515714412547144,17.770226905235603,18.878901425181553,0.2619059124888537,0.006671618681859352,0.2345642768147432,0.27031769069072603,0.42116779228430873,0.024730622207991985,0.39382693786700723,0.5077126712749743,0.6160144559847508,0.008900592766874563,0.5966221083583958,0.6437729322000478,0.8308841463414633,0.016420761142230397,0.7926829268292683,0.8567073170731707,0.5742073170731709,0.023239707987938747,0.5457317073170732,0.6646341463414634,0.5852070121440883,0.011316257269510325,0.556792419146011,0.6040983915530675,8.0,0.0,8,8,2.3809523809523805,4.440892098500626e-16,2.380952380952381,2.380952380952381
ecoli,zscore_3.5,minmax,correlation,30.51862068075932,0.5425125385566317,29.04844654723307,32.38912771090024,0.40264673714615457,0.01397266531856293,0.33435383833283505,0.43873178938073415,0.232825894604216,0.011454205463409075,0.1976798784304029,0.2618642784635343,0.4310639686801169,0.011385712722552427,0.3965989571607295,0.45833390462817747,0.6942682926829267,0.014294066777258242,0.6554878048780488,0.7317073170731707,0.514390243902439,0.015341637906642726,0.4695121951219512,0.5579268292682927,0.5011956463578461,0.02959161515018861,0.41268928321045584,0.5347191802154462,8.0,0.0,8,8,2.3809523809523805,4.440892098500626e-16,2.380952380952381,2.380952380952381
ecoli,zscore_3.5,minmax,hamming,83.82721606538189,2.5080260435671313,75.85302614290802,88.8292801080483,0.01670904540827246,0.0035342964414125564,0.008309223920821023,0.02461245361750764,-0.0009614100216320591,0.03600872959363496,-0.06534891201781019,0.10916845427412869,0.09500018784904976,0.016974257474034443,0.058618040268881975,0.14102936727150372,0.4715548780487805,0.017556608323813908,0.43597560975609756,0.5121951219512195,0.2971036585365854,0.036364616028898324,0.23170731707317074,0.3932926829268293,0.13738079112744012,0.034572350723905146,0.07590233545647558,0.25251574888671663,8.0,0.0,8,8,2.3809523809523805,4.440892098500626e-16,2.380952380952381,2.380952380952381
ecoli,zscore_3.5,standard,euclidean,625.9511915588722,92.91014293356913,489.7510717585979,704.7000632789036,0.24947273775849882,0.02317734599663333,0.2012992237922859,0.3407350775059283,0.4561613846126179,0.070144483588872,0.3710856740338028,0.7366904748642489,0.6237961385001107,0.025278557091926418,0.568986867224107,0.6942068720592199,0.8164634146341463,0.021951219512195093,0.7682926829268293,0.8597560975609756,0.6007012195121951,0.05556724245423627,0.5304878048780488,0.8109756097560976,0.5906851375048624,0.0502580266314904,0.4892679987861126,0.7060832054889279,8.0,0.0,8,8,2.3809523809523805,4.440892098500626e-16,2.380952380952381,2.380952380952381
ecoli,zscore_3.5,standard,manhattan,811.9925784956619,85.86530847576034,555.2989518559211,1112.5808409648587,0.21684533454642071,0.027721177432878667,0.15709301940440998,0.30860804487116306,0.4339441195570364,0.08332625188302363,0.31716376268639085,0.7076604978908007,0.5950200773972261,0.028719032400050463,0.5252778006642267,0.6610315402337491,0.8144512195121952,0.025445977465701874,0.7621951219512195,0.8597560975609756,0.5728353658536587,0.06790079059316378,0.4451219512195122,0.7560975609756098,0.52973960905506,0.06150775371639024,0.38565755091130277,0.618369935577396,8.0,0.0,8,8,2.3809523809523805,4.440892098500626e-16,2.380952380952381,2.380952380952381
ecoli,zscore_3.5,standard,cosine,647.2715871604959,94.20987111997746,497.68147756511996,717.9133747737887,0.44677586731785063,0.016599586345634253,0.39395882080172717,0.5239360266383147,0.4268688726522668,0.040030904856681634,0.3721984295309202,0.6079124982035942,0.5971320165522334,0.011822353823257713,0.5628920057170909,0.6194144984139999,0.8108841463414634,0.013144841027095072,0.7591463414634146,0.823170731707317,0.5910365853658537,0.03713014115931166,0.5152439024390244,0.7317073170731707,0.5708613522009028,0.04325017931084416,0.4860710994820612,0.6717732258141935,8.0,0.0,8,8,2.3809523809523805,4.440892098500626e-16,2.380952380952381,2.380952380952381
ecoli,zscore_3.5,standard,minkowski,619.5198513051721,98.68630602741469,490.48756709317064,705.7557613315348,0.2553632123712493,0.015232002086182542,0.21492389741351606,0.33614108568599754,0.45281674443046993,0.05900513429733131,0.38886185547279306,0.7384982012680695,0.6188568245845288,0.024764042479252544,0.5862807008842332,0.6942313490626495,0.8091463414634146,0.02199352292301391,0.7774390243902439,0.8628048780487805,0.5934756097560975,0.0480939106490926,0.524390243902439,0.8140243902439024,0.5870299987331439,0.06680531964256531,0.4870216312262044,0.708667777015006,8.0,0.0,8,8,2.3809523809523805,4.440892098500626e-16,2.380952380952381,2.380952380952381
ecoli,zscore_3.5,standard,chebyshev,630.021867415726,92.23205180093017,504.7631299412693,729.2256845837812,0.2504338309484743,0.016585717673692373,0.21006475799557384,0.32415672644618876,0.4569913469080965,0.05515354946729999,0.3786564649817081,0.6544507552401724,0.6047785478782847,0.019180374591380934,0.5458285275065268,0.6455999051004847,0.808109756097561,0.01977631831789193,0.7652439024390244,0.850609756097561,0.6102439024390243,0.05241015938406124,0.5304878048780488,0.7835365853658537,0.6141866051440446,0.05509884372101547,0.5549106614258097,0.6990658907241057,8.0,0.0,8,8,2.3809523809523805,4.440892098500626e-16,2.380952380952381,2.380952380952381
ecoli,zscore_3.5,standard,correlation,935.3594283565357,21.301025706207003,902.5858506159828,1000.9866517519001,0.42272417796594197,0.011393780843464821,0.38498391092937817,0.4390280355622498,0.3296384674298688,0.014139663303846813,0.28468232606121074,0.3584549083898879,0.5037240658626727,0.01114139281932671,0.47598920754489255,0.5268307505732227,0.7679878048780487,0.017738034399742524,0.7225609756097561,0.7987804878048781,0.5611280487804877,0.013568785860654641,0.5304878048780488,0.5853658536585366,0.5557253740505683,0.01922981011310815,0.47814061136182145,0.5752975200286403,8.0,0.0,8,8,2.3809523809523805,4.440892098500626e-16,2.380952380952381,2.380952380952381
ecoli,zscore_3.5,standard,hamming,2531.5619338272227,121.59680702726715,2173.0180253529506,2714.562274271688,0.016261351138434677,0.0036134066480476715,0.008211817292963643,0.02385454553636698,-0.0020551372651367817,0.0373426216808484,-0.0556479885644873,0.10916845427412869,0.090943412939018,0.018299027934590453,0.058618040268881975,0.14820662674978607,0.46457317073170734,0.01811283541201379,0.43597560975609756,0.5121951219512195,0.301890243902439,0.04065976010273715,0.2347560975609756,0.39939024390243905,0.15726529396860411,0.044294366587324704,0.07590233545647558,0.2588582187725952,8.0,0.0,8,8,2.3809523809523805,4.440892098500626e-16,2.380952380952381,2.380952380952381
ecoli,zscore_3.5,robust,euclidean,214.57615427126,0.20574998998722285,214.12085620938257,215.18618672413731,0.23834581369235142,0.00497386286464935,0.22795868269192832,0.24543524244777792,0.38751254506187494,0.024677183965935618,0.35204604579032245,0.43020825043597505,0.5596946485920609,0.007314320842363218,0.5409796349457336,0.5804022959951904,0.8104573170731707,0.008471605915154279,0.7865853658536586,0.8323170731707317,0.52875,0.017101756339594758,0.5,0.5701219512195121,0.48621750188438567,0.005904047808322421,0.462708759065793,0.4972229723543925,8.0,0.0,8,8,2.3809523809523805,4.440892098500626e-16,2.380952380952381,2.380952380952381
ecoli,zscore_3.5,robust,manhattan,226.95130012616116,2.555063012849162,222.2258042379213,233.36282688610413,0.2102245403492411,0.005818810034175838,0.19005022947616684,0.2261614122294811,0.3843229502006615,0.028558772590801466,0.3316192229378785,0.4413950844845544,0.5699826527563302,0.013793289560903555,0.5351083161918223,0.6048303646981259,0.8154573170731707,0.017758747247687733,0.7804878048780488,0.8567073170731707,0.5209146341463415,0.024229730976151616,0.47560975609756095,0.5975609756097561,0.4779696533776715,0.030679991725522104,0.4011455703810554,0.5184771103377503,8.0,0.0,8,8,2.3809523809523805,4.440892098500626e-16,2.380952380952381,2.380952380952381
ecoli,zscore_3.5,robust,cosine,234.37584721947746,1.355635234649382,231.93390082705528,238.1036087001712,0.43018741173686137,0.009672850466529615,0.39778776418013817,0.44811948545012964,0.33435146536646654,0.00796709490939238,0.3180966657720611,0.3608891840289099,0.5116797544173121,0.008523716488222144,0.4958679748406613,0.5455396839322915,0.7941463414634149,0.007511145793041888,0.774390243902439,0.8079268292682927,0.5204573170731708,0.013458181810492072,0.4847560975609756,0.5579268292682927,0.4702421926445098,0.005432153223839864,0.44844812925170063,0.48079154159233006,8.0,0.0,8,8,2.3809523809523805,4.440892098500626e-16,2.380952380952381,2.380952380952381
ecoli,zscore_3.5,robust,minkowski,215.51964114669084,0.3235858226538349,214.8808049205602,216.8011445081759,0.24423742392442147,0.004407946133842469,0.2326864487828507,0.2553740251742377,0.3828008054592597,0.015835327735396906,0.35724986484620724,0.4398001795092529,0.5503071700358103,0.011001762622795806,0.5298557941629463,0.5810537837969124,0.79875,0.01040608226882737,0.7774390243902439,0.8262195121951219,0.5215853658536586,0.014200118557372212,0.49390243902439024,0.5670731707317073,0.4773242062616728,0.008784492855887114,0.4595148108335857,0.5067338293369762,8.0,0.0,8,8,2.3809523809523805,4.440892098500626e-16,2.380952380952381,2.380952380952381
ecoli,zscore_3.5,robust,chebyshev,226.43337217379377,2.0966075259722516,222.34994874927628,229.9870864865083,0.2369014742316465,0.005240790926744622,0.22505308196899507,0.25038585631083266,0.36374758109065547,0.015628147140542354,0.3204134948555495,0.3979439827041438,0.5174509098532779,0.008978449265268789,0.49616134567005965,0.5453617037486906,0.7791158536585365,0.011079915950840598,0.7621951219512195,0.8170731707317073,0.5091463414634146,0.013871113617167481,0.4725609756097561,0.5396341463414634,0.46590460564663533,0.006226371631231889,0.452182643858983,0.4816609085447927,8.0,0.0,8,8,2.3809523809523805,4.440892098500626e-16,2.380952380952381,2.380952380952381
ecoli,zscore_3.5,robust,correlation,253.6689141540952,1.8189596410871192,249.71660677622606,257.6044903835418,0.428738735907675,0.008724862648003042,0.39484556965585477,0.43968676191918327,0.28970237004293925,0.010558914088262239,0.26859413557729594,0.3132737981729795,0.4776746223229152,0.011596981437390002,0.44560911706764317,0.5044664081518342,0.7694207317073172,0.01146969696820864,0.7286585365853658,0.7896341463414634,0.5158841463414635,0.01731264435809388,0.4725609756097561,0.551829268292683,0.45959326617710167,0.010012587743877586,0.3800474196855776,0.4752318795117266,8.0,0.0,8,8,2.3809523809523805,4.440892098500626e-16,2.380952380952381,2.380952380952381
ecoli,zscore_3.5,robust,hamming,920.7367196175973,26.19524587763646,847.4495207776955,968.808021081415,0.016401548239248404,0.003657631307631016,0.00797260030386579,0.024071895877502414,-0.009394425532989123,0.032956257687328384,-0.06534891201781019,0.10916845427412869,0.08969746349592071,0.016835154607896783,0.04945987098123603,0.12771197030771644,0.46551829268292677,0.018224950824080554,0.43597560975609756,0.5121951219512195,0.28990853658536586,0.03428785733924069,0.23170731707317074,0.3932926829268293,0.12714480325739944,0.028707605172406007,0.07590233545647558,0.21505569208815603,8.0,0.0,8,8,2.3809523809523805,4.440892098500626e-16,2.380952380952381,2.380952380952381
ecoli,iqr,none,euclidean,11.652902265333035,0.08838140190617698,11.450105383372666,11.841241966302736,0.24682049866243438,0.011453935654493246,0.21194539313234578,0.2677292597498813,0.3656222109835822,0.029441781485363527,0.3085400902367605,0.44395834850922883,0.5833787090365422,0.015810690082038562,0.554765182459349,0.6186415502126513,0.8181935483870969,0.012270960957903221,0.7967741935483871,0.8516129032258064,0.5227096774193548,0.02662773780093648,0.4645161290322581,0.5935483870967742,0.49859958785714065,0.04937005984326211,0.3844550382214753,0.6052417529004578,26.0,0.0,26,26,7.738095238095237,8.881784197001252e-16,7.738095238095238,7.738095238095238
ecoli,iqr,none,manhattan,12.402454000000002,0.14196500267319395,11.944300000000002,12.603549999999998,0.2220177921198925,0.015360742338923388,0.1899156649755001,0.25945483788706764,0.3434228636691932,0.03914150060681882,0.28531267492021173,0.4576490903916726,0.5634877961148635,0.021639201798523588,0.5231329558650536,0.6182294406506168,0.8179354838709678,0.015486021356054197,0.7806451612903226,0.8612903225806452,0.501709677419355,0.03957488719061425,0.4161290322580645,0.632258064516129,0.4533088895937898,0.06720620328414927,0.3068210215769075,0.615778853757829,26.0,0.0,26,26,7.738095238095237,8.881784197001252e-16,7.738095238095238,7.738095238095238
ecoli,iqr,none,cosine,12.627097906009487,0.12914311970270406,12.246979288089472,12.957956610687686,0.38843645443483615,0.020365868944136535,0.3362059921410562,0.42684115546722007,0.3304959784089999,0.020872279284843837,0.28753924491221006,0.3748010649742607,0.543508627166041,0.012881046741793873,0.5026043876756042,0.5723822266186099,0.8013870967741937,0.013951417115911325,0.7548387096774194,0.8451612903225807,0.5119032258064515,0.030858999264200535,0.43870967741935485,0.5903225806451613,0.42309484539336106,0.05067569920487695,0.31280290168235836,0.5644104155048069,26.0,0.0,26,26,7.738095238095237,8.881784197001252e-16,7.738095238095238,7.738095238095238
ecoli,iqr,none,minkowski,11.732452965295806,0.10213038997410118,11.468806841884088,11.953573727211467,0.24654542470622037,0.013347932063946312,0.20176278240764922,0.27153766403510116,0.36875406174216807,0.024152381917761066,0.3198982577058016,0.44001501594798215,0.5850407797941363,0.015037716129585356,0.555159072554716,0.6168729060504877,0.8240967741935482,0.012530545405454969,0.8032258064516129,0.8516129032258064,0.5263225806451614,0.02584158898217812,0.47096774193548385,0.6129032258064516,0.4993552641601097,0.053886406935612335,0.38848928926531623,0.5994292891914148,26.0,0.0,26,26,7.738095238095237,8.881784197001252e-16,7.738095238095238,7.738095238095238
ecoli,iqr,none,chebyshev,12.384792549442205,0.20306188587088975,11.953889143840634,12.803023820010221,0.23718957354103168,0.01928518618344357,0.19045920842470188,0.27419209070397993,0.376708604297839,0.0316866709854516,0.3208924824495783,0.4773044769592658,0.5731508868774854,0.017264149437863755,0.532262811755634,0.6201744555722817,0.8122258064516129,0.01574573592411239,0.7548387096774194,0.8483870967741935,0.5286774193548388,0.04017882762582871,0.4290322580645161,0.6258064516129033,0.49314070191838705,0.050314808121000594,0.36861707755130657,0.59488583963318,26.0,0.0,26,26,7.738095238095237,8.881784197001252e-16,7.738095238095238,7.738095238095238
ecoli,iqr,none,correlation,13.047453649957022,0.08771876750138884,12.850340578158736,13.454055719957593,0.40751269114928346,0.010795171605121319,0.36760880825252584,0.43811223957431783,0.3516838337326666,0.018005110858173055,0.31122203050908287,0.4286739629492381,0.5447605056473523,0.01155513950488406,0.5040296455546658,0.5657400103798044,0.8011612903225809,0.015426776456597508,0.7451612903225806,0.8419354838709677,0.562258064516129,0.01747005763103355,0.5258064516129032,0.6387096774193548,0.4740000714747804,0.03155689767489078,0.3684785721553899,0.5121853213965968,26.0,0.0,26,26,7.738095238095237,8.881784197001252e-16,7.738095238095238,7.738095238095238
ecoli,iqr,none,hamming,60.418409000000004,2.2623617822574267,55.50790000000001,65.20490000000001,0.01845250981113593,0.0033543299825503324,0.009140685326062322,0.0254303423740091,0.02786115107334549,0.03583718660290894,-0.055629621907629795,0.18047238747964886,0.10038388899556404,0.02032876885327722,0.05357507959343164,0.1714239985763038,0.5078064516129033,0.018203268965781474,0.45806451612903226,0.5548387096774193,0.329225806451613,0.03719851406294551,0.24193548387096775,0.45483870967741935,0.14591622742073995,0.032398931708473404,0.07853982300884955,0.24186758515116724,26.0,0.0,26,26,7.738095238095237,8.881784197001252e-16,7.738095238095238,7.738095238095238
ecoli,iqr,minmax,euclidean,20.069264089992647,0.12057068470314641,19.9615587369811,20.952944161014116,0.2325792797652693,0.00458910384215469,0.20452437704895446,0.24414505397113687,0.38708539972538214,0.01588644167413135,0.366013363096227,0.4822444247303808,0.5962152827787601,0.010268255144623917,0.5652080938116617,0.6187156038906908,0.8238709677419354,0.010261918529410875,0.7806451612903226,0.867741935483871,0.5588387096774193,0.01663165243272838,0.5225806451612903,0.6096774193548387,0.5628837074181651,0.028255595948096113,0.4950862874339061,0.6094593156955876,26.0,0.0,26,26,7.738095238095237,8.881784197001252e-16,7.738095238095238,7.738095238095238
ecoli,iqr,minmax,manhattan,22.69240831024084,0.7427667057491155,21.244572290757613,24.450622123915906,0.20316406460724398,0.01922163786243611,0.15557795349954445,0.2800096270708097,0.3893734022290501,0.056831449639617365,0.31204314565797,0.696834744467442,0.5731694849088668,0.021781988227067194,0.5104957994796977,0.6288125116398322,0.8157096774193551,0.018188829175177487,0.7774193548387097,0.864516129032258,0.5382580645161289,0.04793774144816258,0.4612903225806452,0.7419354838709677,0.4998184519914388,0.056505450923953995,0.38649997686694165,0.6066850320625892,26.0,0.0,26,26,7.738095238095237,8.881784197001252e-16,7.738095238095238,7.738095238095238
ecoli,iqr,minmax,cosine,35.85401538838675,0.47581681694966627,34.272160377251026,37.32086610280629,0.37041269694525963,0.02125943794908077,0.31929210712948514,0.4135667124211563,0.17306220895717156,0.010515553581606895,0.1464600246862355,0.19711418785704057,0.3667052546338317,0.012081881984323993,0.33693117892454777,0.39871020211603975,0.6582903225806451,0.012881069687550241,0.6129032258064516,0.6903225806451613,0.465741935483871,0.020471954877941033,0.4064516129032258,0.5258064516129032,0.40860969409220727,0.01909519641435261,0.3447759538598048,0.5027812717294413,26.0,0.0,26,26,7.738095238095237,8.881784197001252e-16,7.738095238095238,7.738095238095238
ecoli,iqr,minmax,minkowski,20.179002882629938,0.09462434189134736,20.053338056927608,20.602025614227365,0.23628845360578332,0.003860529471588446,0.22481654787650282,0.24525737903586375,0.3848070645663367,0.020842452766523113,0.35806273162701946,0.4895156370671504,0.5881130916792361,0.011121799750328022,0.5665050119901162,0.6258140477362623,0.8237741935483872,0.008841946664148934,0.7935483870967742,0.8483870967741935,0.5521612903225805,0.02209644454663458,0.5161290322580645,0.6451612903225806,0.5632912530778017,0.02361326202420521,0.4862668367197882,0.5918593458208665,26.0,0.0,26,26,7.738095238095237,8.881784197001252e-16,7.738095238095238,7.738095238095238
ecoli,iqr,minmax,chebyshev,21.15563447657881,0.3570997224288877,20.50223208601885,23.010031115685198,0.22767371259379282,0.006531772650300265,0.2005735708675208,0.23802209723792084,0.40179412280088195,0.03422027312008127,0.35352995174054525,0.46530113582561533,0.5783657998493578,0.01253045209882323,0.5318879748464244,0.6082611809744237,0.8225806451612903,0.015456965871885081,0.7774193548387097,0.8548387096774194,0.5528709677419354,0.017280780949324094,0.5161290322580645,0.5967741935483871,0.5624127552351572,0.017595832076982707,0.46560116832526577,0.5955654237619886,26.0,0.0,26,26,7.738095238095237,8.881784197001252e-16,7.738095238095238,7.738095238095238
ecoli,iqr,minmax,correlation,35.74504560395993,0.49890530532868327,34.57886727273989,37.318873349817046,0.3838643514868022,0.022071767492292112,0.3352827445733923,0.4270615894516619,0.17489467740639092,0.008501412703618054,0.1555524820606323,0.1918861465300263,0.3675450798523465,0.011847933923650869,0.3352724397336266,0.3893233057711033,0.6623548387096774,0.013324220784771319,0.6290322580645161,0.6870967741935484,0.4682258064516129,0.019923762082636257,0.4129032258064516,0.5258064516129032,0.40787729180206944,0.021735998484251545,0.3403769653769654,0.42818605125101433,26.0,0.0,26,26,7.738095238095237,8.881784197001252e-16,7.738095238095238,7.738095238095238
ecoli,iqr,minmax,hamming,85.90797241156744,2.719402843986817,79.3764896255392,91.17384949100347,0.018412641485030242,0.003483518511951555,0.009140685326062322,0.02597231657833945,0.023348477532077548,0.03778097441811166,-0.055629621907629795,0.18047238747964886,0.09762158007171448,0.021971483925445217,0.05357507959343164,0.1714239985763038,0.5045806451612903,0.020192517751706097,0.45806451612903226,0.5548387096774193,0.32500000000000007,0.04079433710266907,0.24193548387096775,0.45483870967741935,0.14673181411556663,0.04120943247485485,0.07853982300884955,0.3731929510155317,26.0,0.0,26,26,7.738095238095237,8.881784197001252e-16,7.738095238095238,7.738095238095238
ecoli,iqr,standard,euclidean,634.433292514468,84.68066018003042,499.39196245889474,702.178819334597,0.23205947685370568,0.01990088685757355,0.18294079522571868,0.31431208222688806,0.41059449132140174,0.06655532265042706,0.3532543317667585,0.6859804455289603,0.5859077564437635,0.016848732513343456,0.5323395470761646,0.6379848776686791,0.8134516129032258,0.016718611386755566,0.7548387096774194,0.8516129032258064,0.571,0.050362876753008365,0.4645161290322581,0.7774193548387097,0.5718867863934807,0.04155659915836616,0.46391877159782785,0.686453348583739,26.0,0.0,26,26,7.738095238095237,8.881784197001252e-16,7.738095238095238,7.738095238095238
ecoli,iqr,standard,manhattan,808.6847588851945,75.80481408557246,555.2222786773577,1095.3768112104597,0.20242740563307063,0.027149100022646522,0.1608187812929468,0.29025256194320287,0.3865851506302145,0.07503022856794357,0.2804123066009726,0.698992284612069,0.5645631476687936,0.023940045003319133,0.5136287540365471,0.6344310057392171,0.809,0.019506369193827703,0.7677419354838709,0.8580645161290322,0.527032258064516,0.058792532813889006,0.4161290322580645,0.7612903225806451,0.48475857880051393,0.06122073679317692,0.3839559079445732,0.5979757436120055,26.0,0.0,26,26,7.738095238095237,8.881784197001252e-16,7.738095238095238,7.738095238095238
ecoli,iqr,standard,cosine,635.472901306903,91.74367496475998,503.2579926496986,712.9449956246153,0.4196825160417052,0.016627937466532062,0.354150120515951,0.48150327900394935,0.3893894372740657,0.0468510962268995,0.3336016800980918,0.5970810535788442,0.5594884292504014,0.01320730764930273,0.5374820131771758,0.6040961767758773,0.7904516129032256,0.011257278833846847,0.7483870967741936,0.8225806451612904,0.5546129032258064,0.03906624753095494,0.5032258064516129,0.7354838709677419,0.5565780861517718,0.038773918229876254,0.4920654565456546,0.6333354413638914,26.0,0.0,26,26,7.738095238095237,8.881784197001252e-16,7.738095238095238,7.738095238095238
ecoli,iqr,standard,minkowski,622.3275670735078,91.80317536021077,499.6228630175145,703.5705363943954,0.23734595179826556,0.01758847888517118,0.2023470636486916,0.3158726803713808,0.4096144901776897,0.06427544152569398,0.35541600816817676,0.6946376782575227,0.5838908891084968,0.020841588011752777,0.5445224456601043,0.6462582326160442,0.8114193548387095,0.014932522523947517,0.7580645161290323,0.8451612903225807,0.5665483870967742,0.051398050793684945,0.5,0.7838709677419354,0.5855117160115842,0.04691358178322918,0.49930285946226616,0.6822242666024438,26.0,0.0,26,26,7.738095238095237,8.881784197001252e-16,7.738095238095238,7.738095238095238
ecoli,iqr,standard,chebyshev,643.8644554765585,90.22680734346568,522.9711524794006,729.9638858410613,0.2319853071634686,0.011790868234445756,0.19936647405764166,0.2891133538008997,0.4386454682615243,0.04274466730581409,0.3492051757773335,0.6196947354999888,0.5700605477484658,0.020888154104633475,0.5063316753807392,0.6089108740357875,0.8110322580645161,0.02006845724181601,0.7548387096774194,0.8354838709677419,0.5964516129032258,0.03991536311094859,0.5225806451612903,0.7387096774193549,0.5920304751346825,0.04939439276167174,0.5271553555601355,0.6711570930230525,26.0,0.0,26,26,7.738095238095237,8.881784197001252e-16,7.738095238095238,7.738095238095238
ecoli,iqr,standard,correlation,928.8162740617981,29.378540851011834,896.0947401179955,1099.7143844077061,0.3985993481162624,0.01074222829795987,0.35573806279209036,0.4202492916287411,0.27817167094265843,0.014860900839713522,0.24158251597102373,0.3173565714124266,0.4677013090511953,0.012072814946965204,0.4369740469477899,0.5020298453424391,0.7332903225806452,0.019359569314358744,0.6870967741935484,0.7741935483870968,0.5228387096774193,0.016478030655293584,0.47419354838709676,0.567741935483871,0.5183888935433059,0.02482909098653875,0.4234125371343416,0.5488730670483363,26.0,0.0,26,26,7.738095238095237,8.881784197001252e-16,7.738095238095238,7.738095238095238
ecoli,iqr,standard,hamming,2374.707958926756,124.21098151503001,1962.570596412308,2587.722827610831,0.017946218274693608,0.0036559266334808315,0.009140685326062322,0.02597231657833945,0.01217681755018129,0.03787062780820423,-0.05314664951827374,0.18047238747964886,0.09882291771495169,0.021142238363989395,0.057703805453925366,0.1714239985763038,0.4960967741935483,0.021031144834975563,0.4612903225806452,0.5548387096774193,0.32477419354838716,0.04014251407179379,0.24193548387096775,0.45483870967741935,0.18131900290431058,0.04670680716838029,0.09675874584131465,0.3731929510155317,26.0,0.0,26,26,7.738095238095237,8.881784197001252e-16,7.738095238095238,7.738095238095238
ecoli,iqr,robust,euclidean,197.70377619294857,0.3213174669448666,197.2966635651286,198.90038786714322,0.2278503419089557,0.005305042118143155,0.2212187986740744,0.23835508734537733,0.35462799858961963,0.01554040922548426,0.32926418059941803,0.387547667258794,0.5401833394781669,0.01652896018799887,0.5082909129167091,0.5631726358567717,0.8017741935483871,0.013042594112609059,0.7806451612903226,0.8258064516129032,0.5131935483870969,0.015638309108039303,0.4870967741935484,0.5483870967741935,0.4693149384525716,0.00957790678165059,0.45346644859388485,0.48320384491824897,26.0,0.0,26,26,7.738095238095237,8.881784197001252e-16,7.738095238095238,7.738095238095238
ecoli,iqr,robust,manhattan,210.61690153957434,3.211577490588263,203.98624074430353,222.0599668632006,0.20235680535921055,0.007320820926019328,0.1885012249243315,0.2256780771574612,0.3619636287588591,0.027572074881796617,0.3100328177375603,0.4439065066504077,0.5504783134383463,0.015342804673796886,0.5020180701514867,0.5811481684324824,0.8149032258064515,0.017982417126248443,0.7677419354838709,0.8516129032258064,0.5060645161290322,0.02669939025832788,0.44193548387096776,0.5870967741935483,0.47331747272689806,0.024304247386060324,0.38584372472560036,0.5104931274442308,26.0,0.0,26,26,7.738095238095237,8.881784197001252e-16,7.738095238095238,7.738095238095238
ecoli,iqr,robust,cosine,209.4009380970282,0.7109782169836028,208.2868346793315,211.49103118316788,0.41626598923295055,0.007592803035423932,0.37261965890350074,0.43226223247283485,0.2943530294460027,0.00903354876148082,0.2810862439485454,0.3295962350772158,0.4732964281282824,0.004710445536036203,0.4614524426846402,0.4824413540991141,0.7724516129032258,0.00604216884656888,0.7548387096774194,0.7838709677419354,0.4939354838709678,0.011669039944923153,0.46774193548387094,0.5387096774193548,0.446380613813023,0.004504789818600299,0.42658124451461504,0.4559398096240532,26.0,0.0,26,26,7.738095238095237,8.881784197001252e-16,7.738095238095238,7.738095238095238
ecoli,iqr,robust,minkowski,198.49016970224756,0.5356272745613214,197.55329543261738,199.99527071923063,0.23481685231745697,0.005741103369108744,0.2216609503846333,0.2446540355050859,0.356040189337608,0.01577237202100353,0.33507115754523603,0.3991551527173179,0.5294482186042566,0.011895380927371342,0.507781545909737,0.5548422387767395,0.7964193548387098,0.010909665973554219,0.7741935483870968,0.8225806451612904,0.5113225806451612,0.017169625674010487,0.4838709677419355,0.5548387096774193,0.4632919214537335,0.008906583740185674,0.4462705021028954,0.4802775791167531,26.0,0.0,26,26,7.738095238095237,8.881784197001252e-16,7.738095238095238,7.738095238095238
ecoli,iqr,robust,chebyshev,209.36381231631862,1.4232826181017977,204.87201618851884,212.26926568419722,0.226195888876859,0.005714398151204192,0.2116666156174928,0.23654827972991632,0.33023800745961823,0.016533800320899076,0.3005015848820245,0.3679779396557779,0.49275424190631584,0.010574308779956836,0.4732891443848687,0.5233078651667843,0.7794516129032257,0.010298914402849035,0.7645161290322581,0.8161290322580645,0.4871290322580645,0.017535425716156034,0.4483870967741935,0.5193548387096775,0.4491239275520135,0.005658551586266278,0.4346989177245282,0.46979398719487664,26.0,0.0,26,26,7.738095238095237,8.881784197001252e-16,7.738095238095238,7.738095238095238
ecoli,iqr,robust,correlation,226.05248204245518,1.6991628643038554,221.2027898781567,230.01812259592643,0.413595150673521,0.008587279271832077,0.38185493216661204,0.4279498378721373,0.25117337917392446,0.009725197425183695,0.2284324564676082,0.27804653244680677,0.4455674918550037,0.012480591414389761,0.4177063357820132,0.47166668381404137,0.7485161290322583,0.013463018294665475,0.7161290322580646,0.7709677419354839,0.4809032258064516,0.01635124348089429,0.4483870967741935,0.5161290322580645,0.4384333340802552,0.011041831609007988,0.361171137475809,0.4530752190362405,26.0,0.0,26,26,7.738095238095237,8.881784197001252e-16,7.738095238095238,7.738095238095238
ecoli,iqr,robust,hamming,803.5151280512246,20.528476446919775,754.6375431350712,846.7873387238259,0.017556144604225398,0.0037581007592513544,0.0058841266603460495,0.0254303423740091,0.0072299280034590855,0.04162843864925331,-0.06553843181543889,0.18047238747964886,0.0920151469417299,0.02142887311325997,0.052373751180664216,0.1714239985763038,0.49674193548387097,0.02264734388893597,0.45806451612903226,0.5548387096774193,0.3090322580645161,0.04316075991766288,0.23870967741935484,0.45483870967741935,0.13636091828059807,0.030555191111169378,0.07853982300884955,0.23625204728334404,26.0,0.0,26,26,7.738095238095237,8.881784197001252e-16,7.738095238095238,7.738095238095238
ecoli,iqr_1.2,none,euclidean,10.280528031631054,0.09780770515289004,10.106678915422378,10.47833496735656,0.24758219560293196,0.015345311400195306,0.20240672302527654,0.26736123602588757,0.3377277455535014,0.026895710849869633,0.28764394168916246,0.41241213565604773,0.5620601771633847,0.017118013372909018,0.5318493140771778,0.6020219841635859,0.8205136986301372,0.013396453109001278,0.7808219178082192,0.8561643835616438,0.5033904109589041,0.02134578354467336,0.4520547945205479,0.571917808219178,0.47960301569109826,0.03042694702377389,0.3839634296805977,0.5129075630621549,44.0,0.0,44,44,13.095238095238098,3.552713678800501e-15,13.095238095238095,13.095238095238095
ecoli,iqr_1.2,none,manhattan,10.987768,0.15840316766403376,10.686250000000001,11.2794,0.2252614360434956,0.01379885124657806,0.18744679572399686,0.25080258706724223,0.3107981673665635,0.03059849035950297,0.2625279891873432,0.4220199860577887,0.5397512376306766,0.018246651555918113,0.500337375573946,0.588122520240353,0.8184589041095891,0.012900508106326225,0.7842465753424658,0.8458904109589042,0.47801369863013704,0.03416146959483688,0.3972602739726027,0.5684931506849316,0.4346499050004507,0.05004823764180833,0.3091490647385743,0.501164719742281,44.0,0.0,44,44,13.095238095238098,3.552713678800501e-15,13.095238095238095,13.095238095238095
ecoli,iqr_1.2,none,cosine,11.007528920198704,0.1159692275157366,10.839723554932819,11.374322872696087,0.4077221607106686,0.014755023602222792,0.35138932085016134,0.4322852325573889,0.30318633284096014,0.0185167251369812,0.27097462433298475,0.3401420080656129,0.5297170216596757,0.01109846046538849,0.5068851971769188,0.554241995553872,0.79777397260274,0.012246443182149807,0.7534246575342466,0.839041095890411,0.4876369863013699,0.022209610417471378,0.4520547945205479,0.5445205479452054,0.41785286490133644,0.036573225663114606,0.35584829926156586,0.47609737336099706,44.0,0.0,44,44,13.095238095238098,3.552713678800501e-15,13.095238095238095,13.095238095238095
ecoli,iqr_1.2,none,minkowski,10.374483611365022,0.11938233978898435,10.118167495133328,10.620667748158512,0.2496887428930316,0.015616925528795265,0.2070313434840967,0.27390385437371245,0.32992754942684094,0.021863758902477565,0.295587889710486,0.38220578649224696,0.5534545851727457,0.014557749102589494,0.5240742530605477,0.5965266814547064,0.8204452054794522,0.01143297182763122,0.797945205479452,0.863013698630137,0.5008561643835617,0.019871130840259387,0.4554794520547945,0.565068493150685,0.4570286129333909,0.042977664746526124,0.37997529356255927,0.5046423439829536,44.0,0.0,44,44,13.095238095238098,3.552713678800501e-15,13.095238095238095,13.095238095238095
ecoli,iqr_1.2,none,chebyshev,10.901399441902827,0.24882716067836078,10.355840387529138,11.406775761645287,0.23900298431392794,0.019310917599202726,0.19061677359197016,0.26738488240774894,0.34758771670951466,0.025561525057062225,0.2850792414227768,0.4302446494448394,0.5493609975280043,0.016052905921909,0.5012979965807043,0.587497572994537,0.8175684931506849,0.015737447228244328,0.7602739726027398,0.8527397260273972,0.5036986301369862,0.028160099082461015,0.4143835616438356,0.5821917808219178,0.46448914306071676,0.042184893862582715,0.351528616623526,0.5608652805582104,44.0,0.0,44,44,13.095238095238098,3.552713678800501e-15,13.095238095238095,13.095238095238095
ecoli,iqr_1.2,none,correlation,11.71100893206477,0.11469261071575532,11.4168888068289,11.962341396542055,0.4074600049468787,0.01818106607590189,0.3453495467394316,0.4593229160273327,0.3090201231682313,0.018467066639634835,0.27225624559861994,0.4133839691260697,0.5086454285618102,0.01571873694381289,0.48032179441241746,0.5507228593171424,0.7927397260273975,0.018553175038170628,0.7363013698630136,0.839041095890411,0.5122945205479451,0.021611162915136418,0.4520547945205479,0.5993150684931506,0.3841181978974948,0.02060735108125929,0.35170084693834863,0.5130366127427728,44.0,0.0,44,44,13.095238095238098,3.552713678800501e-15,13.095238095238095,13.095238095238095
ecoli,iqr_1.2,none,hamming,56.419336000000015,2.2476613177932308,50.1644,61.1614,0.019433911661060847,0.0040063404205479105,0.008752612666613879,0.027813114990549913,0.03315175366656224,0.03178719218244067,-0.03462168326636404,0.13701410237798833,0.10354132855680216,0.018363796374402712,0.05804490004739867,0.14607152354424144,0.5323287671232876,0.017282275605463783,0.5,0.5753424657534246,0.33702054794520536,0.03339381788028295,0.2226027397260274,0.4212328767123288,0.14545786469127128,0.022241618456388494,0.11557557008133326,0.22697629149571058,44.0,0.0,44,44,13.095238095238098,3.552713678800501e-15,13.095238095238095,13.095238095238095
ecoli,iqr_1.2,minmax,euclidean,21.98726529618128,0.11623927320541458,21.845286669881666,22.508727392639916,0.21912340430282207,0.008272497418398956,0.19713390455466598,0.2302730032854666,0.351295110674829,0.02033401996449714,0.30981190221326343,0.42110679922655087,0.5549677290584143,0.011446475971983483,0.5271435583257308,0.5806359532632143,0.8145547945205479,0.014867708052301368,0.7808219178082192,0.8424657534246576,0.5073630136986301,0.02471632545969742,0.4520547945205479,0.5616438356164384,0.47665246169306036,0.01847723378869938,0.4496305994442593,0.5422906184752235,44.0,0.0,44,44,13.095238095238098,3.552713678800501e-15,13.095238095238095,13.095238095238095
ecoli,iqr_1.2,minmax,manhattan,24.325216301614496,0.8030586071057232,22.778966043646932,26.160187658588466,0.19612403694567754,0.013236521370922301,0.16005538046909637,0.2470279731869384,0.33875266605683696,0.03741238834053731,0.27313678121767393,0.4464257439683265,0.5453830168117664,0.018755094512748243,0.49168396830012223,0.5939660034337979,0.8134246575342466,0.016654402192928693,0.7636986301369864,0.8493150684931506,0.49386986301369873,0.03551848688344949,0.4041095890410959,0.5787671232876712,0.4605840450476708,0.04143814655336873,0.3644066423465797,0.5699987954034634,44.0,0.0,44,44,13.095238095238098,3.552713678800501e-15,13.095238095238095,13.095238095238095
ecoli,iqr_1.2,minmax,cosine,41.09059700940026,0.6114778508534118,39.04247892735534,42.436256773377124,0.35181109568990715,0.0233135858595249,0.27799255612199186,0.40372689145947,0.10528902668997839,0.012626129110788377,0.07874312108341346,0.13813792779729855,0.28835532917310336,0.015423141170638234,0.26074317375652145,0.32327209612307084,0.6041095890410958,0.020775001216579585,0.565068493150685,0.6575342465753424,0.3935958904109589,0.03171556464451776,0.3253424657534247,0.4452054794520548,0.36891667998870903,0.03265174962574292,0.3005396333933171,0.4123900052919759,44.0,0.0,44,44,13.095238095238098,3.552713678800501e-15,13.095238095238095,13.095238095238095
ecoli,iqr_1.2,minmax,minkowski,22.11916318685488,0.13055341010918928,21.966112691011045,22.905899110421664,0.22314331320891317,0.0070821858155131175,0.19301896968905352,0.23320013848696322,0.3587271342124642,0.0262431673028678,0.3202300579775896,0.4343459452069684,0.5504644171087536,0.011816981113461716,0.5147418207229247,0.5907234031127049,0.8121917808219179,0.01519807298329972,0.7671232876712328,0.8458904109589042,0.517431506849315,0.024182520257044357,0.4520547945205479,0.5821917808219178,0.4946485633645974,0.029888002263120377,0.4466499940429436,0.5475340496910817,44.0,0.0,44,44,13.095238095238098,3.552713678800501e-15,13.095238095238095,13.095238095238095
ecoli,iqr_1.2,minmax,chebyshev,23.558864426216,0.4905293032715705,22.73087999506523,25.901887389658746,0.2138190714444365,0.008987728673007529,0.19073146812915415,0.23109417875133695,0.358605550929899,0.03233785947346381,0.3040145902610778,0.4219659522562426,0.5240636014869474,0.015955093502403067,0.48892336794146735,0.5582796735314474,0.7996575342465755,0.014581964969892993,0.7534246575342466,0.8321917808219178,0.5176369863013699,0.02976252021095597,0.4520547945205479,0.571917808219178,0.4808613082412299,0.03404874740643009,0.41293950786056044,0.5712295566269616,44.0,0.0,44,44,13.095238095238098,3.552713678800501e-15,13.095238095238095,13.095238095238095
ecoli,iqr_1.2,minmax,correlation,40.974893913805055,0.5164760754998311,39.72863472985789,42.43188977340678,0.3654867186971574,0.0200030815795229,0.31416953846328954,0.4002840269481437,0.10816340334670196,0.014211312639046994,0.0852033692841693,0.1376271231363864,0.2891972634076922,0.019840811041845492,0.25529763627815005,0.33387761677629196,0.607568493150685,0.024245486973483273,0.5547945205479452,0.6575342465753424,0.39195205479452055,0.03207269945437804,0.3253424657534247,0.4452054794520548,0.3719094032527385,0.0327136160684189,0.29686136994448853,0.41215025752064194,44.0,0.0,44,44,13.095238095238098,3.552713678800501e-15,13.095238095238095,13.095238095238095
ecoli,iqr_1.2,minmax,hamming,88.11524479610989,2.801988981333161,80.64026268625756,94.45846476737556,0.019792528547438255,0.0038147456411876464,0.011469407529769556,0.027813114990549913,0.023564971526809596,0.03614799749238003,-0.05362399200417527,0.13701410237798833,0.10144597173362245,0.01728735277816795,0.0709269990894442,0.14262516166923792,0.5290753424657534,0.018266591668304757,0.4828767123287671,0.5753424657534246,0.32787671232876703,0.03827848052996934,0.2226027397260274,0.4212328767123288,0.14790194197400505,0.029890431029055045,0.09591543513957307,0.23444317372634485,44.0,0.0,44,44,13.095238095238098,3.552713678800501e-15,13.095238095238095,13.095238095238095
ecoli,iqr_1.2,standard,euclidean,607.9425404618243,83.48718028062696,494.1393257720006,683.2795995442808,0.22049886658349457,0.01821502915939039,0.17440281294428972,0.2940912330741434,0.3782426954532508,0.054930454407717225,0.30638371350364924,0.6110694798720016,0.5577035554503333,0.016994676920352933,0.5117743745822819,0.5960127518810564,0.8061301369863015,0.01632304734564449,0.7568493150684932,0.8356164383561644,0.5360616438356164,0.047164522318258205,0.4691780821917808,0.7363013698630136,0.4970368494619949,0.044203002423846824,0.3933094432266946,0.6229851723298014,44.0,0.0,44,44,13.095238095238098,3.552713678800501e-15,13.095238095238095,13.095238095238095
ecoli,iqr_1.2,standard,manhattan,751.6722172145387,99.80962320623675,523.1300516839668,1049.759653912026,0.18692656570988958,0.020318415711764612,0.14508066278059215,0.24859403286257162,0.34209175633887917,0.050482565413832274,0.24995319093903584,0.49143320981592964,0.5338528843187198,0.027692039128798005,0.4735291191669226,0.6265063792282247,0.807705479452055,0.019823857248134326,0.7602739726027398,0.8493150684931506,0.49554794520547946,0.046970273635213805,0.4041095890410959,0.6952054794520548,0.4563257699957204,0.052140862213960935,0.3543657175942945,0.5857244785524622,44.0,0.0,44,44,13.095238095238098,3.552713678800501e-15,13.095238095238095,13.095238095238095
ecoli,iqr_1.2,standard,cosine,620.7619655259214,85.362231509486,496.7941731611099,689.3792930128973,0.4065368088183283,0.014409822346519796,0.3600607975705405,0.4721873077036141,0.363480208453169,0.03906851936875533,0.30055958682282047,0.5271753368403699,0.5268511588299739,0.01819923335426751,0.48801796180715384,0.585538979267312,0.7774315068493151,0.0181571131031187,0.7123287671232876,0.815068493150685,0.529417808219178,0.039477538264147884,0.4486301369863014,0.6952054794520548,0.4802861543971517,0.038018989049144074,0.42666622712587726,0.5702857702628729,44.0,0.0,44,44,13.095238095238098,3.552713678800501e-15,13.095238095238095,13.095238095238095
ecoli,iqr_1.2,standard,minkowski,574.9876077812621,83.36492233817073,495.08308917477143,686.2237126122295,0.22513060527689807,0.015562079792048369,0.18503567057644577,0.2888195586292262,0.3960189538874968,0.05497598449202291,0.3091814938686188,0.6115722349355012,0.5527752439428189,0.017093360308126353,0.5074366695946256,0.5892055467397979,0.8070547945205481,0.017630967186762672,0.7465753424657534,0.8424657534246576,0.5595890410958904,0.047356958873669586,0.4623287671232877,0.7397260273972602,0.5407903002846709,0.04372436660202016,0.45748881965114335,0.6387283601965377,44.0,0.0,44,44,13.095238095238098,3.552713678800501e-15,13.095238095238095,13.095238095238095
ecoli,iqr_1.2,standard,chebyshev,635.9955732438386,78.34817496964952,516.476635639548,716.7979332280074,0.21743910191896618,0.010169267952254644,0.18787563688739078,0.26166338899866975,0.3750896348579927,0.03900753950604275,0.2963251542354433,0.5262627479950243,0.5165317026962155,0.020492190639242854,0.45828721577475706,0.573060563699993,0.7857191780821918,0.016375844324808025,0.7397260273972602,0.821917808219178,0.5444520547945205,0.032188064489654646,0.476027397260274,0.684931506849315,0.5202825056606505,0.04451546340499205,0.41990717088529284,0.6389182356012206,44.0,0.0,44,44,13.095238095238098,3.552713678800501e-15,13.095238095238095,13.095238095238095
ecoli,iqr_1.2,standard,correlation,900.7692119572393,36.581645042137495,865.6942646419166,1052.6916778471684,0.38338438452977464,0.012944149436660215,0.3309631378056395,0.40380621252494053,0.2400513801902143,0.013656838417422877,0.20965654443407897,0.2825469673196288,0.43578629942157276,0.01751075319286531,0.39104140086923467,0.48251191085352646,0.7259931506849311,0.02566663732056594,0.6678082191780822,0.797945205479452,0.4795205479452055,0.02204575242194918,0.4246575342465753,0.5205479452054794,0.4393435223831198,0.027146140162837996,0.3431458733805304,0.48701783037744095,44.0,0.0,44,44,13.095238095238098,3.552713678800501e-15,13.095238095238095,13.095238095238095
ecoli,iqr_1.2,standard,hamming,2250.7927347148,112.21744751477418,1948.3262000949762,2462.305365860142,0.018091001698698702,0.003941889871631629,0.006877049214503146,0.027813114990549913,0.012356989797020686,0.03650462540227531,-0.05362399200417527,0.10890611024882346,0.09980044385501097,0.020501934574617957,0.05150128052097334,0.15707167540200423,0.5153424657534247,0.020726846763765697,0.4828767123287671,0.5753424657534246,0.3317123287671233,0.04237180283350274,0.24315068493150685,0.4246575342465753,0.18251095422890057,0.042016868555182954,0.09591543513957307,0.31008377200430176,44.0,0.0,44,44,13.095238095238098,3.552713678800501e-15,13.095238095238095,13.095238095238095
ecoli,iqr_1.2,robust,euclidean,182.94383684428038,0.6999933532480542,182.01044592773763,185.59027052312072,0.2266389815911196,0.003890802515747419,0.21315789766727603,0.23216808930292251,0.3263411498081357,0.00925035284599616,0.3011405762699278,0.3431372751452101,0.5129905028583629,0.01080429388186109,0.4833657621710342,0.5375158098421291,0.810582191780822,0.007498279655074297,0.7773972602739726,0.8253424657534246,0.4724315068493151,0.014492210330215588,0.4246575342465753,0.5,0.38397841379875297,0.009408825344331184,0.30154961719670204,0.39279794020835457,44.0,0.0,44,44,13.095238095238098,3.552713678800501e-15,13.095238095238095,13.095238095238095
ecoli,iqr_1.2,robust,manhattan,196.39311326394224,3.5535214261397634,188.48360847256436,205.24735771776957,0.20098666993644865,0.007522416837267205,0.18532233478367408,0.22101140221842985,0.32811929040474447,0.023666887023958923,0.2778950621825627,0.4328650148628024,0.5147386608277951,0.014046192668549362,0.4829310903314802,0.5494122846183342,0.8076712328767124,0.015518800757670577,0.7671232876712328,0.8424657534246576,0.4637328767123288,0.03155184027132827,0.4041095890410959,0.5821917808219178,0.3920415742846384,0.03144911247395996,0.3054552938196555,0.47868329330015874,44.0,0.0,44,44,13.095238095238098,3.552713678800501e-15,13.095238095238095,13.095238095238095
ecoli,iqr_1.2,robust,cosine,190.63025450300896,0.8458856670471618,189.36532919423024,195.39360265835086,0.4073079671584178,0.0073006650930514255,0.36895065503777574,0.41694953868189966,0.2698631621336751,0.011507097747177508,0.23306116454650094,0.29768980689871205,0.44049914920100625,0.006297824607929529,0.4212765118196065,0.45861737954954646,0.7559246575342468,0.0090329846346194,0.7226027397260274,0.7705479452054794,0.4728082191780822,0.015915043496491452,0.4075342465753425,0.5136986301369864,0.36174534322777846,0.005545458388599966,0.3391390707679746,0.37030303661416863,44.0,0.0,44,44,13.095238095238098,3.552713678800501e-15,13.095238095238095,13.095238095238095
ecoli,iqr_1.2,robust,minkowski,184.8417341414912,1.1188751555297665,182.61011113595868,188.38922953828734,0.2266845895253754,0.005023962513971637,0.211334739239615,0.23746237117707,0.3177561655849584,0.010403745727887877,0.28197176714291816,0.3484810475046079,0.4992146065907541,0.012673912808413177,0.47163071858984346,0.5263432679510167,0.8019520547945207,0.008205682413388541,0.7773972602739726,0.821917808219178,0.465,0.016619859838145283,0.4212328767123288,0.4965753424657534,0.388027400049933,0.022926778497134974,0.3587720143169838,0.4492353943134493,44.0,0.0,44,44,13.095238095238098,3.552713678800501e-15,13.095238095238095,13.095238095238095
ecoli,iqr_1.2,robust,chebyshev,197.88251241049824,1.6711287461781648,194.2545667254653,201.83780909933557,0.2120599296106881,0.006477832140708217,0.19788063574966708,0.23030001619828247,0.2818302113539316,0.0187273616991783,0.2279447205026974,0.3218629161512778,0.45633704778710255,0.012541880421692502,0.42405826107025435,0.48820319250842376,0.7828082191780823,0.007990247855942873,0.7602739726027398,0.8047945205479452,0.43342465753424664,0.011556075397333363,0.386986301369863,0.4726027397260274,0.3685423569762111,0.012078143913414816,0.3516819869273512,0.43361628571920563,44.0,0.0,44,44,13.095238095238098,3.552713678800501e-15,13.095238095238095,13.095238095238095
ecoli,iqr_1.2,robust,correlation,209.22045406826237,2.1192555312196943,203.22825111306173,214.70529316083145,0.40280331403827324,0.007187883061040875,0.38097133570324737,0.41444255688080867,0.21166386055496236,0.01291470157799337,0.18125987339361208,0.24527515601650415,0.40362159380418655,0.015035879672447464,0.36712843122376526,0.43226837502549137,0.7219178082191781,0.01639549205970661,0.6815068493150684,0.7636986301369864,0.44030821917808227,0.015620756132242482,0.4006849315068493,0.4794520547945205,0.35252851187965517,0.015303650171322694,0.32878246753246754,0.4193633335052278,44.0,0.0,44,44,13.095238095238098,3.552713678800501e-15,13.095238095238095,13.095238095238095
ecoli,iqr_1.2,robust,hamming,723.8180407838062,22.26679736573046,671.5155200739023,776.8057766482024,0.018937214876384355,0.003974708777558212,0.00829855775809709,0.027319331378477318,0.014404541459557656,0.03813063976467258,-0.04993321603743121,0.11269096299408055,0.09432597370207907,0.018534354487559905,0.052279373535933774,0.14262516166923792,0.5212671232876712,0.020765373611549766,0.4794520547945205,0.571917808219178,0.3169178082191781,0.043630244510738235,0.2226027397260274,0.4212328767123288,0.13422848810029894,0.02439277942517048,0.08101851851851852,0.22697629149571058,44.0,0.0,44,44,13.095238095238098,3.552713678800501e-15,13.095238095238095,13.095238095238095
ecoli,iqr_1.8,none,euclidean,12.345686725065903,0.09603162796722209,12.214856460303924,12.530016322990875,0.25535491913864233,0.006179214001271448,0.23723183342767964,0.27411748856158447,0.41461305218914857,0.01956703709737344,0.3602597306173253,0.48395327492823415,0.6148811701946613,0.011125902898308638,0.5884212068030069,0.6432135173333975,0.8342724458204331,0.014237817538002583,0.7925696594427245,0.8575851393188855,0.5747368421052633,0.025715312664776044,0.5232198142414861,0.6377708978328174,0.5596139431500682,0.04994849165080199,0.42902316631343596,0.6123414148751826,13.0,0.0,13,13,3.8690476190476186,4.440892098500626e-16,3.869047619047619,3.869047619047619
ecoli,iqr_1.8,none,manhattan,13.120192999999999,0.17180065177699416,12.78185,13.54625,0.2237478718420352,0.012027294413347397,0.19243675709923128,0.26355129569627955,0.386189254657935,0.04099007846941856,0.30013089877823473,0.5298126951303913,0.5932510628271526,0.021769909716516885,0.5389715123248515,0.6629866066355625,0.8325696594427247,0.016560892135077564,0.7925696594427245,0.8637770897832817,0.5503095975232197,0.04080907583813536,0.44891640866873067,0.6656346749226006,0.5195032905974512,0.05206737000206781,0.38267227522750136,0.6311083710603662,13.0,0.0,13,13,3.8690476190476186,4.440892098500626e-16,3.869047619047619,3.869047619047619
ecoli,iqr_1.8,none,cosine,13.306994634503637,0.12123059925536585,13.085831704070142,13.620469570556125,0.4048717316347489,0.012008948122778992,0.36968178774515226,0.42587542047337135,0.35939932739988634,0.015717750757361225,0.321178577796274,0.39840264769217254,0.5591845204363648,0.014017868197932673,0.5323614972254955,0.6018757512822985,0.8059133126934985,0.013549587863449931,0.7708978328173375,0.8297213622291022,0.5482972136222911,0.0187172123841385,0.4984520123839009,0.5975232198142415,0.47282107624210196,0.028895849635368374,0.39904850312413265,0.503097322412657,13.0,0.0,13,13,3.8690476190476186,4.440892098500626e-16,3.869047619047619,3.869047619047619
ecoli,iqr_1.8,none,minkowski,12.41311160368261,0.08626389509097479,12.2533906213278,12.570532497492906,0.2596068433558349,0.0061507502188614714,0.24166623797436593,0.2705744137305459,0.41249959051006213,0.02006084883866062,0.36030213293186814,0.47149787113694763,0.6099270021106242,0.013326503826786885,0.5824011533056309,0.6334188603007022,0.8299380804953561,0.014791214055221637,0.7987616099071208,0.8544891640866873,0.5734984520123839,0.02569144638648198,0.5015479876160991,0.6346749226006192,0.5565045849355719,0.047098043595203136,0.47281109213086886,0.6116615140161129,13.0,0.0,13,13,3.8690476190476186,4.440892098500626e-16,3.869047619047619,3.869047619047619
ecoli,iqr_1.8,none,chebyshev,13.197594245748546,0.20326895591597033,12.691402541776123,13.746805369107156,0.25288667118231783,0.016770157562985763,0.19695667544751377,0.27237814934850235,0.3991609438035186,0.03363593338050363,0.31823667141297274,0.4942175052948469,0.5879937978244142,0.016342048899414492,0.5418901739436129,0.6321325796982994,0.8172136222910216,0.013900342682452356,0.7708978328173375,0.848297213622291,0.5552941176470588,0.037784903255300296,0.46439628482972134,0.6470588235294118,0.527406574002883,0.045715682226264744,0.3845523161404295,0.5976122245557498,13.0,0.0,13,13,3.8690476190476186,4.440892098500626e-16,3.869047619047619,3.869047619047619
ecoli,iqr_1.8,none,correlation,13.63863834698614,0.05924214246755976,13.358915339567472,13.76798261261144,0.4213847773178055,0.00773068983403173,0.4119889292915381,0.44375698757435705,0.3771909861190006,0.019301377226311405,0.3502395559217104,0.44708135990931197,0.5668124800856075,0.007206452202509639,0.5501937701786196,0.5858839943952004,0.8124458204334366,0.0061792439283675955,0.7987616099071208,0.8297213622291022,0.5819195046439629,0.01857027780160672,0.5603715170278638,0.653250773993808,0.4921993410372086,0.007288081356998797,0.47319678351681027,0.5061661618476013,13.0,0.0,13,13,3.8690476190476186,4.440892098500626e-16,3.869047619047619,3.869047619047619
ecoli,iqr_1.8,none,hamming,64.449219,1.8931707379259266,60.272400000000005,69.38579999999999,0.016744873273749687,0.003972303113810827,0.008107296587837723,0.026068798876373676,0.003897674511816353,0.03626816119082052,-0.0553530037839504,0.09848425447590364,0.09582570785815726,0.01646012125780325,0.04468148191651674,0.13326147296821791,0.4820123839009288,0.01697258124233728,0.44272445820433437,0.5263157894736842,0.3034984520123839,0.039096308168250056,0.22291021671826625,0.3993808049535604,0.13757996344088746,0.030919123165098223,0.07671673819742489,0.22893737968108674,13.0,0.0,13,13,3.8690476190476186,4.440892098500626e-16,3.869047619047619,3.869047619047619
ecoli,iqr_1.8,minmax,euclidean,18.962938373635257,0.2271090146092202,18.862082416973493,20.374516841494973,0.2505933549901886,0.007095684736985962,0.2200102156541633,0.2599252896451011,0.42574558722844413,0.02156539320345355,0.341555777468668,0.5048323188993152,0.6145806948767296,0.014467129917018052,0.5716509615390566,0.6424318490314221,0.8190712074303405,0.01827580167112228,0.7894736842105263,0.8699690402476781,0.5950464396284829,0.02380078154028802,0.5232198142414861,0.6346749226006192,0.5690176464557656,0.028515967026336672,0.46259123338977515,0.616737769357109,13.0,0.0,13,13,3.8690476190476186,4.440892098500626e-16,3.869047619047619,3.869047619047619
ecoli,iqr_1.8,minmax,manhattan,21.4065474509004,0.8208466778161572,19.86503770746276,23.22192555118353,0.21696701001536434,0.018141320389341582,0.17045873806593756,0.2708347017203727,0.42682939944035847,0.05980385597809172,0.32796785412210194,0.5876193090540968,0.5966930295357186,0.027514428505869583,0.5417747486164929,0.6648563148514562,0.8209597523219814,0.025224333519537328,0.7708978328173375,0.8699690402476781,0.5705882352941176,0.05037885207125893,0.47987616099071206,0.6996904024767802,0.5280713993503128,0.06284348416686046,0.39003522527393986,0.6148522822651933,13.0,0.0,13,13,3.8690476190476186,4.440892098500626e-16,3.869047619047619,3.869047619047619
ecoli,iqr_1.8,minmax,cosine,33.116079968446286,0.4642736175090766,32.05985725868587,34.35761331133311,0.38876544817681835,0.01117707321106217,0.354220103506214,0.41479459805583596,0.2181532712936069,0.01166968055284948,0.19225834064211086,0.24826856862865002,0.41042959082163366,0.010998664003882972,0.38517261758571364,0.4376236748758873,0.6791640866873067,0.01184310685984645,0.653250773993808,0.7027863777089783,0.5106811145510836,0.01903647172405422,0.47368421052631576,0.5541795665634675,0.4482486056995264,0.042479844500095176,0.3495609186931958,0.5091167281913134,13.0,0.0,13,13,3.8690476190476186,4.440892098500626e-16,3.869047619047619,3.869047619047619
ecoli,iqr_1.8,minmax,minkowski,19.030827309750833,0.16206818422581207,18.890566127315275,20.43997959818903,0.2523558393721825,0.004956785399304912,0.2211173152857561,0.25938086908895613,0.4166280000550266,0.018036251454415078,0.3344585678476485,0.45213555497795277,0.6074265745221795,0.011150073058601244,0.5568763135340045,0.6295679048188073,0.8184210526315789,0.012440852018785179,0.7770897832817337,0.8421052631578947,0.5869659442724459,0.022449962252646696,0.5201238390092879,0.6346749226006192,0.5728514647677769,0.01467837686137994,0.4554532269899404,0.5925523321191554,13.0,0.0,13,13,3.8690476190476186,4.440892098500626e-16,3.869047619047619,3.869047619047619
ecoli,iqr_1.8,minmax,chebyshev,19.79743706950523,0.22354969241066786,19.40912035161913,20.667332916142158,0.24833525719017238,0.005098207822860589,0.2260832773308051,0.2701397289030587,0.4200793775874747,0.025752528419451973,0.3826085761255569,0.5202551431798411,0.5972234012111322,0.009992795177690876,0.572786148788856,0.631222030652642,0.8147368421052632,0.011819328953746431,0.7925696594427245,0.8575851393188855,0.5797832817337462,0.020144571363708435,0.544891640866873,0.6594427244582043,0.5691639651593696,0.010322195760672658,0.546026531275475,0.6006074998681299,13.0,0.0,13,13,3.8690476190476186,4.440892098500626e-16,3.869047619047619,3.869047619047619
ecoli,iqr_1.8,minmax,correlation,32.96248727281437,0.5346858016079838,31.93194094650649,34.979873147220886,0.40022916002570114,0.01631191741217374,0.33641007341959345,0.44011862811108904,0.2200437070016636,0.011046058109804835,0.1909201909515241,0.24593491017765615,0.4117590679367515,0.011129180140316771,0.37815420979309633,0.43585277826070423,0.6824458204334367,0.012960678270983727,0.6439628482972136,0.7058823529411765,0.5077089783281733,0.019821472171388035,0.44891640866873067,0.5479876160990712,0.4563555837204155,0.04296079392261455,0.3482951151475082,0.5126386903506677,13.0,0.0,13,13,3.8690476190476186,4.440892098500626e-16,3.869047619047619,3.869047619047619
ecoli,iqr_1.8,minmax,hamming,87.10552613488245,2.2105770333496064,81.24135113562949,93.15727421995035,0.016970110009759284,0.003671336113249065,0.008107296587837723,0.026068798876373676,-0.00114472822630837,0.030697571592078334,-0.0553530037839504,0.08020793447835757,0.09671709689823617,0.016591445355806228,0.04468148191651674,0.1333396343917099,0.47959752321981425,0.015962116919358435,0.44272445820433437,0.5139318885448917,0.30034055727554176,0.03788364383660874,0.22291021671826625,0.4241486068111455,0.14221353921475638,0.039263910633730616,0.07671673819742489,0.2838098404255319,13.0,0.0,13,13,3.8690476190476186,4.440892098500626e-16,3.869047619047619,3.869047619047619
ecoli,iqr_1.8,standard,euclidean,630.1208262497989,89.00223354599706,493.04257854479965,703.6141951942373,0.24512587421777926,0.021661319272975425,0.21307105551743977,0.33136537896460694,0.44215114574548514,0.06634452628418006,0.3754962306750996,0.7254840207423395,0.609855616233506,0.023278256556536595,0.5691162794850116,0.6688176648263827,0.8109287925696594,0.02119897686934238,0.7708978328173375,0.8513931888544891,0.588111455108359,0.05076251474861176,0.5201238390092879,0.7925696594427245,0.5820111204992802,0.0489471438481507,0.48991380652511873,0.699182292588078,13.0,0.0,13,13,3.8690476190476186,4.440892098500626e-16,3.869047619047619,3.869047619047619
ecoli,iqr_1.8,standard,manhattan,810.8453910528493,94.64572391978871,558.5504355342983,1113.253125875695,0.21346207110578516,0.028576250041240148,0.15540217101924897,0.27361196128801285,0.40812645831106226,0.05809695082121408,0.30771718638218826,0.6058766487998969,0.5852400218412035,0.028317157568581323,0.5143311345927245,0.6353239808384968,0.8126006191950466,0.02334724578378663,0.7647058823529411,0.8575851393188855,0.5504334365325076,0.05439989697457476,0.43962848297213625,0.718266253869969,0.5163010092878402,0.06364388809687972,0.38314701222009034,0.6184934037120657,13.0,0.0,13,13,3.8690476190476186,4.440892098500626e-16,3.869047619047619,3.869047619047619
ecoli,iqr_1.8,standard,cosine,634.568935311577,96.2489871590862,499.1863973662004,716.704152261513,0.4456146288070292,0.01507978212421669,0.42181046890857204,0.49818663699205057,0.42098132524307674,0.04932550505491371,0.36650583217639,0.6475877690766185,0.5869375093786972,0.012240587559328928,0.5586792817440035,0.610495764790636,0.806439628482972,0.009765630508414131,0.7770897832817337,0.8235294117647058,0.5821981424148607,0.040970819581790816,0.5294117647058824,0.7523219814241486,0.5740396815070757,0.04381858395493576,0.491949964283395,0.6709178297811765,13.0,0.0,13,13,3.8690476190476186,4.440892098500626e-16,3.869047619047619,3.869047619047619
ecoli,iqr_1.8,standard,minkowski,626.3288636878366,93.97102372596018,493.59042958400426,704.8170004010512,0.25189132972233713,0.02116963953929843,0.20028047342477462,0.33390541796218154,0.44940487334200335,0.06802076772419362,0.3760000322645261,0.7371323135861596,0.6048521851254154,0.02319467334319208,0.5501727850771359,0.6774494329853971,0.8048297213622293,0.020947286971944916,0.7678018575851393,0.8606811145510835,0.5947368421052631,0.05407685974929276,0.5108359133126935,0.8080495356037152,0.581239882955773,0.05954414884125232,0.48991380652511873,0.7014131121698446,13.0,0.0,13,13,3.8690476190476186,4.440892098500626e-16,3.869047619047619,3.869047619047619
ecoli,iqr_1.8,standard,chebyshev,637.4925316495584,92.36035432034986,506.87716630014,721.7424020595896,0.24815820545803774,0.01379771681233876,0.2090160842521982,0.319107171285337,0.44414405917011907,0.04695437488894071,0.3703040726691733,0.6416964747521084,0.5906645388462534,0.020418468527108415,0.5275607921984521,0.6316359501666602,0.8045510835913315,0.020459946214797894,0.7647058823529411,0.848297213622291,0.6026315789473685,0.04369248176781004,0.5139318885448917,0.7708978328173375,0.6013961165370718,0.05752129247434687,0.4896374458874459,0.6917761255441861,13.0,0.0,13,13,3.8690476190476186,4.440892098500626e-16,3.869047619047619,3.869047619047619
ecoli,iqr_1.8,standard,correlation,938.3581599865217,26.478409028067258,905.812340392532,1048.7435366856457,0.41474145312575067,0.014127904496163239,0.3696582784027991,0.43176841725987225,0.3094743320807681,0.012599344393932135,0.27538402266162765,0.33230131881411273,0.4864763330510188,0.011867495873112074,0.45774898896385696,0.5259328279522396,0.7561919504643961,0.017482668128220042,0.7120743034055728,0.7863777089783281,0.5485139318885449,0.014705426096881824,0.5077399380804953,0.5820433436532507,0.5419045143602785,0.025838776335629376,0.39878965188243537,0.5677124834057545,13.0,0.0,13,13,3.8690476190476186,4.440892098500626e-16,3.869047619047619,3.869047619047619
ecoli,iqr_1.8,standard,hamming,2455.840646612767,134.62615073143905,2135.399254487058,2660.4385872593193,0.015998158168849235,0.0034175052774563673,0.00875198235256552,0.02412185596564003,-0.01087066021042173,0.025738961900651704,-0.06118611557403084,0.06842162651042322,0.09180539579093903,0.01714148703542852,0.06382406674874118,0.146112116126002,0.4693498452012384,0.015014681923197703,0.44272445820433437,0.5139318885448917,0.3002167182662538,0.03367207200244899,0.22291021671826625,0.4241486068111455,0.17076668588522417,0.0464252677220765,0.07671673819742489,0.2927822853279243,13.0,0.0,13,13,3.8690476190476186,4.440892098500626e-16,3.869047619047619,3.869047619047619
ecoli,iqr_1.8,robust,euclidean,208.8963817300393,0.16992276884184296,208.65784273420144,209.50299386563984,0.23973025568550466,0.005722986486783627,0.22758661249787998,0.24957998552913385,0.38143742729634034,0.018752856025589335,0.3455082952394082,0.42652946294040656,0.5517929568606209,0.010306659622070698,0.5327477815340033,0.5759810824924901,0.8063467492260061,0.010611339375612303,0.7894736842105263,0.8297213622291022,0.5285139318885448,0.01610082748219728,0.49226006191950467,0.5696594427244582,0.48053804525504323,0.006749616468572663,0.4670073224290092,0.4947699789031058,13.0,0.0,13,13,3.8690476190476186,4.440892098500626e-16,3.869047619047619,3.869047619047619
ecoli,iqr_1.8,robust,manhattan,221.73921192779727,2.7682209877399915,215.5547030737526,227.94366825579516,0.20922766034127016,0.006514042409193385,0.18885338518122963,0.22551637819534118,0.37888980811962386,0.02803016405593028,0.3181397430613012,0.4440636708366889,0.5664327511427087,0.013110636430812974,0.5380950109968432,0.5917511804017739,0.8182352941176471,0.01750414675990606,0.7770897832817337,0.8575851393188855,0.5204024767801857,0.02420052765590652,0.4551083591331269,0.5913312693498453,0.48091147801116085,0.02979498090301819,0.39337739300057417,0.5179715274738683,13.0,0.0,13,13,3.8690476190476186,4.440892098500626e-16,3.869047619047619,3.869047619047619
ecoli,iqr_1.8,robust,cosine,227.75543600121574,0.9573722402756407,224.132457725632,230.09389513570773,0.426400395270596,0.007446828063940466,0.3989328481562617,0.4463875706068051,0.3216578328722295,0.01222996574848624,0.3010517836013156,0.35329953125707636,0.4996705228517483,0.011004874979211706,0.4862322267263516,0.535234156422789,0.7858513931888546,0.006114923373076811,0.7739938080495357,0.804953560371517,0.5140557275541796,0.016486874789491134,0.47678018575851394,0.5727554179566563,0.4626998994395672,0.0041111339984334,0.4518647165097211,0.4732104051475878,13.0,0.0,13,13,3.8690476190476186,4.440892098500626e-16,3.869047619047619,3.869047619047619
ecoli,iqr_1.8,robust,minkowski,209.78868156148056,0.34839477009926884,208.9384655246301,210.8794206161932,0.24259977664195492,0.0066630290963695235,0.2286987206290926,0.2576786530361732,0.3707281729708626,0.01457264907643603,0.34837549782410676,0.4149192159082272,0.549215268994592,0.01071787802362293,0.5199129765144946,0.5723974661644674,0.8046439628482973,0.013065602381429836,0.7801857585139319,0.8297213622291022,0.5190092879256966,0.013625949410245138,0.4953560371517028,0.5603715170278638,0.4781750027344348,0.008350251053056795,0.4589466330897617,0.492210653213164,13.0,0.0,13,13,3.8690476190476186,4.440892098500626e-16,3.869047619047619,3.869047619047619
ecoli,iqr_1.8,robust,chebyshev,219.72853087191868,1.8211254376792334,216.0468240211364,224.00092551965818,0.2385691143433105,0.005131255514873434,0.2217639530110093,0.25114213449908435,0.35850137111642666,0.01216047982151792,0.32614697931164693,0.3895386604351726,0.5143316629332537,0.010106396799357742,0.49582216113813654,0.545320121233396,0.7805572755417957,0.010780753013031745,0.7616099071207431,0.8173374613003096,0.5126934984520124,0.014261662917995074,0.48297213622291024,0.5634674922600619,0.46223868102664023,0.0058737324581329044,0.4523527247005301,0.48019361961073415,13.0,0.0,13,13,3.8690476190476186,4.440892098500626e-16,3.869047619047619,3.869047619047619
ecoli,iqr_1.8,robust,correlation,244.45881614933919,1.9044174131310043,240.449395338152,247.2748449523446,0.4271800384021066,0.006673130833149131,0.39929809958561263,0.43725623709348,0.27968328443385515,0.010679552332023506,0.25668245228546993,0.3038839063483345,0.4694014229258648,0.012606265151863083,0.44042595178140076,0.4936127189287436,0.7624767801857586,0.011085839576879553,0.7368421052631579,0.7863777089783281,0.5041795665634675,0.018940563135718277,0.46439628482972134,0.541795665634675,0.45410380895019087,0.005807342354333045,0.43954628768773796,0.4664185054310327,13.0,0.0,13,13,3.8690476190476186,4.440892098500626e-16,3.869047619047619,3.869047619047619
ecoli,iqr_1.8,robust,hamming,890.7812617188116,21.77547413264856,826.3598332844708,935.4818640196709,0.01658965693925538,0.003750855598705324,0.006718913675068528,0.024092197471083897,-0.010797127734715117,0.02330861945806603,-0.06118611557403084,0.050637648910266175,0.09250243186411469,0.016803977730119518,0.045735074573414504,0.1333396343917099,0.4752941176470587,0.015445658776637887,0.44272445820433437,0.5139318885448917,0.290061919504644,0.028649717197018552,0.23839009287925697,0.3622291021671827,0.13318828627223497,0.03230745228373353,0.07671673819742489,0.2838098404255319,13.0,0.0,13,13,3.8690476190476186,4.440892098500626e-16,3.869047619047619,3.869047619047619
ecoli,zscore_robust,none,euclidean,12.740764054863225,0.09134708192708176,12.610839303490582,12.928277812477056,0.2577354597145991,0.004911336959972819,0.2404641989592194,0.27479151216042724,0.41871918028658994,0.019856618056561758,0.36350742550471843,0.48340466176594565,0.6148983619366111,0.01161611216590012,0.5840613462797791,0.6441217090417803,0.8335670731707316,0.012467201169349325,0.7987804878048781,0.8536585365853658,0.5789634146341464,0.0270002175724373,0.5121951219512195,0.6402439024390244,0.5586100999596264,0.04870800524033776,0.42720976981252323,0.6134944622862353,8.0,0.0,8,8,2.3809523809523805,4.440892098500626e-16,2.380952380952381,2.380952380952381
ecoli,zscore_robust,none,manhattan,13.4914435,0.16000179087357122,13.166350000000001,14.01375,0.2246613502552978,0.01029307302601692,0.19463684319526056,0.2595450966400726,0.3932679744470768,0.04078204549557974,0.342875329732398,0.5318259790341081,0.595812335957004,0.01847308979087836,0.5632533411310773,0.6358396930608944,0.8334451219512193,0.013975624388107942,0.7987804878048781,0.8628048780487805,0.5578353658536587,0.03690776393077772,0.4847560975609756,0.6707317073170732,0.5254153357663145,0.04955433795156983,0.4216640313308272,0.6228899435137341,8.0,0.0,8,8,2.3809523809523805,4.440892098500626e-16,2.380952380952381,2.380952380952381
ecoli,zscore_robust,none,cosine,13.682962680305405,0.09198141832696277,13.544246200729095,13.977243546932442,0.40744198287944344,0.016655002778309953,0.3420328985143452,0.4272061455050513,0.36856260874194297,0.016801375076560772,0.31068905203605185,0.38745439865225223,0.5643677025575391,0.013104720949298102,0.5289076201605938,0.5874811379607605,0.8090548780487804,0.014213040561776611,0.7682926829268293,0.850609756097561,0.5572256097560976,0.021414747867635132,0.49085365853658536,0.5884146341463414,0.47867055090316396,0.03418778709929193,0.4084343389093004,0.5766187739590156,8.0,0.0,8,8,2.3809523809523805,4.440892098500626e-16,2.380952380952381,2.380952380952381
ecoli,zscore_robust,none,minkowski,12.80684300066717,0.08370697596665173,12.632854820265473,12.95781242470354,0.2620227761405698,0.005211073409734275,0.24389261912961827,0.272192292563416,0.41866587913064085,0.019721324175860894,0.35653925948651466,0.4823870916642753,0.6133002229321971,0.01287198458781946,0.583652737086751,0.6431322066115372,0.8324390243902441,0.013414079811162946,0.7957317073170732,0.850609756097561,0.5805487804878049,0.026757039692597587,0.5030487804878049,0.6341463414634146,0.5638135265467238,0.04602154489795125,0.4750640318703292,0.6089256451318434,8.0,0.0,8,8,2.3809523809523805,4.440892098500626e-16,2.380952380952381,2.380952380952381
ecoli,zscore_robust,none,chebyshev,13.592284706917779,0.1948942083676666,13.162930580571388,13.983939976924034,0.2603133921406076,0.010137333299172787,0.2135477786919977,0.2850880612704856,0.4078059009788567,0.03800570013929229,0.3236794615929509,0.5289775144616153,0.5920730629988157,0.019433331596103897,0.5221714674630323,0.666559321926414,0.8221646341463414,0.014365257089356492,0.7835365853658537,0.8597560975609756,0.5662195121951219,0.036397076452663206,0.5030487804878049,0.6676829268292683,0.5316353149239008,0.04472261059820984,0.44956944280219513,0.6107532614437166,8.0,0.0,8,8,2.3809523809523805,4.440892098500626e-16,2.380952380952381,2.380952380952381
ecoli,zscore_robust,none,correlation,14.030163415517084,0.0718295955283896,13.852758610738157,14.30310448127955,0.42471856950632797,0.007461457818580301,0.4109106970462921,0.4514280545719898,0.38775294119065373,0.01965654472152953,0.3558115065729022,0.4708226903979804,0.5684341030567761,0.00831840423670826,0.5450475636974211,0.6102089666170221,0.8125000000000001,0.00595098210242165,0.7957317073170732,0.8292682926829268,0.5882012195121951,0.019698307338871974,0.5579268292682927,0.6676829268292683,0.4948478258545967,0.0059471817425406194,0.4800089250233857,0.506051540049218,8.0,0.0,8,8,2.3809523809523805,4.440892098500626e-16,2.380952380952381,2.380952380952381
ecoli,zscore_robust,none,hamming,66.030102,2.020802054481338,60.121,70.405,0.01663839635577995,0.00339846343004307,0.006683636158105703,0.024038904357536615,0.004338193891828852,0.03264785170153778,-0.06384852418825034,0.09050065820284092,0.0942984389837801,0.016858501857980483,0.06414174030132586,0.1471755693692402,0.4741463414634147,0.01608346574328084,0.43902439024390244,0.5121951219512195,0.3013719512195122,0.03641314903527406,0.22865853658536586,0.3902439024390244,0.13395014627124013,0.02504182788886582,0.09172077922077922,0.23811984891849908,8.0,0.0,8,8,2.3809523809523805,4.440892098500626e-16,2.380952380952381,2.380952380952381
ecoli,zscore_robust,minmax,euclidean,17.542941708546586,0.09771231791541603,17.47860242427473,18.266984064114375,0.2600113978731802,0.006636648338552339,0.23575686669103144,0.2694960571080437,0.4349421281157608,0.018918676728352478,0.39511279268428456,0.506789742824676,0.6150811359065554,0.011737533110165411,0.5933749586741904,0.6420480175877374,0.8192378048780488,0.015802538360018877,0.7926829268292683,0.8475609756097561,0.6057926829268293,0.022538304363751496,0.5426829268292683,0.6432926829268293,0.5702929203767826,0.026411700162010814,0.48486570309684707,0.5975240711540433,8.0,0.0,8,8,2.3809523809523805,4.440892098500626e-16,2.380952380952381,2.380952380952381
ecoli,zscore_robust,minmax,manhattan,19.80731574583593,0.8551666162972648,18.186364142871415,21.499208832087497,0.22147603355640005,0.017166746811853706,0.17477110594033368,0.2932422520502029,0.4194603411709735,0.06281841606704563,0.319678723820834,0.716465979536903,0.591393856359577,0.027236008820505996,0.5417054386571001,0.6610733202768766,0.8163719512195122,0.025276780610138747,0.7591463414634146,0.8719512195121951,0.5603658536585366,0.057661458904112235,0.4573170731707317,0.75,0.5249117525985231,0.06333348763205707,0.38738745511569683,0.6208606890341348,8.0,0.0,8,8,2.3809523809523805,4.440892098500626e-16,2.380952380952381,2.380952380952381
ecoli,zscore_robust,minmax,cosine,29.016570825346317,0.28724588282562463,28.189489991983866,29.951356458986282,0.3973103406205982,0.011580865554549487,0.3568147627985384,0.41538349239239486,0.2509547463835253,0.008363074079748936,0.21892804700607849,0.28515111336624666,0.43902533652506426,0.008429343317166368,0.41074212728060705,0.465751684020526,0.697408536585366,0.012228422521756948,0.6737804878048781,0.7317073170731707,0.5358841463414634,0.015485013912154151,0.49390243902439024,0.5884146341463414,0.49538511724091555,0.02983728579308908,0.4293766185255754,0.5299241418517746,8.0,0.0,8,8,2.3809523809523805,4.440892098500626e-16,2.380952380952381,2.380952380952381
ecoli,zscore_robust,minmax,minkowski,17.57623312206964,0.14424424606166733,17.498055304971825,18.699156718209867,0.2640837166300002,0.007097438789713857,0.22341171540266125,0.27078682743192345,0.42327547670469967,0.014075954325753329,0.3671675885212172,0.503935643289239,0.6066297113102063,0.006734351281941909,0.5726067280181656,0.642287654295393,0.8151219512195123,0.00993097833828582,0.7926829268292683,0.8719512195121951,0.5947560975609756,0.02078400863337244,0.49085365853658536,0.625,0.5724673956632098,0.013218719793436457,0.4671665637609844,0.6162220390548564,8.0,0.0,8,8,2.3809523809523805,4.440892098500626e-16,2.380952380952381,2.380952380952381
ecoli,zscore_robust,minmax,chebyshev,18.5215162327928,0.23012525652308258,18.106251377634308,19.309202151437333,0.25527866987220704,0.006370515569044852,0.2152574098310657,0.26822227802409243,0.4237501957394521,0.021368080895217818,0.37754425429164384,0.4946589676955301,0.5914172197539849,0.01082384189366929,0.5665875986516579,0.6164414151864553,0.8112499999999998,0.011367454809757246,0.7896341463414634,0.8414634146341463,0.5805792682926829,0.02231763543873862,0.5396341463414634,0.6310975609756098,0.5665226029195534,0.013847852219923662,0.47257714866571315,0.5937650659229943,8.0,0.0,8,8,2.3809523809523805,4.440892098500626e-16,2.380952380952381,2.380952380952381
ecoli,zscore_robust,minmax,correlation,28.884258587955177,0.2935488325000237,28.146206452874424,29.78451379719605,0.4044434897757316,0.019655065042384203,0.3258186975867572,0.43918755665727177,0.25450927229960496,0.008901453261087421,0.22324500140930964,0.2814127288312371,0.44072532743131276,0.010163094723776422,0.41348698233212355,0.4731350914526794,0.7011280487804877,0.012014322889425529,0.6646341463414634,0.7378048780487805,0.533109756097561,0.019000630096944273,0.47560975609756095,0.5762195121951219,0.49897138737232355,0.03235333102909199,0.3677131520850712,0.5312963493847743,8.0,0.0,8,8,2.3809523809523805,4.440892098500626e-16,2.380952380952381,2.380952380952381
ecoli,zscore_robust,minmax,hamming,84.63647027466166,2.3056198453170222,78.17710632106605,90.30643122338728,0.016887005889251665,0.003460081218843606,0.006683636158105703,0.024038904357536615,-5.193707360686152e-05,0.03298086045442062,-0.06384852418825034,0.09050065820284092,0.09219996613638128,0.01570366874740547,0.058955149167814754,0.12969714876922658,0.4704878048780488,0.01589394506060499,0.43597560975609756,0.5121951219512195,0.2963719512195122,0.03428026600565117,0.22865853658536586,0.38109756097560976,0.13366874892576516,0.02809406095435434,0.07590233545647558,0.23862390350877194,8.0,0.0,8,8,2.3809523809523805,4.440892098500626e-16,2.380952380952381,2.380952380952381
ecoli,zscore_robust,standard,euclidean,634.4273722241838,93.33808394173106,494.3519990269763,707.9994772885532,0.24593343581615099,0.018548353776243028,0.20922638286371809,0.33779346641003877,0.4441475715650205,0.05294349640146245,0.37123596579978996,0.7214245807594567,0.6139888166889331,0.02234987121779819,0.5673194015839103,0.673036251402461,0.8141463414634146,0.021231948976644044,0.7591463414634146,0.8475609756097561,0.5925914634146342,0.044515650968419834,0.5274390243902439,0.801829268292683,0.5949238695681197,0.04748156989563837,0.5148932382102773,0.6953785045347924,8.0,0.0,8,8,2.3809523809523805,4.440892098500626e-16,2.380952380952381,2.380952380952381
ecoli,zscore_robust,standard,manhattan,821.2500081983374,87.06160382295182,592.5119957303855,1124.5390627524482,0.21423052650489033,0.0261872776971164,0.16188522959219373,0.3010754043267243,0.41926327519780576,0.0770995467104743,0.3082802508472007,0.7093639536165308,0.5854605937314683,0.027917393723495908,0.5301992146969906,0.6521618787443606,0.8124695121951219,0.02452893115714737,0.7591463414634146,0.8658536585365854,0.5597256097560975,0.06610455676910254,0.4268292682926829,0.7560975609756098,0.524486331539954,0.06350603779581813,0.3841175679311272,0.6083165672966546,8.0,0.0,8,8,2.3809523809523805,4.440892098500626e-16,2.380952380952381,2.380952380952381
ecoli,zscore_robust,standard,cosine,647.7707091001926,94.4500764018545,501.3049836898942,721.3132174859461,0.4438587450158123,0.014038325623152626,0.3831748127556492,0.4838557563936271,0.417912716860933,0.03016494700863663,0.37031448051366395,0.5158278666203259,0.5872587323319592,0.012143580219948243,0.5589370657351119,0.6061826061535074,0.8074390243902438,0.01099016649859611,0.774390243902439,0.8201219512195121,0.5849390243902439,0.030914754413582383,0.5152439024390244,0.6951219512195121,0.5695168548197644,0.04646353177791967,0.48988469732983836,0.6663630315123977,8.0,0.0,8,8,2.3809523809523805,4.440892098500626e-16,2.380952380952381,2.380952380952381
ecoli,zscore_robust,standard,minkowski,632.1409597880793,98.2023689434256,495.0380456090491,709.692947503287,0.2524547520667556,0.01324928991902743,0.20509170012478523,0.3242294386979245,0.44455522276397963,0.04728328173416631,0.34464968736902485,0.6987069339873455,0.6079313008728089,0.023407297822309926,0.5224908837753062,0.6580311520501152,0.8081707317073173,0.021348779233879327,0.7591463414634146,0.850609756097561,0.5932317073170732,0.03987306040255196,0.5182926829268293,0.7926829268292683,0.5979397361274509,0.05432578337084761,0.48316967370361324,0.7014822030753345,8.0,0.0,8,8,2.3809523809523805,4.440892098500626e-16,2.380952380952381,2.380952380952381
ecoli,zscore_robust,standard,chebyshev,643.287501392546,93.19411723873213,508.40636039453375,728.4140849215268,0.2466366051581751,0.017193419130450267,0.19273147818406594,0.31897703857261284,0.4456011285592204,0.05057106140359345,0.3558808089994485,0.6487543722476827,0.5941162702221346,0.021465551050556534,0.4982727471026841,0.6411120931533061,0.8071341463414633,0.019328498869044003,0.7560975609756098,0.850609756097561,0.6054573170731707,0.04827500099737802,0.5121951219512195,0.774390243902439,0.6079572845103544,0.0545041406268531,0.5468506493506493,0.70152302411353,8.0,0.0,8,8,2.3809523809523805,4.440892098500626e-16,2.380952380952381,2.380952380952381
ecoli,zscore_robust,standard,correlation,944.5927305058399,24.093622277110413,910.4531757430182,1015.2038450283129,0.4198293572810606,0.012342365374523205,0.3765526326231265,0.4634309677891391,0.3260541667839377,0.012648050902259594,0.29330930799146193,0.3605183434433776,0.49295147616340274,0.010021129351577332,0.47609814865040223,0.5147192640611373,0.7628048780487805,0.016207358365856125,0.7225609756097561,0.7957317073170732,0.5647560975609756,0.01692619665648531,0.5121951219512195,0.6036585365853658,0.5522976221999094,0.015487349526588985,0.4768161960689367,0.5757645758854656,8.0,0.0,8,8,2.3809523809523805,4.440892098500626e-16,2.380952380952381,2.380952380952381
ecoli,zscore_robust,standard,hamming,2523.212383901322,122.56168694114449,2173.92401212029,2721.717493854294,0.016272613383363776,0.0033303924266721383,0.008221974909866599,0.023866022277319602,-0.003935733000215911,0.03371906858548058,-0.05634174474861299,0.09050065820284092,0.0909084522769646,0.018322847431978324,0.056369398307096655,0.1471755693692402,0.4646951219512195,0.01710134869842654,0.43902439024390244,0.5213414634146342,0.2997865853658537,0.03937073584362541,0.22865853658536586,0.40853658536585363,0.15923349053103966,0.04293965426805118,0.09172077922077922,0.2552512442206592,8.0,0.0,8,8,2.3809523809523805,4.440892098500626e-16,2.380952380952381,2.380952380952381
ecoli,zscore_robust,robust,euclidean,217.90165837865058,0.29661621369803026,217.49764540656815,218.67121674880673,0.23739983822685878,0.006438254825499989,0.2250378967741122,0.24672235370931261,0.38818445988302885,0.028708910681971796,0.34264982879707234,0.4436065296576431,0.5535142027138,0.007934691738948353,0.5318442333698058,0.5759975119121075,0.8079878048780487,0.007664272746975749,0.7835365853658537,0.823170731707317,0.5401219512195122,0.024442474562945973,0.4969512195121951,0.5853658536585366,0.48507689083275396,0.005448556109533026,0.4682858737863646,0.49724126932258883,8.0,0.0,8,8,2.3809523809523805,4.440892098500626e-16,2.380952380952381,2.380952380952381
ecoli,zscore_robust,robust,manhattan,230.90277110612658,2.192450609851056,225.76143289413545,236.5469130327555,0.20860164784992588,0.005722397500232003,0.19213335959674402,0.22438164466764152,0.37848857382353407,0.02542660418855904,0.32962379929804597,0.4353313181725319,0.5631627651917256,0.013010102092555063,0.5228239548803292,0.600240955340759,0.8146646341463415,0.015867108506646334,0.774390243902439,0.850609756097561,0.5228048780487804,0.024968302332283945,0.4725609756097561,0.5945121951219512,0.4803189791861741,0.028016246910322545,0.3968653447148237,0.5135754453123198,8.0,0.0,8,8,2.3809523809523805,4.440892098500626e-16,2.380952380952381,2.380952380952381
ecoli,zscore_robust,robust,cosine,236.62234245896835,1.1715763707630373,234.18977014606315,239.39792943158835,0.4260162334710638,0.010289779996942023,0.4002295301811235,0.4504895005664421,0.3315833143153161,0.010238435897022419,0.3135902640633524,0.37302044244434635,0.5055439704745486,0.008842599485068455,0.4924483455025935,0.5347707209936289,0.7919817073170732,0.008133504106726362,0.7713414634146342,0.8109756097560976,0.5215243902439024,0.016819876311773743,0.49085365853658536,0.5823170731707317,0.46830806479036885,0.00858988197502393,0.4022060403787563,0.48289554579214233,8.0,0.0,8,8,2.3809523809523805,4.440892098500626e-16,2.380952380952381,2.380952380952381
ecoli,zscore_robust,robust,minkowski,219.0041217734257,0.3467953771202182,218.18610786901365,220.16899060199574,0.2446227921633607,0.005198303065013989,0.22472962251933218,0.2531413433208979,0.38708682159402025,0.020450101584147413,0.3575178473607441,0.4415121226301946,0.543857822251815,0.010145276297927039,0.5240966808961596,0.5730926651287761,0.7971341463414635,0.00958714220491939,0.7835365853658537,0.8292682926829268,0.5295731707317074,0.02129131739258328,0.49390243902439024,0.5762195121951219,0.47653994084286155,0.007967650548264439,0.4639929833988028,0.49518333072232185,8.0,0.0,8,8,2.3809523809523805,4.440892098500626e-16,2.380952380952381,2.380952380952381
ecoli,zscore_robust,robust,chebyshev,230.65900047974378,2.02672919973511,226.19405346515765,236.0371951142207,0.2339810362513771,0.005936635546425867,0.22230135800518372,0.24777830179623572,0.3611504233608331,0.016799246421464326,0.3217923987952386,0.3918416059433854,0.5111773523849981,0.009867940431474393,0.4905932921836455,0.5386212349982804,0.7806707317073173,0.012412843083221726,0.7621951219512195,0.8170731707317073,0.51,0.015883414851374657,0.47560975609756095,0.5548780487804879,0.4646719591309948,0.007034408789287796,0.4492952673059783,0.48343014222432434,8.0,0.0,8,8,2.3809523809523805,4.440892098500626e-16,2.380952380952381,2.380952380952381
ecoli,zscore_robust,robust,correlation,254.72058015118148,1.6659039718581172,250.30274346528435,258.31194264419526,0.42838472263812355,0.009273732280737811,0.3937961590032378,0.43915581960338607,0.2811417506319346,0.009393773422648789,0.26200798947311194,0.3095200071890014,0.4654422500272593,0.009985812161765672,0.4358592928195399,0.49697781376301187,0.7635365853658537,0.009768665685153366,0.7317073170731707,0.7835365853658537,0.5115243902439025,0.01728731125072942,0.45426829268292684,0.5457317073170732,0.4551987345102876,0.012267618002785745,0.37775081278370753,0.46810436443576336,8.0,0.0,8,8,2.3809523809523805,4.440892098500626e-16,2.380952380952381,2.380952380952381
ecoli,zscore_robust,robust,hamming,921.9219843976426,23.877722665214197,864.6437361604754,976.6081352683871,0.016901913631921797,0.0034857582769170256,0.007804206891013268,0.024210846740772556,-0.015429813842793015,0.029097898062465797,-0.0688640298348441,0.09050065820284092,0.0876875712887347,0.014935554929307647,0.058955149167814754,0.12355869411259927,0.46295731707317084,0.01639764981310487,0.43597560975609756,0.5121951219512195,0.2820121951219512,0.03384695626703432,0.22865853658536586,0.36890243902439024,0.125317425373092,0.02717401366456975,0.07590233545647558,0.23862390350877194,8.0,0.0,8,8,2.3809523809523805,4.440892098500626e-16,2.380952380952381,2.380952380952381
ecoli,zscore_robust_2.5,none,euclidean,12.557122983916663,0.08938132076741181,12.446570597816823,12.82539308884736,0.25849907069259365,0.004738630331677979,0.24537034404734623,0.27510963873832417,0.42275245090475216,0.02239466576152208,0.3466666306271564,0.49146024094700463,0.6231802365476145,0.011283938520021675,0.5901558669441174,0.6492946240863241,0.8374617737003058,0.012011576867579723,0.7920489296636085,0.8562691131498471,0.5823853211009176,0.026414371982279798,0.5229357798165137,0.6422018348623854,0.5637088748841567,0.0499846662875396,0.4276189778643446,0.6145971715806546,9.0,0.0,9,9,2.6785714285714284,0.0,2.6785714285714284,2.6785714285714284
ecoli,zscore_robust_2.5,none,manhattan,13.295223999999997,0.15013654393251505,12.9801,13.720600000000001,0.22596604900803188,0.011116490719180933,0.20221653262261516,0.2722587342857546,0.39635137678580745,0.0472127832731669,0.3366369731984031,0.6158184748129664,0.6022303450076957,0.02154457376334531,0.5656527355080909,0.6863902785456389,0.8343730886850154,0.013877997955728676,0.7859327217125383,0.8746177370030581,0.5604892966360856,0.04166902049856155,0.48623853211009177,0.7522935779816514,0.522537974585918,0.04633236625646536,0.41191891296331495,0.6245257766403695,9.0,0.0,9,9,2.6785714285714284,0.0,2.6785714285714284,2.6785714285714284
ecoli,zscore_robust_2.5,none,cosine,13.489021485009273,0.10884014946997633,13.316920858407485,13.838306906660097,0.41037459342281907,0.016019969483256503,0.3461097961449401,0.42949424685594134,0.369572288294873,0.016361726661769407,0.32654185273224057,0.39586885114902026,0.5721005884538914,0.011418558221410979,0.5503186786772428,0.5941348233969939,0.8130886850152906,0.01315539318361428,0.7737003058103975,0.8501529051987767,0.5577064220183486,0.019603639155156338,0.5076452599388379,0.5932721712538226,0.48482658639288606,0.033145155150904694,0.3992775537634409,0.5750798242187092,9.0,0.0,9,9,2.6785714285714284,0.0,2.6785714285714284,2.6785714285714284
ecoli,zscore_robust_2.5,none,minkowski,12.627059871971086,0.08952241118082258,12.479212989781143,12.819701944153998,0.26194669608494686,0.006478245133151188,0.24211039322913927,0.27188723594265674,0.4170403906798576,0.01948818143633949,0.35442885992530054,0.4561033220423331,0.6171682160088033,0.01327473085206888,0.5847075405660284,0.6380687823430153,0.8331804281345566,0.015077258974409449,0.7981651376146789,0.8562691131498471,0.5810397553516821,0.02479517039831742,0.5321100917431193,0.636085626911315,0.563124754486831,0.04615199254477097,0.4762740045056163,0.6101911854209978,9.0,0.0,9,9,2.6785714285714284,0.0,2.6785714285714284,2.6785714285714284
ecoli,zscore_robust_2.5,none,chebyshev,13.417362804856866,0.1806791223632342,12.941206282095834,13.82104882359889,0.26100010596268675,0.008296667421828061,0.23080875173715187,0.2855070418876672,0.4093375045597309,0.035536317633945526,0.3404479365226116,0.5060916440040321,0.5965708285117821,0.017333322341518888,0.5634899764835716,0.6398586804577227,0.8227522935779816,0.014284455718284636,0.7920489296636085,0.8593272171253823,0.5704892966360856,0.034472238837843394,0.5107033639143731,0.654434250764526,0.5340178494696679,0.044890777295861294,0.4643971053513546,0.6187419592034077,9.0,0.0,9,9,2.6785714285714284,0.0,2.6785714285714284,2.6785714285714284
ecoli,zscore_robust_2.5,none,correlation,13.904926270416617,0.05991583223589405,13.745672041395059,14.04491249167083,0.4260284916300484,0.00810933359121405,0.41719574580607327,0.4468716881718822,0.38419280951124435,0.023217677882109086,0.359485535299451,0.4775532191207694,0.5711230462821839,0.0081904954765884,0.5476470783290444,0.5947191683953547,0.8132110091743121,0.006172220580571423,0.7951070336391437,0.8287461773700305,0.5883486238532111,0.02266257259649183,0.5596330275229358,0.672782874617737,0.49452536054683593,0.0057148181021754296,0.48261806864531215,0.5062022861958327,9.0,0.0,9,9,2.6785714285714284,0.0,2.6785714285714284,2.6785714285714284
ecoli,zscore_robust_2.5,none,hamming,65.82416099999999,2.0711497019720726,59.2362,70.48790000000001,0.016710826618595093,0.0033509754710480486,0.008117369309473451,0.023729572289814576,-0.00545110972350751,0.034446640868174006,-0.06389260997864835,0.12170077071359346,0.09444339813681508,0.016388164455983345,0.06152426173315618,0.14467862215480537,0.4719266055045871,0.015129921128964413,0.43730886850152906,0.5076452599388379,0.29079510703363914,0.0380192435121518,0.22018348623853212,0.3944954128440367,0.13375464815506402,0.03400077287893232,0.07606382978723404,0.25298302435985937,9.0,0.0,9,9,2.6785714285714284,0.0,2.6785714285714284,2.6785714285714284
ecoli,zscore_robust_2.5,minmax,euclidean,18.309831568643904,0.14513117234798106,18.238385152029327,19.00786931465747,0.25561424082312445,0.00716143623103326,0.22745494905734845,0.2640175282348034,0.4375792385878085,0.019503356571498504,0.40343285743443463,0.5179335354314232,0.6250797578774647,0.012745383616971109,0.596888289307105,0.6560796074542948,0.8235779816513764,0.018983388262295203,0.7951070336391437,0.8654434250764526,0.604617737003058,0.022701329755703673,0.5565749235474006,0.6605504587155964,0.5716599180542403,0.028360255677459856,0.4963736561945127,0.614218888669255,9.0,0.0,9,9,2.6785714285714284,0.0,2.6785714285714284,2.6785714285714284
ecoli,zscore_robust_2.5,minmax,manhattan,20.76420222090987,0.9196591035457023,19.249923801749723,22.39498121784016,0.22348145639780234,0.020199372576592173,0.18750536904563464,0.297751995760629,0.42894384196603297,0.06955154226182425,0.3257303490453608,0.7165759141844223,0.6029480661765336,0.027277859851909697,0.5496938411986296,0.679679580387501,0.8192048929663609,0.027925295431945264,0.7584097859327217,0.8715596330275229,0.5721406727828746,0.059281635442061664,0.4648318042813456,0.7522935779816514,0.5311894435353715,0.0663600433342034,0.3841401907637412,0.6094774926024188,9.0,0.0,9,9,2.6785714285714284,0.0,2.6785714285714284,2.6785714285714284
ecoli,zscore_robust_2.5,minmax,cosine,32.14876420537731,0.4122764469860793,31.181875917828688,33.651747900124676,0.3912221442634963,0.011188358160821,0.35067457696287524,0.42276867880724694,0.228579866958567,0.010190332020013357,0.1950542679006354,0.25531562697176674,0.4205246216588634,0.007946623032621189,0.3977514190892971,0.44562352660238325,0.6851681957186545,0.010355870757307057,0.654434250764526,0.7064220183486238,0.5227828746177371,0.01879366002604035,0.45871559633027525,0.5596330275229358,0.49726930250740947,0.025868113508001864,0.4123847329227752,0.5181033594126379,9.0,0.0,9,9,2.6785714285714284,0.0,2.6785714285714284,2.6785714285714284
ecoli,zscore_robust_2.5,minmax,minkowski,18.3429024347961,0.07345377597790352,18.256941151687887,18.608514698199215,0.25902305215961974,0.00400118194887809,0.2459602213258619,0.26508427099390475,0.425857834887238,0.014224004892366391,0.38867243901947496,0.4531576920485652,0.6193643536629355,0.012091170170166973,0.5974360785639671,0.6457527632923682,0.8245871559633027,0.014688579886223335,0.8012232415902141,0.8470948012232415,0.5958409785932721,0.018948995380428078,0.5535168195718655,0.6207951070336392,0.5811990270293346,0.010258624234645356,0.5642224227334129,0.5964211505593713,9.0,0.0,9,9,2.6785714285714284,0.0,2.6785714285714284,2.6785714285714284
ecoli,zscore_robust_2.5,minmax,chebyshev,19.14924317390481,0.23153803424340338,18.87796142037221,20.152254664992128,0.25362247432237267,0.006341216137248052,0.22978159848130594,0.2756330818928196,0.42163578924823675,0.022062819808236527,0.3848275834694724,0.5166845652331087,0.6060733461698014,0.009489361105502936,0.5832532538548897,0.6404496289721303,0.8200000000000002,0.012895049417111268,0.7889908256880734,0.8532110091743119,0.582079510703364,0.02332280996038797,0.5382262996941896,0.6697247706422018,0.577305313054186,0.009631439759261586,0.5539384206629637,0.6037864415739109,9.0,0.0,9,9,2.6785714285714284,0.0,2.6785714285714284,2.6785714285714284
ecoli,zscore_robust_2.5,minmax,correlation,31.934877502524536,0.41459961417806757,30.924329928771517,32.98028946623723,0.40865521287571677,0.012885906187409516,0.3570115300746604,0.4346974733833441,0.2291991258152382,0.010319976959195438,0.20732358060964023,0.2652723479019882,0.4256909419186682,0.009420974197215217,0.4057416226184177,0.45537639610348307,0.6890214067278287,0.009078964265849889,0.6697247706422018,0.709480122324159,0.5183486238532109,0.017907542473342333,0.46788990825688076,0.5718654434250765,0.5041702746382626,0.022663997898697944,0.4225816462936651,0.601259216396029,9.0,0.0,9,9,2.6785714285714284,0.0,2.6785714285714284,2.6785714285714284
ecoli,zscore_robust_2.5,minmax,hamming,86.53438734497762,2.5263826981821893,78.68222432944034,92.56568399527212,0.016572943317816245,0.0033206008521182084,0.008304040657874705,0.023729572289814576,-0.005011401132171591,0.03445002047749113,-0.06389260997864835,0.12170077071359346,0.09520942738640395,0.016759374105617394,0.057123024499397226,0.14467862215480537,0.4713149847094801,0.014788581049254955,0.43730886850152906,0.5076452599388379,0.2910091743119266,0.03755301875373225,0.22018348623853212,0.3944954128440367,0.13418866516701503,0.03552951608751458,0.07606382978723404,0.25298302435985937,9.0,0.0,9,9,2.6785714285714284,0.0,2.6785714285714284,2.6785714285714284
ecoli,zscore_robust_2.5,standard,euclidean,630.9057385910005,91.14932648437282,489.18238265851977,702.9403230394631,0.25312535858851215,0.026519149159448304,0.2166750134816468,0.34084026516988514,0.4663253692468854,0.08890920733877129,0.40174684468445737,0.7467652211045587,0.6240998346450258,0.02437497447375161,0.5847645808506483,0.6934835035387253,0.8180733944954128,0.021690970034463988,0.7828746177370031,0.8654434250764526,0.6087461773700306,0.06484308366482114,0.5412844036697247,0.8103975535168195,0.5952046273222641,0.049692554838672395,0.49319593659337935,0.7088227600797412,9.0,0.0,9,9,2.6785714285714284,0.0,2.6785714285714284,2.6785714285714284
ecoli,zscore_robust_2.5,standard,manhattan,797.4360884753307,83.94149568914709,545.749875619055,1115.4924195167803,0.21712268708487226,0.02886450399679904,0.15855584294483233,0.3060010860670467,0.43227971336629717,0.07704475682525636,0.3186772485413374,0.7109856559409562,0.5916351734141512,0.02690796673819373,0.5362231054596217,0.6433427536869096,0.8135474006116208,0.026147969285018478,0.7522935779816514,0.8593272171253823,0.5695107033639144,0.059567681596764614,0.4617737003058104,0.7492354740061162,0.531497279885759,0.05747247939765502,0.37882173382173384,0.6181055887543642,9.0,0.0,9,9,2.6785714285714284,0.0,2.6785714285714284,2.6785714285714284
ecoli,zscore_robust_2.5,standard,cosine,633.7706854729985,97.81762249539148,496.9937619928545,717.3014586033511,0.44937199032857444,0.014852036118552238,0.41523331229283,0.5149420116925835,0.4317850181318159,0.05354718651767001,0.36657889790637493,0.6572941523028208,0.5951031678672086,0.012368217046386173,0.5633717958375938,0.6410412682827906,0.8082874617737004,0.010739954929012837,0.7737003058103975,0.8226299694189603,0.5948929663608563,0.045561551845752134,0.5198776758409785,0.7706422018348624,0.5726843600555777,0.05033056213481826,0.49067670834912214,0.6738751527775797,9.0,0.0,9,9,2.6785714285714284,0.0,2.6785714285714284,2.6785714285714284
ecoli,zscore_robust_2.5,standard,minkowski,607.2367195120721,99.70289018934477,489.52079789231317,704.0381433605096,0.2574734929480435,0.020538802898291315,0.20940758202364113,0.3393354307019113,0.46472569835347327,0.07611042654370431,0.38317962036656183,0.739707734972255,0.6201913351795819,0.0260259508081152,0.5795114524770588,0.6839672676322751,0.8106116207951072,0.02150808246913748,0.7737003058103975,0.8562691131498471,0.6031804281345565,0.05919642570938101,0.5351681957186545,0.8073394495412844,0.5924659611246795,0.06531519087253476,0.48843743400205947,0.7015926920661557,9.0,0.0,9,9,2.6785714285714284,0.0,2.6785714285714284,2.6785714285714284
ecoli,zscore_robust_2.5,standard,chebyshev,632.8017075253445,93.5403609762184,504.0103985929285,718.9445962210275,0.2506800291144165,0.01624175450517885,0.22098930474612688,0.3268797794180779,0.45342789647309617,0.05847538700536622,0.3674853993084102,0.6576954638882944,0.6027095950721415,0.019752287138973215,0.5556645673658708,0.6520845723414718,0.8076146788990824,0.02080452655883746,0.7584097859327217,0.8532110091743119,0.6088379204892966,0.05448764690320891,0.5229357798165137,0.8042813455657493,0.6111588150747269,0.054438696416128945,0.554024764898524,0.7018301699760288,9.0,0.0,9,9,2.6785714285714284,0.0,2.6785714285714284,2.6785714285714284
ecoli,zscore_robust_2.5,standard,correlation,933.5275030728482,23.52730634666758,906.7042582310974,1079.0131536916776,0.41950327593252007,0.013107432106775554,0.3767580682002735,0.4383712066610568,0.3249932296751236,0.011737678021330198,0.28163216275041997,0.35954784980727417,0.4992830942832496,0.010069884534948455,0.47278900986156563,0.5195152761523121,0.7649235474006116,0.015337267987426758,0.72782874617737,0.7951070336391437,0.559816513761468,0.013208885320276009,0.5198776758409785,0.5902140672782875,0.554479455739654,0.01905688131232984,0.4309939702853715,0.5745385342223287,9.0,0.0,9,9,2.6785714285714284,0.0,2.6785714285714284,2.6785714285714284
ecoli,zscore_robust_2.5,standard,hamming,2499.0494691958042,131.56477232267667,2096.0188120677926,2709.2318884872584,0.016469732054241543,0.0033508325341600597,0.006457618842719503,0.02538655300246794,-0.00536604957130509,0.03139698485514685,-0.059685421856393334,0.12170077071359346,0.09086286582099358,0.016624165621354603,0.05401736668790198,0.12912573785156,0.46620795107033636,0.016459163339391448,0.43730886850152906,0.5107033639143731,0.30149847094801224,0.036513543763021544,0.23547400611620795,0.3944954128440367,0.16836145426966695,0.04588617078461782,0.07606382978723404,0.28225421215099933,9.0,0.0,9,9,2.6785714285714284,0.0,2.6785714285714284,2.6785714285714284
ecoli,zscore_robust_2.5,robust,euclidean,212.75897435876348,0.28616035606400914,212.189357558136,213.70765685186217,0.23817139191950004,0.0053524341878310585,0.22719461464155002,0.24496790815005426,0.3907616368569215,0.025649287290595683,0.35052773683607896,0.43323090012427606,0.5594532452057659,0.008247904906687045,0.5372151881762766,0.5796367527323312,0.809480122324159,0.008413955041099448,0.7859327217125383,0.8318042813455657,0.5327217125382263,0.01921501904881347,0.5045871559633027,0.5718654434250765,0.4860613347972258,0.0056867377514249655,0.46608770740307204,0.4993674574946672,9.0,0.0,9,9,2.6785714285714284,0.0,2.6785714285714284,2.6785714285714284
ecoli,zscore_robust_2.5,robust,manhattan,225.2888691001094,2.4966786598543593,220.3530111121359,232.05274064682348,0.20903097612382365,0.005490557765482958,0.19372283213916852,0.21845348883356697,0.3879490845264834,0.027200111737556917,0.3408819641159784,0.45011125800414276,0.5683994227241679,0.013233383118986692,0.5340665240176833,0.6022398144220008,0.8168195718654435,0.01624253422004832,0.7706422018348624,0.8501529051987767,0.5245871559633027,0.02146091873884787,0.47706422018348627,0.5902140672782875,0.48347966088287747,0.025595302747753953,0.38948220785893545,0.5132388262322473,9.0,0.0,9,9,2.6785714285714284,0.0,2.6785714285714284,2.6785714285714284
ecoli,zscore_robust_2.5,robust,cosine,231.11074574877745,1.4205504003922218,228.4629388507542,235.16469023399566,0.42960936693226,0.008981668532415546,0.39167857115924076,0.4453202784033424,0.3296035273090467,0.008202178039925793,0.31132219683404144,0.3593275515709859,0.5080220890962657,0.007068763953484639,0.4947446781468829,0.536715161569734,0.7925382262996941,0.00734861812642231,0.7737003058103975,0.8073394495412844,0.515840978593272,0.013770842882079196,0.4831804281345566,0.5535168195718655,0.46922426867608086,0.005105588752708971,0.4497462418431718,0.4777304061447487,9.0,0.0,9,9,2.6785714285714284,0.0,2.6785714285714284,2.6785714285714284
ecoli,zscore_robust_2.5,robust,minkowski,213.49571128289662,0.41462534597514145,212.96326802516558,214.67256618185925,0.2450326542650371,0.004102257994916635,0.2363655290933432,0.2554464592938622,0.38089504739369395,0.013922441376185986,0.35590071674214496,0.43054131270420753,0.5493270370320374,0.008683888754433438,0.5308986631343439,0.5706414179658038,0.7988073394495413,0.007253510624455771,0.7859327217125383,0.8256880733944955,0.5218960244648317,0.013908289156200196,0.4892966360856269,0.5688073394495413,0.47699832806979037,0.006842980599312171,0.46561551132159146,0.4975070331305481,9.0,0.0,9,9,2.6785714285714284,0.0,2.6785714285714284,2.6785714285714284
ecoli,zscore_robust_2.5,robust,chebyshev,224.32047586342532,2.144644436653928,219.4907192419322,229.60971512713826,0.2354161832848178,0.005604109920780262,0.21953868896136486,0.24646206021400494,0.3636168392444255,0.013565798355287529,0.3264486334174066,0.401875992853007,0.5165106731523267,0.00896372855832661,0.4971962266242045,0.5393971133771509,0.7800917431192659,0.01053244928364433,0.764525993883792,0.8134556574923547,0.5074617737003059,0.015356554656348205,0.4648318042813456,0.5382262996941896,0.4640633230979272,0.0062660034124115945,0.45261223655415483,0.48761231935950744,9.0,0.0,9,9,2.6785714285714284,0.0,2.6785714285714284,2.6785714285714284
ecoli,zscore_robust_2.5,robust,correlation,250.1290942983103,1.5966446743302627,245.32096056044543,253.54457971258222,0.4283109415585518,0.00805447783507188,0.4006085843834944,0.4375178174210993,0.28491521818682175,0.010546392973245297,0.26509118593180575,0.3340926526410353,0.4737511310182856,0.01114233558650581,0.44525806713421134,0.495022903060876,0.7681345565749236,0.012462514752548374,0.7308868501529052,0.7920489296636085,0.5122018348623854,0.01812552956941455,0.4709480122324159,0.5504587155963303,0.4574325446826519,0.014589339417677523,0.3781369012442956,0.4729365404136531,9.0,0.0,9,9,2.6785714285714284,0.0,2.6785714285714284,2.6785714285714284
ecoli,zscore_robust_2.5,robust,hamming,907.7852486863226,25.017048884621506,845.0165937196534,971.5747883390059,0.016823387805404138,0.003338785841680417,0.008275525136129882,0.02258733602554849,-0.01149862463084206,0.029570241973087767,-0.0528262616850399,0.12170077071359346,0.09077155656834146,0.016994973909532887,0.05616085767815095,0.13899735090324175,0.46840978593272176,0.01485656371555213,0.43730886850152906,0.5076452599388379,0.285045871559633,0.0326266732641255,0.22935779816513763,0.3944954128440367,0.12841567451578156,0.029374151682511087,0.07606382978723404,0.23836403578750098,9.0,0.0,9,9,2.6785714285714284,0.0,2.6785714285714284,2.6785714285714284
ecoli,zscore_robust_3.5,none,euclidean,13.155965417847678,0.04152786722928112,13.07292307272135,13.24299144219874,0.25667435430982044,0.004796319319710638,0.2498885734326456,0.27443666020523994,0.4220659912340774,0.018829400118577144,0.39293824043000064,0.47518116452338316,0.6112806602991191,0.009720453604503253,0.5913731728850175,0.6347351535448581,0.8303030303030304,0.013146067856656877,0.796969696969697,0.8545454545454545,0.5826969696969697,0.028720159584773187,0.5303030303030303,0.6454545454545455,0.556168110527778,0.04921927272407146,0.43035117555794244,0.6092876357957506,6.0,0.0,6,6,1.7857142857142854,4.440892098500626e-16,1.7857142857142858,1.7857142857142858
ecoli,zscore_robust_3.5,none,manhattan,13.951923500000003,0.17100601575017768,13.5894,14.58395,0.22445158219484618,0.013410948249814134,0.1947552510838361,0.2636966892741366,0.39289935828635814,0.044366407640716164,0.3335275916630503,0.5363094129556235,0.586296763925226,0.02004300181882769,0.5538011839438989,0.6373521732828719,0.8255151515151516,0.013375827600700935,0.796969696969697,0.8575757575757575,0.5552727272727274,0.042229248847434515,0.49393939393939396,0.6787878787878788,0.5125109003101499,0.04103952761181537,0.4170682287061598,0.6207321452000467,6.0,0.0,6,6,1.7857142857142854,4.440892098500626e-16,1.7857142857142858,1.7857142857142858
ecoli,zscore_robust_3.5,none,cosine,14.07812966249997,0.09358179318126184,13.880331540086662,14.362460444353381,0.4079344046277383,0.012913000663300641,0.36821090564104975,0.42696320487816447,0.3706607424672937,0.0120906354001618,0.32481647317431006,0.3879121972035728,0.5609095546686947,0.014227872176465033,0.5324296577665827,0.5845903058945506,0.8014848484848486,0.01716069462035485,0.7636363636363637,0.8272727272727273,0.5568484848484849,0.015362889229338044,0.4909090909090909,0.5848484848484848,0.4614002764916294,0.033563917685696845,0.39755447461739457,0.503402270162927,6.0,0.0,6,6,1.7857142857142854,4.440892098500626e-16,1.7857142857142858,1.7857142857142858
ecoli,zscore_robust_3.5,none,minkowski,13.216771940520266,0.0437095008936487,13.109627252458534,13.318398536770333,0.2618013879450858,0.0035225906020741357,0.2524686389818394,0.27074838059624684,0.41375787921581825,0.015627419519908592,0.3747517555863872,0.45062207984144353,0.6031811541991201,0.012229796189928636,0.5813519589535252,0.6343955386683969,0.8213333333333334,0.016278792391524455,0.7909090909090909,0.8545454545454545,0.5729393939393937,0.025927266352160378,0.5212121212121212,0.6363636363636364,0.5308531281792894,0.04768183757987602,0.47624364687615023,0.6075779804838195,6.0,0.0,6,6,1.7857142857142854,4.440892098500626e-16,1.7857142857142858,1.7857142857142858
ecoli,zscore_robust_3.5,none,chebyshev,14.056132776309141,0.18848715330648472,13.6100288895616,14.498181242937855,0.25436697926107504,0.010601261458792467,0.20954481739318195,0.27714666537029525,0.39592231315131715,0.029301252827851027,0.32369501412159063,0.4952865390273868,0.5798991897813682,0.017909832174322057,0.5213924841296245,0.6192662862240799,0.8152121212121212,0.014501068641156663,0.7818181818181819,0.8545454545454545,0.5551515151515151,0.03096252066532073,0.47575757575757577,0.6424242424242425,0.5170321399030108,0.04273413553160815,0.44863330372887467,0.6023726649058155,6.0,0.0,6,6,1.7857142857142854,4.440892098500626e-16,1.7857142857142858,1.7857142857142858
ecoli,zscore_robust_3.5,none,correlation,14.412472667745295,0.09137484765704322,14.236965779865752,14.731285278000282,0.42791718126645967,0.008476345799251708,0.4087145566982668,0.44514798423509655,0.3968913052116671,0.028471249556028148,0.3598744155337197,0.4695729634366043,0.5658696951942105,0.010119653606484643,0.5416605565495354,0.5847487525871128,0.8097272727272727,0.00843377485532881,0.7909090909090909,0.8303030303030303,0.5932424242424242,0.030486881672062136,0.5545454545454546,0.6636363636363637,0.4914544172021653,0.006426036488202896,0.47762126470035265,0.5068588210035578,6.0,0.0,6,6,1.7857142857142854,4.440892098500626e-16,1.7857142857142858,1.7857142857142858
ecoli,zscore_robust_3.5,none,hamming,67.233914,1.913254661252391,61.4512,71.01780000000001,0.01713436747923016,0.003193261405747877,0.008430131933839367,0.027417143228378283,-0.0040219177189679935,0.03119142599373348,-0.059230820899641504,0.07287152393077292,0.09441334477279353,0.016505426290211483,0.058453511782140144,0.14309035733330622,0.47006060606060607,0.015648104588953052,0.4393939393939394,0.5212121212121212,0.2926060606060606,0.0348110998415205,0.23030303030303031,0.3696969696969697,0.13090469315587602,0.022949419860685643,0.08889212191750928,0.20606221279604098,6.0,0.0,6,6,1.7857142857142854,4.440892098500626e-16,1.7857142857142858,1.7857142857142858
ecoli,zscore_robust_3.5,minmax,euclidean,16.600721680581884,0.08350480273082161,16.540950334105013,17.272861729880823,0.26348088291896166,0.006932434929967731,0.2526011289048824,0.27386508749091387,0.4347710273532004,0.022599136275005163,0.3918739460164572,0.5404701505911776,0.6125398298042775,0.012840830200926566,0.5885050369192721,0.6721316418549533,0.8193030303030304,0.01747439422776024,0.7878787878787878,0.8575757575757575,0.6033939393939395,0.027337566023144574,0.5424242424242425,0.6787878787878788,0.5746330315422158,0.020667339484735647,0.4936823150568025,0.6043697377317533,6.0,0.0,6,6,1.7857142857142854,4.440892098500626e-16,1.7857142857142858,1.7857142857142858
ecoli,zscore_robust_3.5,minmax,manhattan,18.632463986027304,0.778182807415674,17.216256066922906,20.62065161324775,0.22932948845787446,0.015825414632820205,0.18929808845448132,0.2846415026912478,0.41733087183519907,0.06536828361292116,0.32587629441585825,0.7184473633139377,0.5916215929507911,0.027205501796902117,0.541866678334494,0.654746472276638,0.8118484848484848,0.024431441152834348,0.7666666666666667,0.8696969696969697,0.5651818181818181,0.059256946216719016,0.45454545454545453,0.7757575757575758,0.5217154496374958,0.06213324312648242,0.387954523179457,0.6175224799745582,6.0,0.0,6,6,1.7857142857142854,4.440892098500626e-16,1.7857142857142858,1.7857142857142858
ecoli,zscore_robust_3.5,minmax,cosine,25.566369620860286,0.3952828079094624,24.472557435146904,26.746997429676753,0.38484753644983427,0.014505293989966994,0.3406742522747168,0.41685632556346824,0.2856857156638174,0.013358758642774868,0.24132547750866004,0.31495134600468555,0.4650485080900616,0.014087203392526214,0.43227301542702273,0.5009807415768509,0.7216969696969697,0.016518459496340187,0.6757575757575758,0.7545454545454545,0.5489999999999999,0.021121255597537966,0.47575757575757577,0.5969696969696969,0.5092858180249592,0.0337696686082343,0.42070322936032495,0.5482613913508977,6.0,0.0,6,6,1.7857142857142854,4.440892098500626e-16,1.7857142857142858,1.7857142857142858
ecoli,zscore_robust_3.5,minmax,minkowski,16.64028060282582,0.06020876426373184,16.584829568860386,17.06647326641069,0.264842577857584,0.0033364285213959995,0.25287279071497165,0.27233994509078996,0.42676097197179286,0.015334187990492033,0.3991273630850675,0.5045571675687931,0.6095953847785288,0.01395328837347432,0.5867736882981494,0.639055939599768,0.8182727272727273,0.01773416079595598,0.793939393939394,0.8424242424242424,0.5928484848484848,0.02216276711282544,0.5545454545454546,0.6484848484848484,0.5762129251053137,0.01185470411782138,0.5615036495774726,0.5931345908032162,6.0,0.0,6,6,1.7857142857142854,4.440892098500626e-16,1.7857142857142858,1.7857142857142858
ecoli,zscore_robust_3.5,minmax,chebyshev,17.418507462485042,0.23206427554990516,17.13675412378517,18.13666459726341,0.26121150073507016,0.006170957503254066,0.23451579523053817,0.2798580383873175,0.412349510420106,0.02357821283069672,0.3425680927754303,0.4944066029058317,0.5903368659476829,0.013594903898513568,0.5545189828490628,0.6158944699151543,0.8166666666666668,0.014879374178413236,0.7696969696969697,0.8484848484848485,0.5734848484848485,0.02342710398452887,0.49393939393939396,0.6424242424242425,0.5673267358580905,0.01669575220494741,0.4559604682576779,0.5951592048247242,6.0,0.0,6,6,1.7857142857142854,4.440892098500626e-16,1.7857142857142858,1.7857142857142858
ecoli,zscore_robust_3.5,minmax,correlation,25.315914999639045,0.46207601452313185,24.413783955497472,27.05737380262977,0.39644800626829124,0.014591961690137736,0.3537283102496302,0.42453936526664393,0.290531517149567,0.011268540338190938,0.2509316842807775,0.3136791918172444,0.46807538061824727,0.011881592964105278,0.42823428318241136,0.494119849300432,0.7250000000000001,0.013762881102264814,0.696969696969697,0.7454545454545455,0.5461818181818182,0.013801159105445117,0.49393939393939396,0.5727272727272728,0.515255749113532,0.027533487697911134,0.4303551129078133,0.5377229249054918,6.0,0.0,6,6,1.7857142857142854,4.440892098500626e-16,1.7857142857142858,1.7857142857142858
ecoli,zscore_robust_3.5,minmax,hamming,81.64380423210211,2.2286029635430493,75.4766375503072,86.30502579640414,0.017232163350488054,0.00320839159205032,0.008430131933839367,0.027417143228378283,-0.005446604059004964,0.030215573833507734,-0.059230820899641504,0.07287152393077292,0.09404847378813778,0.016553986491847684,0.058453511782140144,0.14309035733330622,0.4688181818181819,0.015805841000519415,0.43333333333333335,0.5212121212121212,0.2912121212121212,0.03359812185926702,0.23030303030303031,0.3696969696969697,0.1316426416758345,0.02613437556541185,0.0755813953488372,0.228503488694348,6.0,0.0,6,6,1.7857142857142854,4.440892098500626e-16,1.7857142857142858,1.7857142857142858
ecoli,zscore_robust_3.5,standard,euclidean,631.116680096145,95.40252877894626,504.7584126189723,719.425245969309,0.24910221740825667,0.021522478128834902,0.2170443666566138,0.32692177691072166,0.4595305643222782,0.06694230316525952,0.3773641821538641,0.7248296707892243,0.6161449653843981,0.024235003919769946,0.565859520754736,0.6785165655167836,0.816,0.01995900297651025,0.7757575757575758,0.8575757575757575,0.6105454545454545,0.05820466723055506,0.503030303030303,0.806060606060606,0.6024377071017402,0.05295930010828473,0.4906188763862314,0.7047568153321518,6.0,0.0,6,6,1.7857142857142854,4.440892098500626e-16,1.7857142857142858,1.7857142857142858
ecoli,zscore_robust_3.5,standard,manhattan,827.1147397758928,90.70285824412278,556.6621762053887,1140.3553536250108,0.2173709357457645,0.029198583764441177,0.16496008656153005,0.29514229905618544,0.425035457128113,0.07321258222132121,0.32688746546981545,0.6957277235527574,0.5837841267933087,0.026626807549354387,0.5276883701243854,0.6520116925766875,0.8091818181818179,0.023270103229592394,0.7545454545454545,0.8606060606060606,0.5652424242424243,0.06349400382382127,0.4484848484848485,0.7515151515151515,0.5248180249398007,0.05932620072379728,0.38256027582155167,0.610656683326444,6.0,0.0,6,6,1.7857142857142854,4.440892098500626e-16,1.7857142857142858,1.7857142857142858
ecoli,zscore_robust_3.5,standard,cosine,649.6203655391516,99.76950612891913,511.6540070428024,730.8517511504112,0.4472684050990714,0.013519641963073098,0.4244046416954997,0.4985742737342719,0.4204354936827214,0.039802437970749276,0.37957840967190504,0.6283653859924312,0.5805458168255467,0.0119750905247794,0.5651751545688487,0.6081319802079113,0.8043030303030302,0.008454273917655356,0.7818181818181819,0.8181818181818182,0.5873333333333333,0.03657860700406902,0.5515151515151515,0.7484848484848485,0.5610250900286887,0.050468003921552054,0.4951330651614778,0.6694062930776594,6.0,0.0,6,6,1.7857142857142854,4.440892098500626e-16,1.7857142857142858,1.7857142857142858
ecoli,zscore_robust_3.5,standard,minkowski,637.4554644301114,99.07891559463563,505.62768265420004,720.3359468948024,0.25480430676880306,0.019502733951210736,0.2169313771010662,0.3350762273839796,0.4583628944154162,0.06297891940051153,0.37341120756930374,0.7220726914985469,0.6101875514559605,0.0221150530875965,0.5600718242545389,0.6722892106991565,0.812060606060606,0.01986631167985766,0.7575757575757576,0.8575757575757575,0.6105454545454545,0.05419157935258276,0.5333333333333333,0.793939393939394,0.6094316408500435,0.05509138030506228,0.5087810816774925,0.7058139378664743,6.0,0.0,6,6,1.7857142857142854,4.440892098500626e-16,1.7857142857142858,1.7857142857142858
ecoli,zscore_robust_3.5,standard,chebyshev,654.0082171435977,92.71794549604806,514.6546293099905,735.9668939352069,0.24903177282950203,0.01813336204057662,0.20637620703771697,0.3124878750278066,0.4527915339348928,0.056769201374654306,0.33843791016179875,0.6547426690432797,0.593831992744005,0.020996646300468932,0.49483803241593566,0.6460450902442656,0.8060606060606061,0.017323158700553273,0.7636363636363637,0.8515151515151516,0.6129696969696969,0.052769192670848675,0.5212121212121212,0.7848484848484848,0.6073952516039274,0.0530175533425368,0.5441209682793442,0.7025117686908389,6.0,0.0,6,6,1.7857142857142854,4.440892098500626e-16,1.7857142857142858,1.7857142857142858
ecoli,zscore_robust_3.5,standard,correlation,944.8647824699391,19.834993108915032,914.5001671248472,1030.4132758876244,0.42171133953447587,0.008471914352810474,0.38056514297383065,0.4492981809533978,0.33089939235351246,0.013273731909870584,0.30119705922170575,0.36085550952784695,0.49202640784906954,0.009360487405471308,0.4637900962423018,0.5175792400505362,0.7644545454545455,0.01558680777695835,0.703030303030303,0.7909090909090909,0.5689393939393939,0.01797547048137071,0.49696969696969695,0.603030303030303,0.5510564649590555,0.0242775803716575,0.45335555692698554,0.5711177546964554,6.0,0.0,6,6,1.7857142857142854,4.440892098500626e-16,1.7857142857142858,1.7857142857142858
ecoli,zscore_robust_3.5,standard,hamming,2547.155105062031,133.71445477228679,2120.48435891901,2758.378510482299,0.01670605823616561,0.0033718670702589065,0.004805965333011966,0.024555147141321666,-0.006066925499286649,0.03203210691809169,-0.059230820899641504,0.08310411270657567,0.09027397813633228,0.017199814728600087,0.05571412101452632,0.14309035733330622,0.4613636363636364,0.01717609866858336,0.43333333333333335,0.5212121212121212,0.2986363636363636,0.034882394569071086,0.23030303030303031,0.403030303030303,0.15447394568149936,0.03999313914876394,0.0755813953488372,0.2595872665765139,6.0,0.0,6,6,1.7857142857142854,4.440892098500626e-16,1.7857142857142858,1.7857142857142858
ecoli,zscore_robust_3.5,robust,euclidean,227.05418449109587,0.6155705218904614,226.3284132678519,228.87871888575705,0.2398778474826797,0.0055100383613737505,0.22364204841437468,0.24754084976547153,0.39003655313688285,0.016062473754146753,0.34148226720871605,0.44130802840104083,0.5558773530262847,0.007121166412211398,0.5347506852305101,0.5791512665421377,0.7972424242424243,0.010993737260511918,0.7818181818181819,0.8272727272727273,0.5545454545454546,0.013972293191998181,0.5121212121212121,0.5848484848484848,0.4761288236012851,0.00832234588711766,0.4623849518915376,0.49656975710780493,6.0,0.0,6,6,1.7857142857142854,4.440892098500626e-16,1.7857142857142858,1.7857142857142858
ecoli,zscore_robust_3.5,robust,manhattan,242.29706326948278,2.9519656866243,235.33054123313616,252.20319809484317,0.20749128544385034,0.007145667042185873,0.18394002010922522,0.2195554723310352,0.38116191844807107,0.030895025692213,0.33159452033718345,0.4616808797751407,0.5587000108590913,0.014377121526173198,0.5218494028988689,0.5945663504807177,0.8086363636363636,0.016151117170604197,0.7666666666666667,0.8484848484848485,0.5236666666666667,0.02715697658817101,0.4666666666666667,0.603030303030303,0.47619827315584135,0.02851807874593229,0.38940560085908926,0.513389631610663,6.0,0.0,6,6,1.7857142857142854,4.440892098500626e-16,1.7857142857142858,1.7857142857142858
ecoli,zscore_robust_3.5,robust,cosine,247.46774358283434,0.9381033572988413,245.62964753345327,249.72687451867043,0.42474943325920245,0.0075863007949545725,0.40529888079440785,0.4440986141755352,0.3425946576985067,0.01345078342938501,0.3100024289560824,0.36755823915902935,0.5087212755229111,0.009676052178267194,0.486363576241021,0.5381297253254228,0.7901818181818182,0.008593674398615619,0.7727272727272727,0.806060606060606,0.5380606060606061,0.02070972143664591,0.48484848484848486,0.5848484848484848,0.4683834446617302,0.005226984091110477,0.4563076351323272,0.47714407393428515,6.0,0.0,6,6,1.7857142857142854,4.440892098500626e-16,1.7857142857142858,1.7857142857142858
ecoli,zscore_robust_3.5,robust,minkowski,228.380021879159,0.7683704928816951,227.11622312048175,230.28656550644962,0.24348153769416803,0.006614810073370373,0.2262079774590169,0.2540648477246361,0.39028838305854197,0.018137691641850372,0.35420956818454175,0.4430205808429436,0.5488774939023213,0.006779362635203816,0.52630698541154,0.5741865151224459,0.797878787878788,0.011423076863618651,0.7787878787878788,0.8303030303030303,0.5511212121212121,0.013261895400173473,0.5121212121212121,0.5969696969696969,0.4767044642199758,0.008472369770323935,0.46186157251504095,0.49497055172057897,6.0,0.0,6,6,1.7857142857142854,4.440892098500626e-16,1.7857142857142858,1.7857142857142858
ecoli,zscore_robust_3.5,robust,chebyshev,240.9156827324962,1.9304492989736302,235.61615379942066,244.47153300386339,0.2345421566048243,0.008409428103650179,0.21331882908403518,0.24962341291897866,0.3631980352238209,0.017644044426514554,0.32013433759772364,0.3907668752550886,0.5080699810233282,0.008374286362447159,0.4886547236940402,0.537277500982422,0.775030303030303,0.01048957679336724,0.7606060606060606,0.8181818181818182,0.5210000000000001,0.017524769300239874,0.4727272727272727,0.5545454545454546,0.46381932082140453,0.006226748736458922,0.4491326340550764,0.48045622557720125,6.0,0.0,6,6,1.7857142857142854,4.440892098500626e-16,1.7857142857142858,1.7857142857142858
ecoli,zscore_robust_3.5,robust,correlation,265.58440167121387,2.1707954963699168,260.4118428127846,269.31975423320966,0.4278765216631506,0.007818846371575627,0.400219889355608,0.4379706095291775,0.28517133858969024,0.011845727681689911,0.2538935656445292,0.3208314684790599,0.461877519251087,0.011984147428993366,0.4302684101317343,0.4874030240455762,0.7612121212121211,0.010967855194456894,0.7333333333333333,0.7848484848484848,0.5194242424242425,0.01803015024126758,0.4727272727272727,0.5787878787878787,0.4536940333387247,0.014598957635863096,0.37394776369393024,0.46908900156257105,6.0,0.0,6,6,1.7857142857142854,4.440892098500626e-16,1.7857142857142858,1.7857142857142858
ecoli,zscore_robust_3.5,robust,hamming,945.574452123232,24.832241860903494,872.0406385388687,995.4265354234865,0.01699324392172515,0.0031498484327761775,0.008430131933839367,0.024828869065440358,-0.01432882646490108,0.02812699827911659,-0.059230820899641504,0.07287152393077292,0.088738345302887,0.016762357620143303,0.05373914965763246,0.14309035733330622,0.4629090909090909,0.01598392213314661,0.43333333333333335,0.5212121212121212,0.28127272727272723,0.030506528828986034,0.23030303030303031,0.3696969696969697,0.12693415082061713,0.02660709766288688,0.0755813953488372,0.22762527233115468,6.0,0.0,6,6,1.7857142857142854,4.440892098500626e-16,1.7857142857142858,1.7857142857142858
