dataset,outlier_method,norm,metric,inertia_mean,inertia_std,inertia_min,inertia_max,silhouette_mean,silhouette_std,silhouette_min,silhouette_max,ari_mean,ari_std,ari_min,ari_max,nmi_mean,nmi_std,nmi_min,nmi_max,acc_mean,acc_std,acc_min,acc_max,hungarian_acc_mean,hungarian_acc_std,hungarian_acc_min,hungarian_acc_max,macro_f1_mean,macro_f1_std,macro_f1_min,macro_f1_max,removed_count_mean,removed_count_std,removed_count_min,removed_count_max,removed_pct_mean,removed_pct_std,removed_pct_min,removed_pct_max
glass,none,none,euclidean,336.47370756597286,2.0683977765120254,336.0605389372351,357.0436018137302,0.4494282602429239,0.0037141321268796385,0.43563865178307615,0.4519785341078658,0.27043292372355116,0.004383228056823627,0.25521335962038405,0.27388540329969263,0.42533889905190053,0.005818574767325238,0.3815606056436063,0.42771555410943124,0.5884579439252338,0.0032546318036197797,0.5560747663551402,0.5887850467289719,0.5418691588785047,0.0018597896020684486,0.5233644859813084,0.5420560747663551,0.44238418446062205,0.008622376851291382,0.3589283587841627,0.44900129110655423,0.0,0.0,0,0,0.0,0.0,0.0,0.0
glass,none,none,manhattan,409.55366007939404,15.363109198867809,371.98137789739997,441.54529716304995,0.3374472933780032,0.09419356472179798,0.24716615039592585,0.5730880933736072,0.23487154681809091,0.02623286895786312,0.19305354703379954,0.2825837552684992,0.3747151252398961,0.029411029200039768,0.3366656939771626,0.4362259790068278,0.5776635514018691,0.02809790974608028,0.5280373831775701,0.6261682242990654,0.5105140186915889,0.026470013786106465,0.4439252336448598,0.5467289719626168,0.39445255619069136,0.026808707542971984,0.3143790831310498,0.4636144787542303,0.0,0.0,0,0,0.0,0.0,0.0,0.0
glass,none,none,cosine,341.262541679024,5.341799954884262,338.3264261271028,368.43473892283004,0.6335099173858175,0.00857555239708086,0.6021407309417522,0.6558336744376418,0.2783397689517854,0.005830198892175712,0.25402087205685264,0.28291998601389856,0.42931123665070947,0.009777578320472163,0.3888786198248504,0.4363476515181723,0.5850467289719625,0.008816804796314588,0.5467289719626168,0.5934579439252337,0.5391588785046729,0.006764573524933682,0.5186915887850467,0.5467289719626168,0.4391160610599368,0.015253752176782785,0.35399958311167906,0.4484788216607231,0.0,0.0,0,0,0.0,0.0,0.0,0.0
glass,none,none,minkowski,336.4428575354712,0.07350934953247304,336.3396634831133,336.6360480246417,0.4390138372777297,0.0033598359098918366,0.43291314895003086,0.4410749814633897,0.27901439105887327,0.006013928163362016,0.2676921137194687,0.2825437894927245,0.4244231459612004,0.004667102546220334,0.4156389234702413,0.42735067772504576,0.5901869158878505,0.002141390511661633,0.5887850467289719,0.5934579439252337,0.5434579439252337,0.002141390511661633,0.5420560747663551,0.5467289719626168,0.44452169603167396,0.003849715231880353,0.4422158088824755,0.4516125678354365,0.0,0.0,0,0,0.0,0.0,0.0,0.0
glass,none,none,chebyshev,346.3800193936794,4.003304811883508,341.90592513224806,350.49876166827437,0.4347890227914324,0.003530008563602733,0.4276377258178014,0.4387836483599609,0.2714457847348767,0.006024490614979499,0.24863549526314074,0.274747687893389,0.4048151137022223,0.00992517361037071,0.3735956332841436,0.4151326347379897,0.5726635514018692,0.00638581792930673,0.5654205607476636,0.5794392523364486,0.526355140186916,0.006625634345706938,0.5186915887850467,0.5373831775700935,0.42136258046276603,0.009964073142369153,0.409864665322967,0.43758156175055524,0.0,0.0,0,0,0.0,0.0,0.0,0.0
glass,none,none,correlation,345.6313976015849,6.4168095936071445,341.12088230151437,377.2894503268001,0.6449249831116839,0.0126772052990316,0.5925527873137438,0.6601109140099578,0.2737448933184589,0.00595221791537028,0.25022247287145055,0.2772360076550022,0.4203479577091439,0.01082845840038158,0.3634746457966268,0.4342611068324287,0.5740654205607477,0.011975296288541595,0.5233644859813084,0.5981308411214953,0.5285514018691589,0.010362775113084853,0.5046728971962616,0.5560747663551402,0.43194158988586695,0.019164451970949847,0.3308970099667774,0.4551552106430155,0.0,0.0,0,0,0.0,0.0,0.0,0.0
glass,none,none,hamming,1253.9516475867742,61.29151172524543,1066.8522611153,1464.6468088129,0.00888043629199491,0.013571055387386921,-0.032209200763733875,0.045142904831403145,0.13186508615888226,0.027681838046556613,0.05999651530730373,0.19405899800458054,0.20690841063817889,0.022550947849623446,0.15692712428234162,0.2775410400809074,0.46009345794392525,0.019066565844288622,0.4205607476635514,0.514018691588785,0.4098598130841121,0.024094166662285074,0.35514018691588783,0.4766355140186916,0.2494536864600124,0.025313947193016665,0.20171182046137082,0.33705500848357994,0.0,0.0,0,0,0.0,0.0,0.0,0.0
glass,none,minmax,euclidean,18.38996237072306,0.14633570961954095,18.241181669726682,19.10128168561374,0.3791795338836254,0.003908746085462621,0.3580995974794136,0.382128800204738,0.17172033758156025,0.004499165229111965,0.16177387612581468,0.18091940112158744,0.3344785525962788,0.006487798233475979,0.31685940225544845,0.34875892378269674,0.5489252336448598,0.003268022651384263,0.5420560747663551,0.5560747663551402,0.43528037383177576,0.0025912468472919204,0.42990654205607476,0.4532710280373832,0.36238814545179565,0.009164703439135275,0.34573445813979536,0.4029556734495627,0.0,0.0,0,0,0.0,0.0,0.0,0.0
glass,none,minmax,manhattan,20.901245636395355,0.37552887615851105,20.497851063399636,22.145132280438215,0.3448422613635085,0.010750980513214645,0.2914942976487697,0.3559812468672146,0.1698935140922778,0.007847353941701957,0.14631250974663523,0.19684340744846843,0.33511220704132383,0.012974251708353993,0.29715122566122015,0.3616890302234184,0.5488785046728971,0.010182627923739192,0.5186915887850467,0.5654205607476636,0.44172897196261685,0.01377442961962379,0.3925233644859813,0.5,0.3636873561359578,0.03043726885161972,0.2968501608780252,0.42213304204660584,0.0,0.0,0,0,0.0,0.0,0.0,0.0
glass,none,minmax,cosine,18.321936292331046,0.06337230853164093,18.241181669726682,18.597701846260577,0.5431718142516505,0.0026035934550518516,0.5332983406589598,0.5505148997011707,0.1704409344625821,0.003966943512613831,0.1598830949899453,0.1769143574249308,0.33309828899954014,0.005894048165758439,0.31202608741432364,0.3446403434353179,0.5492990654205608,0.0026741876500606344,0.5420560747663551,0.5514018691588785,0.4340654205607477,0.0018568520080659372,0.42990654205607476,0.4392523364485981,0.3637597030770945,0.004257079090361316,0.3437508303756145,0.3684004531678708,0.0,0.0,0,0,0.0,0.0,0.0,0.0
glass,none,minmax,minkowski,18.563200282893877,0.16070866463692138,18.260705333622,19.396767166606338,0.37217398680306796,0.006325426050135598,0.3514889937942146,0.39783632964043486,0.17364603636600118,0.0067487519205392,0.15135167200023103,0.19372519732178786,0.3344519288927313,0.010554252437638521,0.3093013195434373,0.36914463188402286,0.5458411214953272,0.00704647487084935,0.5093457943925234,0.5607476635514018,0.4364485981308411,0.010676317438126975,0.3925233644859813,0.5093457943925234,0.3536711908629801,0.011373874341571995,0.29764193892672364,0.3754934323350369,0.0,0.0,0,0,0.0,0.0,0.0,0.0
glass,none,minmax,chebyshev,19.96819418057217,0.4357506748987512,19.54899936173656,21.23017463447895,0.31099386333546386,0.02897112689685277,0.2864785615555919,0.4173646328266182,0.16109300157669412,0.016561184381247367,0.11632901493727514,0.20687409868541204,0.3138044005258114,0.023503772268989368,0.25007412029980824,0.3749081217769548,0.5188785046728972,0.011558598006534812,0.5,0.5560747663551402,0.42943925233644864,0.01775085973198372,0.3644859813084112,0.49065420560747663,0.35369448953508953,0.014413952704844009,0.2843904384915155,0.40527053591569717,0.0,0.0,0,0,0.0,0.0,0.0,0.0
glass,none,minmax,correlation,18.323272585035074,0.07668418792332866,18.249256279721145,18.86643708958909,0.5437773492983329,0.0019770792288551545,0.5395238707705086,0.5476164982921033,0.17223175543360006,0.004319001300199196,0.1624358254908017,0.18299734180651048,0.33380855281484656,0.004815317134794384,0.31680266633289483,0.3453952029427719,0.5498598130841121,0.0035621455788595944,0.5280373831775701,0.5607476635514018,0.44084112149532717,0.006969356331776508,0.43457943925233644,0.5,0.36616373514939937,0.002604937847861975,0.3609765182668812,0.38002909341434665,0.0,0.0,0,0,0.0,0.0,0.0,0.0
glass,none,minmax,hamming,53.032896945408936,3.225149175495914,39.92815472176878,59.50535911229053,0.007972545550178246,0.012949034454285755,-0.050908583768001364,0.038132957742065696,0.14000805769799388,0.03769445082314907,0.06449461993536058,0.2178085440789088,0.22974707804825376,0.044295152207571714,0.16104609037343645,0.32641219527674475,0.4661682242990654,0.025121940360989078,0.40654205607476634,0.5373831775700935,0.4168224299065421,0.033599398153733744,0.35046728971962615,0.5280373831775701,0.26421379914733734,0.042458806578984244,0.20171182046137082,0.45602759622367467,0.0,0.0,0,0,0.0,0.0,0.0,0.0
glass,none,standard,euclidean,767.6932512933439,1.6583636224900473,766.4109044682466,772.7533820088945,0.3241878552330182,0.0034551348429836364,0.31756474850825467,0.3343445859699528,0.16756546795828076,0.008393160184769854,0.13978298372463585,0.18160619271821318,0.30987523037798087,0.012217123935674246,0.2712237213459927,0.3293915878353765,0.5478504672897196,0.008770120547161218,0.5233644859813084,0.5654205607476636,0.4547663551401869,0.012165338388989144,0.4205607476635514,0.4719626168224299,0.35666444954703524,0.005313421576141894,0.34502577093600256,0.36656036010709797,0.0,0.0,0,0,0.0,0.0,0.0,0.0
glass,none,standard,manhattan,879.1318822443228,39.66877028667942,828.2711901295379,999.5002882916181,0.3095918271067626,0.029813273699073668,0.20785473226082998,0.42111117282901567,0.17632308033975166,0.029234944747635456,0.11478202400401316,0.28671356619495186,0.32380225155721937,0.03198501588025799,0.25029658752410966,0.42769193421132745,0.5469158878504673,0.019989079034209243,0.5093457943925234,0.6682242990654206,0.44574766355140194,0.028751763437698225,0.37850467289719625,0.5514018691588785,0.3616503360029891,0.024375291489984855,0.2988944046625372,0.4285714285714286,0.0,0.0,0,0,0.0,0.0,0.0,0.0
glass,none,standard,cosine,865.6197795985781,6.094936669442992,847.8898710671941,878.2978373444413,0.526311224974503,0.0016467532397523978,0.5209250372762989,0.5306005409458868,0.20137869913299908,0.003038453032012365,0.19288029981530364,0.20627336792488254,0.35835965720978985,0.0060590229386439706,0.3392141000348048,0.3637794893080205,0.5635514018691589,0.0034338641253969866,0.5560747663551402,0.5700934579439252,0.4484112149532711,0.003614781234731536,0.4392523364485981,0.45794392523364486,0.35427709331912893,0.017496070751948287,0.3121256850070409,0.3702991686554566,0.0,0.0,0,0,0.0,0.0,0.0,0.0
glass,none,standard,minkowski,770.0952484767981,2.009127513685376,767.6084947447162,775.0746757589291,0.3325958612812158,0.004054343253667659,0.32281375029094533,0.3429752045647914,0.1677920269340396,0.006606540386642556,0.1427000386938753,0.18145856421622952,0.313960651073474,0.008194481269049857,0.2815115471932394,0.33275798793278377,0.5478504672897198,0.006512617342124989,0.5373831775700935,0.5654205607476636,0.4473364485981309,0.011231588130254747,0.4205607476635514,0.48130841121495327,0.3570515585683354,0.0048860742467800615,0.34621885746917475,0.36868096166341774,0.0,0.0,0,0,0.0,0.0,0.0,0.0
glass,none,standard,chebyshev,827.5896513568607,5.47091519308162,818.5301126312875,851.6119460906555,0.3097148539103822,0.004688262758784819,0.29645378046977866,0.3313163278178842,0.1791328399857196,0.007051214765535088,0.15976253709538063,0.18954055060238503,0.3072250480768141,0.009225537973795172,0.28181023936461236,0.32147042719608426,0.5479439252336449,0.0048840159366182806,0.5280373831775701,0.5607476635514018,0.4435981308411215,0.007881973937108195,0.42990654205607476,0.46261682242990654,0.3600612339812343,0.003313555594830561,0.348745120629508,0.3667556262466503,0.0,0.0,0,0,0.0,0.0,0.0,0.0
glass,none,standard,correlation,873.3297527862653,7.495342159368297,861.4026173521293,887.4833529398547,0.5158521042931506,0.003218553302341456,0.5104841563115031,0.5215217678229259,0.197405777487366,0.0027297466999947613,0.1925110234983952,0.20109603372140997,0.3507580426544951,0.004558702543775534,0.33928775289740176,0.3618723933700369,0.5582242990654206,0.005221113167649891,0.5514018691588785,0.5654205607476636,0.4454672897196263,0.004721938917012207,0.43457943925233644,0.4532710280373832,0.3540767962388279,0.01858054737131891,0.3121850100654277,0.3685661181377216,0.0,0.0,0,0,0.0,0.0,0.0,0.0
glass,none,standard,hamming,2212.3415756281834,119.19328760833,1756.0882274502835,2555.4670952790148,0.004239880977484359,0.011536341994062425,-0.023762979780302652,0.03243821165833278,0.12567915566044296,0.03924172631572985,0.05959364590414773,0.2178085440789088,0.21292315492092423,0.04721056309162182,0.1423622019784065,0.31241842514910984,0.45598130841121487,0.026086153009027155,0.40186915887850466,0.514018691588785,0.40803738317757005,0.03385758296947516,0.34579439252336447,0.4766355140186916,0.25489125039915844,0.039076822581576826,0.18974646349261085,0.3739284007917549,0.0,0.0,0,0,0.0,0.0,0.0,0.0
glass,none,robust,euclidean,807.2021546870631,4.624883988001915,802.2070021740346,818.4916241612766,0.32214410919744635,0.006442159585636366,0.3159974299842215,0.3617612702213991,0.1671831588385178,0.013335877489987238,0.14828140155425723,0.2547471723945961,0.30788853523064863,0.01606496364755281,0.2747572034164049,0.4006038466118753,0.5343457943925233,0.01219214310808388,0.514018691588785,0.5841121495327103,0.43598130841121496,0.018248246906323956,0.4158878504672897,0.5420560747663551,0.3463207598704743,0.015691373744706853,0.3316442650405806,0.444577079097142,0.0,0.0,0,0,0.0,0.0,0.0,0.0
glass,none,robust,manhattan,928.5002730036213,64.28568719659904,860.6449457734155,1123.1088097303602,0.3004604555447596,0.03901022039816646,0.20686495111311007,0.44989039016903865,0.17718502199354622,0.030228128428939485,0.12713513869129037,0.2689822263464601,0.3188080375168716,0.02815660626692201,0.24519524748349572,0.43885562886129387,0.5480373831775701,0.0312286611571193,0.48130841121495327,0.6542056074766355,0.44677570093457936,0.037927664440784443,0.3878504672897196,0.5654205607476636,0.3534276904308829,0.02344471330336234,0.3146022948121899,0.43456229371160554,0.0,0.0,0,0,0.0,0.0,0.0,0.0
glass,none,robust,cosine,1139.6785887353687,31.213677744494632,1061.3513913184734,1180.265469078781,0.4249279775969245,0.02360177086580544,0.3719607936135889,0.45844240930332997,0.15635568552905674,0.023176086216157053,0.1158948712676207,0.20924618045953502,0.2935350614586016,0.021738024799270634,0.24767697949117456,0.34292767555838294,0.5653738317757009,0.019687210368013474,0.5327102803738317,0.6074766355140186,0.41154205607476635,0.035007797691445415,0.3691588785046729,0.49065420560747663,0.34185494863913546,0.026193350258390112,0.31592699487241477,0.38774923566845226,0.0,0.0,0,0,0.0,0.0,0.0,0.0
glass,none,robust,minkowski,805.2623159659679,1.436479907643153,803.3016065225763,807.8730006223345,0.3355799173525075,0.002938373542488538,0.3299533772240181,0.34040921253529044,0.16495617276264585,0.004731719778522915,0.15147890483469728,0.17392638959696075,0.3030368342149538,0.01006727724614636,0.2737546486405817,0.32193513592057044,0.5250467289719627,0.010375936470842341,0.5093457943925234,0.5514018691588785,0.4363084112149533,0.006044316206722458,0.4205607476635514,0.4532710280373832,0.34147803421803097,0.0052576480668035585,0.33167827568550595,0.3528702232528402,0.0,0.0,0,0,0.0,0.0,0.0,0.0
glass,none,robust,chebyshev,817.018252744909,2.613324215508036,815.4277705634079,826.2194997189192,0.34017895134998777,0.006321223982827525,0.28633012095615157,0.3501205617743052,0.180535252135693,0.006607399040523632,0.17325989426359442,0.2384601289185996,0.3212875973478889,0.008137960487821833,0.3039017352130792,0.3841183434774092,0.5522429906542056,0.005384183447040781,0.5420560747663551,0.5747663551401869,0.45172897196261674,0.009623332310690921,0.43457943925233644,0.5327102803738317,0.35168270858398365,0.008393084603999392,0.34282109014306195,0.42995182024230205,0.0,0.0,0,0,0.0,0.0,0.0,0.0
glass,none,robust,correlation,1160.8397797773644,42.62440079450975,1072.764256721996,1202.3250140763046,0.4222695849552246,0.02782148328627043,0.37291459899752244,0.4601404544190926,0.16240129034173997,0.0346861828007785,0.10657572335178583,0.21718936120965351,0.2924711555413018,0.03153153542531799,0.23528968334070768,0.3542005820655565,0.5764953271028037,0.024758903834119307,0.5186915887850467,0.6121495327102804,0.41700934579439247,0.05207763106759004,0.35046728971962615,0.4953271028037383,0.35188620970376905,0.023924188859266293,0.32216026451047075,0.3938722984775616,0.0,0.0,0,0,0.0,0.0,0.0,0.0
glass,none,robust,hamming,2679.8916851502076,116.46848076001186,2215.4858537610394,3038.848588061162,0.005473353611953866,0.013597691373847191,-0.03368515176146513,0.03243821165833278,0.11007250308804296,0.031110107646617112,0.04562085583880243,0.20393171399336318,0.19299760021860057,0.03312785708461547,0.13990358995408195,0.3001858248577691,0.4476168224299065,0.02249110615071233,0.40186915887850466,0.5093457943925234,0.39331775700934574,0.028006642025676192,0.3364485981308411,0.4766355140186916,0.24171704031029254,0.03034981159699592,0.18974646349261085,0.3739284007917549,0.0,0.0,0,0,0.0,0.0,0.0,0.0
glass,zscore,none,euclidean,156.54904468447822,0.11923721758551221,155.69998899054252,156.5668063433555,0.30544141184485013,0.036475923267009616,0.2979964979243028,0.487422402528782,0.2012485563769008,0.013274879746572616,0.19853919660110383,0.26777649549023547,0.38538565035217887,0.015411553719596401,0.382249873363568,0.467504191385276,0.5579381443298967,0.006104276842510293,0.5567010309278351,0.5927835051546392,0.4882474226804125,0.018196387364686716,0.4845360824742268,0.5824742268041238,0.45252595831519055,0.019472160388456252,0.4485655130088196,0.557284761794579,20.0,0.0,20,20,9.345794392523361,3.552713678800501e-15,9.345794392523365,9.345794392523365
glass,zscore,none,manhattan,170.56430705217446,1.6427159998562602,164.83999248579997,177.7668696369,0.31649473428340613,0.07303501383748312,0.2760946072821442,0.4979719327273165,0.2239925714682172,0.02777558770269251,0.18991604512608024,0.2760541045850232,0.40307294149787637,0.03059021065020062,0.3635746324887459,0.46260963620855344,0.5979381443298969,0.03395808060206311,0.5515463917525774,0.6804123711340206,0.5230927835051545,0.03977751923187136,0.4587628865979381,0.5979381443298969,0.5268645188598197,0.05993048174019133,0.42946432679351937,0.6039904264333261,20.0,0.0,20,20,9.345794392523361,3.552713678800501e-15,9.345794392523365,9.345794392523365
glass,zscore,none,cosine,159.60889061802922,0.2042135710216189,158.6114125978438,160.6987328646975,0.45281899888531624,0.053158551066915104,0.44062317563403997,0.6949282603658357,0.1960249064937787,0.017805113485630276,0.1918860594046569,0.28317797574764436,0.3791195815929494,0.01722473825586977,0.3743060911261727,0.4794871981429367,0.5481958762886597,0.00796470986616621,0.5412371134020618,0.5979381443298969,0.47907216494845356,0.02066772488054014,0.4690721649484536,0.5824742268041238,0.45082541271450793,0.016376340246914024,0.4447831978319783,0.5371355925479636,20.0,0.0,20,20,9.345794392523361,3.552713678800501e-15,9.345794392523365,9.345794392523365
glass,zscore,none,minkowski,156.59298072816316,0.13588526933872636,155.69998899054252,157.0656292075995,0.3050543260258972,0.030532759581971134,0.299039526425645,0.47897430386331447,0.20430997636516232,0.010983147900054458,0.20180247081423042,0.2659354011725195,0.3862753520857352,0.011874317356583852,0.38377688176221936,0.4552788312850379,0.5630412371134019,0.004365039030173116,0.5618556701030928,0.5876288659793815,0.49273195876288656,0.014672080776054749,0.4896907216494845,0.5773195876288659,0.4533561251612292,0.014513523745855949,0.4505374255374255,0.5411073674042104,20.0,0.0,20,20,9.345794392523361,3.552713678800501e-15,9.345794392523365,9.345794392523365
glass,zscore,none,chebyshev,159.18086624775256,0.86089420998017,158.59431932925995,162.6468606919022,0.4052244072497018,0.05057256805332227,0.2866426256916627,0.45893929125478394,0.26167892754181293,0.018183871522798427,0.2021197956706458,0.2786727483104718,0.41359531375285064,0.02027502277671437,0.3621082750079194,0.4520771245408878,0.5810309278350515,0.007854019362779761,0.5463917525773195,0.5876288659793815,0.5523711340206185,0.026047203241116423,0.4690721649484536,0.5721649484536082,0.4763879164697187,0.0333587952246663,0.43108037629374524,0.5235739845832049,20.0,0.0,20,20,9.345794392523361,3.552713678800501e-15,9.345794392523365,9.345794392523365
glass,zscore,none,correlation,161.50024966742194,0.4087175429205835,160.17059978270441,162.5261179443042,0.49589186839340627,0.09589514608295069,0.4444584263380197,0.7110967293635834,0.20896418514417905,0.030249747647415025,0.19410120811966897,0.2796961846938075,0.38922775676320287,0.02934592565414582,0.37152006660163944,0.47374631696032105,0.5608247422680411,0.008150200155073138,0.5515463917525774,0.5876288659793815,0.5003092783505154,0.028928687409829127,0.4845360824742268,0.5721649484536082,0.4605051337470634,0.02412551421501944,0.4328844712237471,0.5482911774520117,20.0,0.0,20,20,9.345794392523361,3.552713678800501e-15,9.345794392523365,9.345794392523365
glass,zscore,none,hamming,619.3569584057553,29.979362777447953,561.3780028914002,711.8978418950003,0.010123694750152961,0.011721259908035828,-0.02222699935071599,0.05196520798881003,0.1561752922931333,0.02664494109178513,0.08095291143653612,0.23154673427596276,0.24769975463454322,0.03201923372116958,0.19925474506366406,0.34959279143666333,0.4923711340206185,0.019334776016528096,0.4536082474226804,0.5360824742268041,0.43293814432989686,0.025654313448050147,0.37628865979381443,0.5051546391752577,0.2848483775351611,0.0453906631927843,0.21266233766233766,0.41317547055251974,20.0,0.0,20,20,9.345794392523361,3.552713678800501e-15,9.345794392523365,9.345794392523365
glass,zscore,minmax,euclidean,18.56990797609144,0.09060729906830459,18.545886064346206,19.36989571339366,0.4177310426837152,0.002808216397284853,0.40311473208031623,0.42937789209351795,0.20275130982851208,0.0020405282083603184,0.18538183637230501,0.2071064865889185,0.39900711958541973,0.0059581237497996695,0.3794185705076171,0.42985410301808,0.5715979381443299,0.0022930903525293965,0.5618556701030928,0.5721649484536082,0.4672164948453608,0.0047534605704736095,0.42783505154639173,0.4690721649484536,0.4481628919876613,0.005021055161231051,0.421937929400616,0.4496296296296296,20.0,0.0,20,20,9.345794392523361,3.552713678800501e-15,9.345794392523365,9.345794392523365
glass,zscore,minmax,manhattan,21.109215682580956,0.4529160505079484,20.246163991332498,22.054608005754496,0.3743569621674847,0.017327830524119008,0.33881344925713663,0.39938429049952456,0.187166272646817,0.016946380009600807,0.15962024431957186,0.21815242065765356,0.37710246585311297,0.02845108898971521,0.32791354098108355,0.43431807598442534,0.5687113402061855,0.008989046368659956,0.5463917525773195,0.5824742268041238,0.4515463917525773,0.016087099519924982,0.42783505154639173,0.4896907216494845,0.43687655282413546,0.014663965257522666,0.4084200784340822,0.5631922728434356,20.0,0.0,20,20,9.345794392523361,3.552713678800501e-15,9.345794392523365,9.345794392523365
glass,zscore,minmax,cosine,18.776852583102187,0.15575213346229894,18.570536449091563,19.437466141152427,0.5954744447190498,0.00421958639699207,0.5662668608489348,0.6025586421134588,0.20510820530822652,0.004063919462691425,0.19278757670919752,0.2169914572683516,0.3950517179334854,0.008872962764381565,0.3776065838816458,0.42970938004904513,0.5704123711340204,0.004264354202050796,0.5567010309278351,0.5773195876288659,0.4651030927835052,0.004303737867760138,0.4329896907216495,0.4690721649484536,0.4455316016750598,0.007171240032745339,0.4172544558160582,0.45578643753045495,20.0,0.0,20,20,9.345794392523361,3.552713678800501e-15,9.345794392523365,9.345794392523365
glass,zscore,minmax,minkowski,18.935336516408594,0.37110473323594695,18.645802575673056,19.866441364199538,0.40918087395852887,0.009152393290293935,0.3731030498874497,0.42439157054710686,0.19630277236404048,0.00959415100918402,0.1651004631834641,0.20688597984539592,0.3788883535883905,0.015267977616293393,0.33218804247049954,0.4101267644250833,0.566340206185567,0.005951543802378425,0.5515463917525774,0.5721649484536082,0.45809278350515453,0.015898615309306703,0.41237113402061853,0.4690721649484536,0.43953019379339464,0.010043544900987033,0.40449494949494946,0.44619008780499464,20.0,0.0,20,20,9.345794392523361,3.552713678800501e-15,9.345794392523365,9.345794392523365
glass,zscore,minmax,chebyshev,20.776428920447096,0.24452372264993338,20.372131034703017,21.576428527891927,0.35894535903331976,0.0166942452754858,0.23251607366989074,0.36814538762814003,0.1610244801051053,0.008512873096715976,0.14430543801365986,0.17924374410364716,0.3171808045548739,0.013378811668696082,0.30048382911905874,0.34280082872771306,0.5391237113402062,0.007219991788961442,0.5257731958762887,0.5618556701030928,0.4314432989690722,0.016647170373149632,0.41237113402061853,0.4639175257731959,0.4144990423571928,0.009959923544029017,0.39410471659410834,0.4325568844905861,20.0,0.0,20,20,9.345794392523361,3.552713678800501e-15,9.345794392523365,9.345794392523365
glass,zscore,minmax,correlation,19.275779230052443,0.1456801358907806,19.09532839189663,19.689016915824848,0.5944581249504548,0.007927473147822587,0.5505380217430006,0.6001225400832577,0.20387398171116344,0.0037458973939957685,0.18483253107706268,0.2115593208527908,0.3875262126654097,0.004392330227618127,0.3615736085405871,0.3937061047367893,0.5752061855670101,0.0035032590386693298,0.5670103092783505,0.5824742268041238,0.48695876288659784,0.0036778991679078743,0.4639175257731959,0.4948453608247423,0.4530388307755349,0.0030098420548413385,0.4452223362810745,0.4596853843090402,20.0,0.0,20,20,9.345794392523361,3.552713678800501e-15,9.345794392523365,9.345794392523365
glass,zscore,minmax,hamming,65.58720838822775,4.2914342122929225,50.376414038742475,75.46583390829142,0.00831475738305112,0.011842257569643586,-0.02399343347005061,0.04782849859755803,0.15817625390631632,0.03887485902207631,0.0704966675539967,0.24062604122682055,0.26120183922674156,0.045135804360536484,0.18784404875802196,0.3682035503037057,0.492422680412371,0.021605933121521332,0.4329896907216495,0.5515463917525774,0.4361855670103093,0.03490554797164436,0.33505154639175255,0.5154639175257731,0.31068913888831146,0.0600602868381003,0.20253279059249207,0.47672380400907216,20.0,0.0,20,20,9.345794392523361,3.552713678800501e-15,9.345794392523365,9.345794392523365
glass,zscore,standard,euclidean,579.7902629544667,0.7048933963978404,578.6363790508482,581.4487446024368,0.35326067997402893,0.0010877809879068629,0.3521832776281981,0.35963110465915477,0.20889672295507428,0.0026502112030505564,0.2040683058154171,0.2151991590673781,0.40226781255800076,0.009430548144515787,0.39222377660684765,0.4243016989037097,0.5775257731958762,0.005499785017875955,0.5618556701030928,0.5824742268041238,0.479639175257732,0.00451582872884929,0.4690721649484536,0.4845360824742268,0.44973114549870435,0.011115809761518332,0.4226090044230916,0.4637190152900896,20.0,0.0,20,20,9.345794392523361,3.552713678800501e-15,9.345794392523365,9.345794392523365
glass,zscore,standard,manhattan,645.9752422769689,16.90085308274784,620.3003038868583,665.3583203639482,0.3127574664349441,0.02665902565299252,0.2492588016721772,0.3448170375333338,0.19037744713303525,0.028834176055779176,0.14557914220642112,0.2722694176353866,0.3691597536269785,0.028776388238694963,0.31787289767784555,0.43910099200032876,0.577422680412371,0.03951278900900928,0.5515463917525774,0.7010309278350515,0.45881443298969077,0.029099707286899448,0.41237113402061853,0.5309278350515464,0.44319665891650833,0.02815072961141995,0.40859410743859464,0.611579612267421,20.0,0.0,20,20,9.345794392523361,3.552713678800501e-15,9.345794392523365,9.345794392523365
glass,zscore,standard,cosine,629.3579831484412,0.9978463355983295,628.5621949339197,633.5456003728964,0.5206392285694462,0.002397533198205529,0.5104590183301948,0.522483402018745,0.17528465997832834,0.0024958165014440843,0.17034452858768284,0.18891462136891699,0.3450768574059439,0.002581793185352882,0.33785790031315127,0.35865561124977247,0.5672680412371133,0.0011234275627682111,0.5670103092783505,0.5721649484536082,0.4238144329896906,0.005385549643962449,0.4175257731958763,0.4381443298969072,0.4442948438029111,0.0003877349217254948,0.44421890203763215,0.44684357395364266,20.0,0.0,20,20,9.345794392523361,3.552713678800501e-15,9.345794392523365,9.345794392523365
glass,zscore,standard,minkowski,583.0008169959029,7.663474024873416,579.6925867200296,611.7631531571283,0.35823005846324285,0.010765020382688588,0.29720079087329404,0.3691312119995105,0.2061640953428612,0.009183061042353018,0.16390088167519867,0.21789560582451134,0.402187953860594,0.02053161784290628,0.34126061317821704,0.42687292817223604,0.5745360824742266,0.005619266010272831,0.5567010309278351,0.5824742268041238,0.4767525773195876,0.006291827831391999,0.4381443298969072,0.4845360824742268,0.44840870870996824,0.013626665889691877,0.42719731293346364,0.46592623092616653,20.0,0.0,20,20,9.345794392523361,3.552713678800501e-15,9.345794392523365,9.345794392523365
glass,zscore,standard,chebyshev,645.7719365379053,13.44160199295807,617.4844603324962,672.1598057224917,0.3288183137337816,0.03256424855471994,0.22204938905136898,0.3603787921881402,0.1823640766271996,0.01444945625488079,0.1473362278484401,0.20840727252360738,0.34449342718909426,0.01891380440976483,0.2999675299615359,0.39179109818939883,0.5579381443298967,0.012607703708214797,0.5257731958762887,0.5876288659793815,0.4505670103092784,0.018700687092623368,0.41237113402061853,0.5051546391752577,0.43628572410974775,0.0290984680834908,0.38870926167576886,0.5662685204447219,20.0,0.0,20,20,9.345794392523361,3.552713678800501e-15,9.345794392523365,9.345794392523365
glass,zscore,standard,correlation,629.0461272906633,1.2869661793851457,627.7962417189303,632.560990374186,0.5172312572150838,0.0021288534315004643,0.5148714181354341,0.5217171976544657,0.17224974414439942,0.0016769397634078097,0.16782415800297557,0.17550123097077716,0.3416471139210831,0.0024834764508982372,0.33451713953143786,0.34639353206328866,0.567422680412371,0.0013984185532216996,0.5670103092783505,0.5721649484536082,0.42381443298969074,0.003964718458356565,0.4175257731958763,0.42783505154639173,0.4521805287940242,0.0032610187723865793,0.44421890203763215,0.456068654753834,20.0,0.0,20,20,9.345794392523361,3.552713678800501e-15,9.345794392523365,9.345794392523365
glass,zscore,standard,hamming,1960.604065059756,118.52706654458483,1667.7033746052684,2276.4091351035404,0.006625466441627033,0.009151594562837205,-0.017595158880442267,0.030943046582160856,0.16079518396882586,0.03378240881840173,0.0704966675539967,0.24062604122682055,0.2553199742683717,0.04472626862359181,0.17891169941655832,0.3682035503037057,0.4887113402061855,0.026057147150677383,0.4329896907216495,0.5515463917525774,0.43345360824742263,0.03493837856175647,0.33505154639175255,0.5154639175257731,0.2977292822252883,0.06089966733691005,0.19423480083857445,0.41317547055251974,20.0,0.0,20,20,9.345794392523361,3.552713678800501e-15,9.345794392523365,9.345794392523365
glass,zscore,robust,euclidean,477.28165207507175,0.9911078279456639,476.59347133866754,480.0928341999813,0.363587409035886,0.01629580725440243,0.3241799622158307,0.37143815488392357,0.18850950257178298,0.0035999169913995687,0.18337632578347157,0.19484721751653852,0.37172911048205587,0.005346258223382122,0.3565239595242628,0.37831560671902603,0.5690206185567009,0.01025488226489051,0.5618556701030928,0.5927835051546392,0.4677835051546392,0.003448218598005053,0.4639175257731959,0.4742268041237113,0.44630668590459804,0.006842503311006653,0.4395008504286855,0.4616153670526624,20.0,0.0,20,20,9.345794392523361,3.552713678800501e-15,9.345794392523365,9.345794392523365
glass,zscore,robust,manhattan,516.3298664198312,3.5233341590414655,511.5848186743909,522.6423510283441,0.33337392947750416,0.023361932994886796,0.2735454851054153,0.3523348347202898,0.1980586352669941,0.02502375092328535,0.17464115878615885,0.27540635575143413,0.3847551572068912,0.023826027681123022,0.33886424657295955,0.4351658863751835,0.5856701030927833,0.04217225757737032,0.5567010309278351,0.7061855670103093,0.4804639175257732,0.02161626071216084,0.44329896907216493,0.5309278350515464,0.4829738072637449,0.04637822267470389,0.43631719493788457,0.5575031667626245,20.0,0.0,20,20,9.345794392523361,3.552713678800501e-15,9.345794392523365,9.345794392523365
glass,zscore,robust,cosine,628.7537582130313,0.9425615511830719,627.0211496112332,630.0156509225777,0.4609617736664194,0.02844929332242226,0.44077928271603795,0.5018834875783165,0.16383884577444882,0.015341242288418181,0.1528511462304973,0.18876755428677924,0.3205772357856585,0.013437970489492664,0.31104044170533957,0.3412648578338749,0.5761855670103092,0.03340253913366532,0.5515463917525774,0.6237113402061856,0.40953608247422685,0.010846198666237525,0.4020618556701031,0.4329896907216495,0.42181869736183814,0.016017451962270727,0.4100708659532189,0.44461613147674534,20.0,0.0,20,20,9.345794392523361,3.552713678800501e-15,9.345794392523365,9.345794392523365
glass,zscore,robust,minkowski,478.64198193553557,1.5450764312693157,476.59347133866754,481.89263158878754,0.3747826441448735,0.022481007432175373,0.3267449145185716,0.3888243158069514,0.1840056409159145,0.003763636455303735,0.17827403933263503,0.1944670139253752,0.3677803072471042,0.009232111445003318,0.3432806155209571,0.38353729742963966,0.5647422680412368,0.007117136327461093,0.5567010309278351,0.5824742268041238,0.4640721649484537,0.005178039667948517,0.4536082474226804,0.4845360824742268,0.44831996817690273,0.01712842754368163,0.43797270955165696,0.5276484808689288,20.0,0.0,20,20,9.345794392523361,3.552713678800501e-15,9.345794392523365,9.345794392523365
glass,zscore,robust,chebyshev,496.83211342591443,3.91041365665573,485.0704902561893,502.96682975682256,0.32997466736571796,0.05273519875022453,0.24942217492308008,0.39826773447636765,0.1832209105193941,0.02379870376253258,0.15294178377017684,0.23887018380503566,0.3585925921198254,0.02359428800897244,0.30901206546573445,0.3976963846682823,0.5922680412371133,0.036728386654275386,0.5463917525773195,0.6804123711340206,0.46072164948453603,0.026108947080518412,0.422680412371134,0.5,0.4709708268539076,0.02573302514858622,0.4085856369984316,0.5350963700148482,20.0,0.0,20,20,9.345794392523361,3.552713678800501e-15,9.345794392523365,9.345794392523365
glass,zscore,robust,correlation,634.4885458294153,6.246071508327142,615.3381762363464,652.1309150276479,0.4807949175657158,0.0210228470394383,0.43407907798110273,0.4974881654041652,0.17952600441684716,0.009747619127724016,0.158674686850986,0.19560367370248363,0.33545631220858496,0.007523400695848885,0.3155801687592936,0.34406371284128656,0.6054123711340206,0.024563086153879605,0.5515463917525774,0.6237113402061856,0.4237628865979381,0.007586080915611144,0.4072164948453608,0.44329896907216493,0.4357532479692794,0.012255565301647215,0.40724587911629756,0.44461613147674534,20.0,0.0,20,20,9.345794392523361,3.552713678800501e-15,9.345794392523365,9.345794392523365
glass,zscore,robust,hamming,1823.4908733027353,97.90339067402522,1521.367670028938,2072.224558778181,0.008315800798235894,0.01003666798946886,-0.017595158880442267,0.03196160376706973,0.15718855688538302,0.034333706970813116,0.08618921153713917,0.24062604122682055,0.2552719822738677,0.04289891177622088,0.17972509601584266,0.3682035503037057,0.49010309278350506,0.023140598509852697,0.4329896907216495,0.5515463917525774,0.432061855670103,0.032424114501252765,0.35051546391752575,0.5154639175257731,0.30045188940540685,0.0582410748228457,0.20253279059249207,0.4748810139060751,20.0,0.0,20,20,9.345794392523361,3.552713678800501e-15,9.345794392523365,9.345794392523365
glass,zscore_2.5,none,euclidean,126.05159689532033,1.0507270652050904,125.0794971412588,130.26174748935773,0.282477799111184,0.009057664348657242,0.2651550002677502,0.31190423091081226,0.21733285238271136,0.029691113904578657,0.15067884282182548,0.26308058769500553,0.37182034089049815,0.017457991322974185,0.3171884958759539,0.4079160716808856,0.6172625698324022,0.041735208856704994,0.5251396648044693,0.6703910614525139,0.5264245810055865,0.040113560282628996,0.45251396648044695,0.5810055865921788,0.5226552388037882,0.046221454400646275,0.420351955156709,0.5781371832358675,35.0,0.0,35,35,16.355140186915886,3.552713678800501e-15,16.35514018691589,16.35514018691589
glass,zscore_2.5,none,manhattan,134.17043127952294,3.5950831423335923,132.00424821014994,143.58678547949995,0.2743396734590124,0.02392717399561603,0.23996257638948204,0.48116258657580235,0.2034879092244662,0.028898374826465956,0.13878898789587943,0.24312039568403945,0.36936310529041305,0.027893235723223195,0.30368437454044556,0.4107884171447365,0.6185474860335195,0.03980289127519961,0.547486033519553,0.664804469273743,0.529776536312849,0.04183648902111418,0.44692737430167595,0.5810055865921788,0.5530041230357057,0.04547875095692923,0.4296798374667227,0.5938895878255146,35.0,0.0,35,35,16.355140186915886,3.552713678800501e-15,16.35514018691589,16.35514018691589
glass,zscore_2.5,none,cosine,129.17341934267907,0.7441830554014895,128.23518130997596,132.41642520898972,0.41928280304906307,0.008528362988247083,0.37927994862542597,0.43667230402442875,0.21176806998231207,0.026916609169259864,0.1429194657957735,0.2383824225665531,0.36878320610709353,0.02059408998164096,0.31543947761143787,0.39423641189796255,0.6270391061452514,0.038259959159564524,0.5195530726256983,0.659217877094972,0.5362011173184357,0.03064977785187788,0.44692737430167595,0.5698324022346368,0.5264962759519062,0.04561767647640992,0.43089566745480723,0.5893719806763285,35.0,0.0,35,35,16.355140186915886,3.552713678800501e-15,16.35514018691589,16.35514018691589
glass,zscore_2.5,none,minkowski,126.27429554609402,0.8419845799303146,125.42652770619318,130.02628880322612,0.28591422764473323,0.01248793368436777,0.26872569595667,0.3833532518252801,0.21576563842005428,0.03304558817261226,0.15280824205225893,0.26302172942391683,0.3643846057823729,0.017538262740848624,0.322239470108905,0.3912209329170937,0.6125698324022346,0.04733380133467637,0.5307262569832403,0.6703910614525139,0.5243016759776535,0.042350458964324524,0.45251396648044695,0.5810055865921788,0.5128956996773462,0.036866286358100894,0.42453753431197044,0.577568340439243,35.0,0.0,35,35,16.355140186915886,3.552713678800501e-15,16.35514018691589,16.35514018691589
glass,zscore_2.5,none,chebyshev,126.90019797411762,0.8331097781981024,126.41047604858903,129.3455716623667,0.2814273026380904,0.0034556259080277276,0.2744446160830695,0.2912874872390245,0.23489799031559305,0.025255548303206247,0.16139051621238318,0.264242548659952,0.37355752743581755,0.018350397787910578,0.32356030666988095,0.40499130900775404,0.6387150837988828,0.03490663556123035,0.5363128491620112,0.664804469273743,0.5461452513966479,0.028933154520025935,0.46368715083798884,0.5754189944134078,0.479994423070412,0.008377621869509553,0.464520325203252,0.5256058945317257,35.0,0.0,35,35,16.355140186915886,3.552713678800501e-15,16.35514018691589,16.35514018691589
glass,zscore_2.5,none,correlation,130.4715657879508,0.8096806788532951,128.8462067824649,133.64367867697462,0.4399573659552404,0.01921126109558219,0.41056200933049425,0.5608219680553294,0.21526023491709484,0.01779655853289526,0.15922000778914894,0.24060389485615405,0.3728734323806935,0.015403946990200708,0.31426018954739204,0.39528325549937177,0.633072625698324,0.022978217988334434,0.547486033519553,0.659217877094972,0.5467039106145252,0.01794713931574962,0.4748603351955307,0.5754189944134078,0.5403624173149644,0.040331852989049566,0.4326900584795322,0.5886693017127799,35.0,0.0,35,35,16.355140186915886,3.552713678800501e-15,16.35514018691589,16.35514018691589
glass,zscore_2.5,none,hamming,532.0328257431662,30.738767505392808,469.82341223120005,616.6950758874004,0.009314570592307024,0.010700661373414352,-0.02913715051442797,0.030476426381944397,0.12836560168809832,0.02731085276392207,0.04792628733670355,0.18604048375268314,0.21093169026832473,0.02178933968909305,0.1715153311127703,0.27967229617419787,0.47201117318435754,0.020624968967294096,0.43575418994413406,0.5251396648044693,0.4081564245810057,0.027975609899116623,0.329608938547486,0.4748603351955307,0.2570326162918797,0.034411203334606615,0.19895736072206663,0.404797928849079,35.0,0.0,35,35,16.355140186915886,3.552713678800501e-15,16.35514018691589,16.35514018691589
glass,zscore_2.5,minmax,euclidean,17.74588922437571,0.06687137312705356,17.69111199015496,18.058873443420914,0.37246860420846767,0.007858447961071586,0.3234743330700776,0.394275085701957,0.142674472609871,0.004766332926559643,0.1331282990906082,0.153793088397438,0.3037996447902436,0.012186094352693796,0.28219012950856187,0.3393345860310146,0.5427374301675978,0.005203334081060658,0.5307262569832403,0.5586592178770949,0.4318435754189944,0.005778815884239437,0.41899441340782123,0.45251396648044695,0.4226619295994927,0.007386107908171883,0.40128982128982127,0.4367520018415298,35.0,0.0,35,35,16.355140186915886,3.552713678800501e-15,16.35514018691589,16.35514018691589
glass,zscore_2.5,minmax,manhattan,19.538127750417416,0.22393134043179688,19.09986375085345,20.20029481511716,0.3515617697253717,0.03236945377274331,0.21204482119092602,0.3885130348755651,0.1346253750316328,0.011995852585239448,0.10784778243372999,0.17424515496511625,0.3136981072164404,0.02536483733002879,0.28076928535014484,0.42375195312221353,0.5435754189944135,0.012653353802129745,0.5251396648044693,0.5921787709497207,0.4310614525139664,0.01737636733485671,0.3854748603351955,0.4972067039106145,0.43398281496274344,0.03566904413698876,0.4075106073268049,0.6255475668367908,35.0,0.0,35,35,16.355140186915886,3.552713678800501e-15,16.35514018691589,16.35514018691589
glass,zscore_2.5,minmax,cosine,17.751577685296226,0.08462842990279658,17.69111199015496,18.100398564919495,0.5357232055533993,0.012590070470317924,0.4767238987728493,0.5815578334361903,0.1481390305985572,0.00623489798430126,0.1402200207862775,0.17389208580804558,0.311403633168645,0.011110194710756898,0.2974895695935627,0.35291549393837385,0.5486033519553072,0.007369221205739041,0.5363128491620112,0.5642458100558659,0.4370391061452514,0.009475986809814964,0.41899441340782123,0.4581005586592179,0.42976097302699434,0.0059501274672426495,0.40949217258495607,0.4452534414439176,35.0,0.0,35,35,16.355140186915886,3.552713678800501e-15,16.35514018691589,16.35514018691589
glass,zscore_2.5,minmax,minkowski,17.789752309653096,0.0697214778668885,17.761238373914246,18.131874600339607,0.36982356173209724,0.005305567834485157,0.3342738572977565,0.39843093127925694,0.13761064557660854,0.0065062349000242275,0.12279768345601409,0.16162327560847783,0.2955218346325237,0.010666626534688178,0.2705464836679038,0.3312930935708556,0.5407262569832403,0.004202587998850331,0.5307262569832403,0.553072625698324,0.423463687150838,0.004398887080453521,0.4134078212290503,0.441340782122905,0.42318627096161193,0.008462734701273768,0.4015956937373078,0.4385758032816856,35.0,0.0,35,35,16.355140186915886,3.552713678800501e-15,16.35514018691589,16.35514018691589
glass,zscore_2.5,minmax,chebyshev,19.220868519973152,0.2026430619925768,18.64022992860518,19.832909278579326,0.3208863723780842,0.03990636419367574,0.2538559903405892,0.3739723422089394,0.12113064595753265,0.016038114072421443,0.09840849159008569,0.15625507693758353,0.2689253315912725,0.014132074374602916,0.2530027316231504,0.30857011759214675,0.5295530726256985,0.006717630281532118,0.5139664804469274,0.547486033519553,0.40653631284916203,0.015559536799618493,0.37988826815642457,0.44692737430167595,0.41577471068828004,0.009148339466578122,0.3930343039729909,0.43021476337448555,35.0,0.0,35,35,16.355140186915886,3.552713678800501e-15,16.35514018691589,16.35514018691589
glass,zscore_2.5,minmax,correlation,17.880367324390775,0.1473815090969823,17.777947085624614,18.408384019586514,0.5296510326760836,0.004921368556770516,0.5162732865809123,0.5604043364055172,0.14734991780154452,0.0031727267756695094,0.1427833094554344,0.16456437129170196,0.3133900071637653,0.0059217447161102575,0.30477514458839333,0.33977655764862796,0.5485474860335197,0.006104230789545637,0.5418994413407822,0.5642458100558659,0.44469273743016763,0.00641850575032183,0.43575418994413406,0.46368715083798884,0.43494182625695715,0.004207586969179511,0.4302844715753725,0.4480148563253398,35.0,0.0,35,35,16.355140186915886,3.552713678800501e-15,16.35514018691589,16.35514018691589
glass,zscore_2.5,minmax,hamming,62.79885386215237,3.8749753524051953,52.16183665873987,72.77961776781967,0.010871942355272151,0.009660441166640528,-0.021054728997766253,0.034454764172293484,0.11621569240750153,0.035004487904032586,0.047306386689400126,0.19933214285672754,0.20870140826457487,0.03399280777199822,0.15791010564306585,0.31991277169857957,0.4682122905027933,0.02312464545787024,0.41899441340782123,0.5363128491620112,0.40335195530726264,0.03439272395893046,0.3128491620111732,0.4972067039106145,0.27181498186154607,0.05304717915980845,0.1524300441826215,0.422524106215695,35.0,0.0,35,35,16.355140186915886,3.552713678800501e-15,16.35514018691589,16.35514018691589
glass,zscore_2.5,standard,euclidean,560.5646910476503,5.598886989581292,554.6136101738256,571.5540237043549,0.3327271041749374,0.006875692364677625,0.3118166348634659,0.3379150569742465,0.16335497325475568,0.010820407290747572,0.13807550176831984,0.17894666240358614,0.3438018225881362,0.019817265216476792,0.3053816084523469,0.38239243951400875,0.5520670391061452,0.0076754165343443925,0.5363128491620112,0.5698324022346368,0.45642458100558664,0.01154412196635298,0.4245810055865922,0.4692737430167598,0.4363669984670628,0.010465291203223549,0.40879612825166367,0.453048128342246,35.0,0.0,35,35,16.355140186915886,3.552713678800501e-15,16.35514018691589,16.35514018691589
glass,zscore_2.5,standard,manhattan,614.2767581303092,8.682589079666052,586.1416238878719,624.9744781239453,0.27568012258287516,0.025446700670614397,0.22813786610032052,0.32467254685671226,0.156806739437875,0.05262606603741424,0.0962032021759411,0.267540563915044,0.32086830109519093,0.04795000651815843,0.25654726291489205,0.4422279911471551,0.5774860335195531,0.06301049435947743,0.5307262569832403,0.6983240223463687,0.44044692737430163,0.049052188150842904,0.3743016759776536,0.5307262569832403,0.4461745003532856,0.03232389143499085,0.40481859410430837,0.515412540552793,35.0,0.0,35,35,16.355140186915886,3.552713678800501e-15,16.35514018691589,16.35514018691589
glass,zscore_2.5,standard,cosine,590.4309734968208,6.84838042476405,582.2347397133497,608.0079585380605,0.4835016371248561,0.013849206221719012,0.4226030642140916,0.49587528621010335,0.14905493866057934,0.01100309797796236,0.1348927100972509,0.18701991749839242,0.3329177072546098,0.014029321873819509,0.30487226216010044,0.3726360735898151,0.5608938547486033,0.011311987000735515,0.547486033519553,0.6312849162011173,0.40407821229050284,0.017912935441757434,0.3854748603351955,0.4972067039106145,0.4411617403107271,0.02233655742716204,0.42669567063324537,0.5789249767974122,35.0,0.0,35,35,16.355140186915886,3.552713678800501e-15,16.35514018691589,16.35514018691589
glass,zscore_2.5,standard,minkowski,562.996968670601,7.64466502605098,555.6212323652105,581.6170345327314,0.3358039947470818,0.012809618037026623,0.2993629667732294,0.3481616634559376,0.1593057438233284,0.012582517473947773,0.12123687424852672,0.17734395198440842,0.3360534202017049,0.018425340170700202,0.2832714449888254,0.3731123981122663,0.551731843575419,0.009517559525830988,0.5251396648044693,0.5698324022346368,0.4517877094972067,0.016716050968344186,0.40782122905027934,0.4692737430167598,0.4420235901974971,0.011468056404828952,0.4041774891774892,0.45929359018637195,35.0,0.0,35,35,16.355140186915886,3.552713678800501e-15,16.35514018691589,16.35514018691589
glass,zscore_2.5,standard,chebyshev,628.9488224059962,7.756654496415047,605.0906717652972,642.7543411944747,0.2784348940412834,0.04279714001514284,0.22396253188159337,0.3538449999328116,0.12396466293830898,0.017354514434810956,0.10114343135366785,0.16999515914836197,0.2772374056090041,0.019259978768796985,0.25509356758585483,0.3493074358268929,0.5451955307262569,0.013800013524331986,0.5139664804469274,0.5698324022346368,0.41653631284916204,0.0222668977939844,0.3743016759776536,0.4860335195530726,0.4439178827357505,0.03139384963955363,0.40372322484834755,0.56005328005328,35.0,0.0,35,35,16.355140186915886,3.552713678800501e-15,16.35514018691589,16.35514018691589
glass,zscore_2.5,standard,correlation,596.7294674942528,7.676613156705409,588.7287350037889,615.235510773523,0.4801751499316338,0.01241461309221619,0.44376349473103577,0.48973107078645384,0.14602628759792102,0.009074091428676212,0.13539735948628887,0.17111864034306698,0.3271932618453187,0.012153655947284838,0.30562898656369647,0.35333236486251174,0.5612849162011172,0.008562443552691106,0.553072625698324,0.5865921787709497,0.3972625698324023,0.004461935316032504,0.3854748603351955,0.4134078212290503,0.43285150641081094,0.0032912910994217235,0.4224433591100258,0.444577140525733,35.0,0.0,35,35,16.355140186915886,3.552713678800501e-15,16.35514018691589,16.35514018691589
glass,zscore_2.5,standard,hamming,1915.663174692951,97.43417899003342,1682.5068540726234,2192.4227564195944,0.007637453731562042,0.009598697562809712,-0.021054728997766253,0.025908349320623806,0.1197906804418296,0.030879884150782445,0.061643115764186844,0.19908972046118456,0.2079155587666687,0.03316017778296865,0.15244361223844538,0.3111111145998,0.4628491620111731,0.02523724080398145,0.4022346368715084,0.5363128491620112,0.40268156424581014,0.03201151442289871,0.329608938547486,0.4748603351955307,0.2682577445028077,0.056658652238148886,0.1524300441826215,0.422524106215695,35.0,0.0,35,35,16.355140186915886,3.552713678800501e-15,16.35514018691589,16.35514018691589
glass,zscore_2.5,robust,euclidean,471.5801526116206,7.164289224875521,470.04113184324154,541.6912366819929,0.3393060816700351,0.009131368777609354,0.24894818065823307,0.34095703912409575,0.1652945179205033,0.006656430810267832,0.15470780031332182,0.22922571055522659,0.34574913253341044,0.005848180860998057,0.32692821204370714,0.37495333877761755,0.5491620111731843,0.010818389235216252,0.5418994413407822,0.6536312849162011,0.4643575418994414,0.002653484265259867,0.4581005586592179,0.4748603351955307,0.5017420062032744,0.010250579659335715,0.42423238097538923,0.5250553322719728,35.0,0.0,35,35,16.355140186915886,3.552713678800501e-15,16.35514018691589,16.35514018691589
glass,zscore_2.5,robust,manhattan,522.5794023007143,32.784806949669374,496.36377387371846,593.4674603154203,0.3052520995479354,0.03191172840840879,0.2501173825712532,0.3279791574111497,0.18482780720620817,0.04373072366617259,0.11590925920836129,0.2882531254250279,0.36566105603267457,0.023258533867874305,0.2710318435416772,0.44050784393286685,0.5856424581005587,0.05286967960115869,0.5027932960893855,0.6983240223463687,0.4742458100558659,0.02388416800888944,0.37988826815642457,0.6145251396648045,0.49750627872271325,0.046847421043874536,0.35835981296339353,0.607499072023234,35.0,0.0,35,35,16.355140186915886,3.552713678800501e-15,16.35514018691589,16.35514018691589
glass,zscore_2.5,robust,cosine,841.0563412063294,2.717925109337615,834.1456607774612,847.2825606189228,0.41888855034224376,0.03433914123858158,0.34070439255656465,0.4448271418487679,0.15669153792283655,0.02275254108821952,0.11316949039219454,0.17720610963710123,0.2905547904106693,0.016710174328073115,0.25674313890706746,0.3081936664222434,0.5949720670391062,0.03432459700403492,0.5307262569832403,0.6201117318435754,0.4062569832402235,0.02318375175892968,0.3575418994413408,0.46368715083798884,0.33457347668453735,0.015195428755674678,0.3045702370575467,0.3476472037447647,35.0,0.0,35,35,16.355140186915886,3.552713678800501e-15,16.35514018691589,16.35514018691589
glass,zscore_2.5,robust,minkowski,472.6647943725569,7.570973781767018,470.6705020483308,547.2278448888477,0.35099802325122426,0.010012078878327366,0.2530101783289859,0.35504774191540933,0.1598552561218407,0.006886761130846247,0.14839296840858898,0.20076239536468213,0.3331728549288952,0.010386728079910007,0.310812249431022,0.3461903059309217,0.5487150837988827,0.009565316078580778,0.5363128491620112,0.6256983240223464,0.4653072625698323,0.006855593142075403,0.44692737430167595,0.4748603351955307,0.49982277695647204,0.012011287790542917,0.4045308979519506,0.50751147262285,35.0,0.0,35,35,16.355140186915886,3.552713678800501e-15,16.35514018691589,16.35514018691589
glass,zscore_2.5,robust,chebyshev,481.69079903765595,12.864220204113987,472.41927579306866,560.1705434131943,0.35710401430093275,0.015557162382282408,0.2503129836726375,0.3667921482700967,0.15257943066280244,0.00934443793098381,0.09557947271775578,0.16577979147228625,0.3168637148246261,0.015582216878045953,0.23648212526099952,0.34389698807515323,0.5479329608938548,0.010230635210958298,0.4860335195530726,0.5642458100558659,0.46530726256983235,0.017899688934603218,0.3463687150837989,0.4860335195530726,0.44467354347624005,0.0443958276172337,0.2556582168522467,0.5170370370370371,35.0,0.0,35,35,16.355140186915886,3.552713678800501e-15,16.35514018691589,16.35514018691589
glass,zscore_2.5,robust,correlation,838.9775375664914,8.731073385415138,810.4089836268188,854.9878196310365,0.4098731198743857,0.03981156232881654,0.3452376639978087,0.4457558755309092,0.1734822815904672,0.011899726719439008,0.11289210354875288,0.19180850822537743,0.30373178443320614,0.016224179195678114,0.2565980623652748,0.33984754810322815,0.6133519553072627,0.011292519149117492,0.5251396648044693,0.6201117318435754,0.44262569832402243,0.035857523512467744,0.3687150837988827,0.5083798882681564,0.38040436657163723,0.07279994276064787,0.3017268612279517,0.5475121202016322,35.0,0.0,35,35,16.355140186915886,3.552713678800501e-15,16.35514018691589,16.35514018691589
glass,zscore_2.5,robust,hamming,2110.8649787945205,100.4154222647536,1815.890129113118,2327.271961064175,0.009959036905094023,0.011029303887145564,-0.02913715051442797,0.03384573497953202,0.12425755131505024,0.032383481009966825,0.047306386689400126,0.18604048375268314,0.21215519427629748,0.031152324097810127,0.14597769257811055,0.31991277169857957,0.4725698324022347,0.02191048347771042,0.43575418994413406,0.5363128491620112,0.4088826815642459,0.03131179013354232,0.329608938547486,0.49162011173184356,0.2659336174533861,0.04808872723463969,0.19895736072206663,0.44804986026514954,35.0,0.0,35,35,16.355140186915886,3.552713678800501e-15,16.35514018691589,16.35514018691589
glass,zscore_3.5,none,euclidean,209.8668231824748,1.5484451325948416,206.22730215009125,211.62616764283405,0.364926034297391,0.07219267792501152,0.276835967824976,0.47511685054847536,0.24591194337525668,0.028012556719261693,0.19831937611958614,0.29178101801478556,0.40373892675822204,0.026279281301455525,0.35776851326720777,0.45836562355528804,0.5765517241379309,0.021785655111070352,0.541871921182266,0.6502463054187192,0.5252709359605912,0.032895598650730135,0.4729064039408867,0.5763546798029556,0.48045581877831844,0.04310532900218669,0.38160006497725796,0.5489153439153439,11.0,0.0,11,11,5.140186915887852,8.881784197001252e-16,5.140186915887851,5.140186915887851
glass,zscore_3.5,none,manhattan,226.31773910332697,2.7478165470576412,218.49928965290002,234.38126964270003,0.29732583672461677,0.05437605282314579,0.25650096833516706,0.4878671013215806,0.22940912402336935,0.02277317884794451,0.19884296853554037,0.2898134401902965,0.39567036679073003,0.02225116422832719,0.3506475334632558,0.45098850635233356,0.5954187192118225,0.03161667537795385,0.541871921182266,0.6650246305418719,0.5239408866995072,0.03521750638462879,0.458128078817734,0.5911330049261084,0.5200344732451114,0.04656447593892669,0.40656959298766404,0.5761730412988995,11.0,0.0,11,11,5.140186915887852,8.881784197001252e-16,5.140186915887851,5.140186915887851
glass,zscore_3.5,none,cosine,213.0748816339926,2.342612087249104,209.3255507285102,216.252255944963,0.6001774506359502,0.10239691837660832,0.398731221190541,0.6833933922714991,0.26617013647382404,0.029763069128777343,0.19897002856424972,0.2900588215803976,0.4292966750272742,0.032968327693351715,0.3611928520289486,0.4711554386925896,0.5764039408866993,0.026265860183831473,0.5369458128078818,0.6551724137931034,0.5478817733990148,0.0356425643018553,0.4630541871921182,0.5812807881773399,0.46838071420047017,0.04684909631150799,0.38378817465158727,0.5621338707042101,11.0,0.0,11,11,5.140186915887852,8.881784197001252e-16,5.140186915887851,5.140186915887851
glass,zscore_3.5,none,minkowski,210.90463566699498,1.1603516344581333,206.22730215009125,213.68697401857116,0.348305240931356,0.07301604473683024,0.2738898701308953,0.47061854819010845,0.2372598206114943,0.03558808708876221,0.20115490244199274,0.2946467573635132,0.3912460592145881,0.030570882531793433,0.35916444203419884,0.44893572304554014,0.5672906403940885,0.024775142045496027,0.5369458128078818,0.6551724137931034,0.5154679802955665,0.03917739905437541,0.46798029556650245,0.5812807881773399,0.4472422374302316,0.03782360444463745,0.38007118278974733,0.5504536789935188,11.0,0.0,11,11,5.140186915887852,8.881784197001252e-16,5.140186915887851,5.140186915887851
glass,zscore_3.5,none,chebyshev,213.527721619185,0.9737431591596406,209.1302914429274,216.69979751403827,0.44654925036481474,0.03679500072549728,0.2850967298483672,0.46433517383931694,0.2725141223960621,0.013204789260398603,0.20260350432035149,0.2906714752081794,0.4235244411976098,0.016814047219075687,0.3437613980518589,0.45340905698471057,0.5763054187192117,0.011135511292046742,0.5270935960591133,0.6403940886699507,0.5561576354679801,0.018279778635743316,0.458128078817734,0.5714285714285714,0.49178162951774085,0.038446598230849754,0.403501931148104,0.5158784453996212,11.0,0.0,11,11,5.140186915887852,8.881784197001252e-16,5.140186915887851,5.140186915887851
glass,zscore_3.5,none,correlation,215.30133850107407,1.972701275890274,210.77487135409996,219.48614395048213,0.6151685416886212,0.10539575307570276,0.40919743452263213,0.6906451345819686,0.26609037176160744,0.031319512212670125,0.19995708155831068,0.291821803489143,0.4272704015318848,0.03517159065265245,0.35991724916678114,0.4679813249742721,0.5699014778325122,0.024597958743863748,0.5467980295566502,0.6551724137931034,0.5424630541871921,0.031452189343768186,0.47783251231527096,0.5862068965517241,0.4645180729122863,0.046384728681907,0.40025605462498665,0.5703878389581782,11.0,0.0,11,11,5.140186915887852,8.881784197001252e-16,5.140186915887851,5.140186915887851
glass,zscore_3.5,none,hamming,761.4340068057394,52.002227328993634,618.6169307620005,925.4044281511999,0.010392873805903029,0.011774437806683658,-0.021969782442607912,0.03953669179307687,0.1424056527250875,0.027222624242909776,0.07405015380549748,0.20779930380249137,0.22748260069384557,0.030253103856892807,0.1682306108010984,0.3306324820356246,0.4777832512315271,0.019845492633321193,0.4433497536945813,0.541871921182266,0.4193596059113301,0.02722008093192322,0.3645320197044335,0.5073891625615764,0.2693636910284583,0.037615477424623255,0.2139557212244437,0.39646480242465826,11.0,0.0,11,11,5.140186915887852,8.881784197001252e-16,5.140186915887851,5.140186915887851
glass,zscore_3.5,minmax,euclidean,19.610575001996725,0.12369043685460328,19.541988142250673,20.42610083285346,0.39467118158288017,0.009740640601912171,0.37212520527084225,0.4105300056748954,0.1690299257401071,0.009357793239785209,0.157713272353466,0.194677503571781,0.35882103029287243,0.008513714981526269,0.34912719070992854,0.38137510036487887,0.5556650246305418,0.006152707387584622,0.5517241379310345,0.5714285714285714,0.4178817733990149,0.014396630735496834,0.4088669950738916,0.4630541871921182,0.4220872662305709,0.004527247033887669,0.41805620487247414,0.4333272804146591,11.0,0.0,11,11,5.140186915887852,8.881784197001252e-16,5.140186915887851,5.140186915887851
glass,zscore_3.5,minmax,manhattan,22.27871410308772,0.617568826904787,21.75777549831808,23.83883660625309,0.3591090903389563,0.00749746423259199,0.34196256038232964,0.37675209165780715,0.17110778596462406,0.010190122476804812,0.15581111242976076,0.19899036108008206,0.3539354633557155,0.01270248923227173,0.3156973496732654,0.39006638402666644,0.5639901477832511,0.006948956420990385,0.541871921182266,0.5714285714285714,0.4273399014778326,0.020670587037687465,0.4088669950738916,0.4827586206896552,0.4289083851458886,0.014205401784881142,0.41091141314825524,0.5223758865248227,11.0,0.0,11,11,5.140186915887852,8.881784197001252e-16,5.140186915887851,5.140186915887851
glass,zscore_3.5,minmax,cosine,19.693878478984598,0.11982242863183729,19.57772157899352,20.509949079413612,0.5428966422044721,0.01193357552789783,0.5235340367742856,0.5794033915467545,0.1859298705381329,0.006650925544618241,0.17041938894877134,0.2053447252022661,0.36976007839710157,0.008808353472992038,0.34890687621817246,0.3912809133097393,0.5650738916256156,0.005799224339189829,0.5566502463054187,0.5763546798029556,0.4222660098522168,0.013219604427759216,0.4088669950738916,0.46798029556650245,0.4281030404523788,0.0045945301067990335,0.41995377321759547,0.43759748111343116,11.0,0.0,11,11,5.140186915887852,8.881784197001252e-16,5.140186915887851,5.140186915887851
glass,zscore_3.5,minmax,minkowski,19.77207365400162,0.26275696183526587,19.571666747220597,20.577447822114713,0.39298207770657095,0.010260422753692164,0.35904945545392947,0.4080467500216594,0.1720426449255379,0.012028808487515068,0.15374594125724994,0.20478274524826456,0.35745118302137596,0.010894094285947453,0.3402414315637937,0.38716855503923214,0.5545812807881773,0.00697283636619526,0.541871921182266,0.5714285714285714,0.42315270935960597,0.018931900345394714,0.4039408866995074,0.46798029556650245,0.4223759074197692,0.004834860074764907,0.4099381052211241,0.43398165520116744,11.0,0.0,11,11,5.140186915887852,8.881784197001252e-16,5.140186915887851,5.140186915887851
glass,zscore_3.5,minmax,chebyshev,21.569706518786735,0.4329872747821929,20.6576161825119,22.43029256438006,0.3424167881214174,0.033747899518772134,0.26161618844059514,0.40006319156787085,0.14327669075847882,0.016196040165014886,0.12566677900226866,0.20376155028655182,0.3209825310513882,0.017106719815302297,0.29893477521479717,0.3956647174312574,0.5401477832512314,0.011132895940876365,0.5172413793103449,0.5665024630541872,0.4073399014778326,0.021195951587672512,0.3891625615763547,0.5024630541871922,0.3565619460719056,0.04278869020670434,0.2982458850260561,0.4607680579378693,11.0,0.0,11,11,5.140186915887852,8.881784197001252e-16,5.140186915887851,5.140186915887851
glass,zscore_3.5,minmax,correlation,20.01195156952707,0.08564572610951009,19.94361114447997,20.33173889294003,0.549278951933424,0.013074266277076358,0.5295298059282851,0.5802688321993352,0.1942153668999692,0.0035933889239424467,0.19218269970887197,0.20654329621219478,0.37437154073481144,0.0027401777727897062,0.37112866042931075,0.3814419944865694,0.5701970443349752,0.00662282249248706,0.5566502463054187,0.5812807881773399,0.4442857142857143,0.015098260993088225,0.4236453201970443,0.49261083743842365,0.4334622043818024,0.004470939577498791,0.4236413992360391,0.4426163022861136,11.0,0.0,11,11,5.140186915887852,8.881784197001252e-16,5.140186915887851,5.140186915887851
glass,zscore_3.5,minmax,hamming,66.24146092444401,5.216782762663167,55.46020724645956,78.58510055403507,0.010614267646085616,0.011624877867616831,-0.016494308725778378,0.03953669179307687,0.13995361439263537,0.03552021012418436,0.05567446191587923,0.2208012237752321,0.23293099458780417,0.04173287545749773,0.1424632494501922,0.3306324820356246,0.4775862068965518,0.0231304263381038,0.42857142857142855,0.541871921182266,0.41921182266009865,0.03299757288869789,0.35467980295566504,0.5073891625615764,0.2786106122877338,0.05019562435973848,0.19840969140034562,0.39646480242465826,11.0,0.0,11,11,5.140186915887852,8.881784197001252e-16,5.140186915887851,5.140186915887851
glass,zscore_3.5,standard,euclidean,671.6423587105713,4.226194378808729,668.8333993852854,689.2527065622725,0.3379678282367978,0.0033703239925812595,0.3266745573992749,0.3465230035012841,0.20311708225775923,0.006413958666731567,0.1772617565310783,0.21809743992142736,0.3811766637765544,0.011933369324092367,0.3418330333417952,0.41454815586302507,0.5667487684729062,0.004481134334645376,0.5467980295566502,0.5714285714285714,0.4646798029556652,0.003689980715281277,0.45320197044334976,0.4729064039408867,0.43282749259989656,0.006892571167513298,0.40975715497070425,0.4451018722716836,11.0,0.0,11,11,5.140186915887852,8.881784197001252e-16,5.140186915887851,5.140186915887851
glass,zscore_3.5,standard,manhattan,742.838294476202,9.399730591513078,730.6065612032321,766.1335393862958,0.308690308461026,0.019390560892882033,0.2321193674934857,0.3263328266763955,0.1785641292895099,0.011785826717093743,0.13357234650030073,0.19778400424047682,0.3433521193543665,0.01695446594678011,0.2900982598159647,0.3834035774805866,0.5523152709359606,0.006044477497607073,0.5369458128078818,0.5714285714285714,0.4416256157635469,0.019159648745905818,0.3891625615763547,0.46798029556650245,0.4159932629636801,0.012874478210341649,0.3098660157483687,0.435291295740406,11.0,0.0,11,11,5.140186915887852,8.881784197001252e-16,5.140186915887851,5.140186915887851
glass,zscore_3.5,standard,cosine,717.9343948000216,4.784841995734235,706.586639392359,725.60340354456,0.5067074001964218,0.012032041463332366,0.4857632125352532,0.5352645827547566,0.18560958468060093,0.00677308854394404,0.17566741936976668,0.2093124135068669,0.3525262895655844,0.009085099228163236,0.32883245831045155,0.3755478919011316,0.5660098522167486,0.009437066039737927,0.541871921182266,0.5763546798029556,0.4498029556650247,0.010183947230252871,0.4236453201970443,0.49261083743842365,0.418976205164293,0.02762617087514961,0.3175875273249078,0.43159077693738546,11.0,0.0,11,11,5.140186915887852,8.881784197001252e-16,5.140186915887851,5.140186915887851
glass,zscore_3.5,standard,minkowski,673.2725506313941,2.148557240893859,671.1114199653605,691.8922582091029,0.3520888179245511,0.0022261998399636025,0.344758689198858,0.3550570816649581,0.20645751613976795,0.004160644158761091,0.19344367683449176,0.21724032421898495,0.3855420891114239,0.0071795893603036915,0.3600935371179936,0.41644027177564064,0.5690147783251229,0.002996029793011813,0.5615763546798029,0.5763546798029556,0.4705418719211824,0.0029126592116442353,0.4630541871921182,0.47783251231527096,0.4364539880466268,0.004840737070317057,0.4171734909171021,0.44542664960580675,11.0,0.0,11,11,5.140186915887852,8.881784197001252e-16,5.140186915887851,5.140186915887851
glass,zscore_3.5,standard,chebyshev,747.9351328505123,13.283915647725014,712.9926900647483,774.4420277697998,0.3123601271161716,0.04221895589134732,0.20110385660988075,0.3473555995520201,0.18537970428682932,0.01762656370224579,0.13996650629140217,0.21358068723657025,0.3442589054035946,0.021144982116351872,0.290808374875988,0.40935591354253936,0.5618719211822659,0.014358908803601298,0.5270935960591133,0.6059113300492611,0.4533004926108376,0.021786323427117418,0.39901477832512317,0.5123152709359606,0.43234561292793117,0.03769655974040704,0.319050934992964,0.603180666376816,11.0,0.0,11,11,5.140186915887852,8.881784197001252e-16,5.140186915887851,5.140186915887851
glass,zscore_3.5,standard,correlation,724.1181591169241,1.4659710408496773,722.0187921678832,726.8735571123614,0.5130120031801395,0.01719996850795302,0.49187646637175825,0.5288326618256634,0.18009265626929316,0.003147436750806719,0.1685008325571165,0.18245677874216332,0.33936786731348384,0.010967695221592721,0.3234608941715855,0.35799327429868594,0.5532019704433496,0.01183291837385645,0.541871921182266,0.5665024630541872,0.4381280788177341,0.008696220836495516,0.4236453201970443,0.45320197044334976,0.420880796423062,0.0076183128936972815,0.4101223634367903,0.4295470247128422,11.0,0.0,11,11,5.140186915887852,8.881784197001252e-16,5.140186915887851,5.140186915887851
glass,zscore_3.5,standard,hamming,2083.183127895232,137.98008005719882,1717.927493728832,2449.173911076271,0.008584281526600344,0.010225004407404292,-0.016494308725778378,0.0361522093692194,0.14056351397226002,0.03492040497906024,0.0540019025174464,0.2208012237752321,0.22725368174200822,0.04510035193425425,0.1424632494501922,0.3306324820356246,0.47339901477832513,0.025258017228166056,0.42857142857142855,0.541871921182266,0.41965517241379324,0.033639910419112254,0.35467980295566504,0.5073891625615764,0.27384495495684974,0.05455535243992892,0.1948159610920747,0.39646480242465826,11.0,0.0,11,11,5.140186915887852,8.881784197001252e-16,5.140186915887851,5.140186915887851
glass,zscore_3.5,robust,euclidean,558.6334752469426,1.955426433057355,555.6249697353069,562.8349812048264,0.353140938561991,0.004238898158334235,0.33906401545323545,0.3603660040517149,0.19247754649744026,0.004699273903083368,0.18412936175988884,0.20404438424686086,0.3588341032921999,0.007533775340318292,0.3474936292904412,0.37810658358122506,0.5547783251231526,0.0050612017887847515,0.5467980295566502,0.5665024630541872,0.4583743842364533,0.005675723459016215,0.45320197044334976,0.4827586206896552,0.4262794919391492,0.01735068713468392,0.4158949220713926,0.5109545923632611,11.0,0.0,11,11,5.140186915887852,8.881784197001252e-16,5.140186915887851,5.140186915887851
glass,zscore_3.5,robust,manhattan,601.9047399622785,3.21276309089325,599.389800023501,615.177536358944,0.3221281432994792,0.015597429594240727,0.2672885731386169,0.3318771145603005,0.18959003756503745,0.016859664681658528,0.16859314392866764,0.25188027888072506,0.35883151101835686,0.018226216689369176,0.3157520126143771,0.3913648452757518,0.5649261083743842,0.029572081357695366,0.5467980295566502,0.6798029556650246,0.4661083743842365,0.016658405905750143,0.43349753694581283,0.5123152709359606,0.44812836024429736,0.038501475806119526,0.3904674033910563,0.5111580079096426,11.0,0.0,11,11,5.140186915887852,8.881784197001252e-16,5.140186915887851,5.140186915887851
glass,zscore_3.5,robust,cosine,675.095315411914,0.17951332402681444,673.4615536590935,675.3750102481172,0.4946387548478068,0.006888731393796154,0.4456429110502159,0.4985044575683593,0.18972581564381824,0.003791135936871799,0.16344836949640956,0.19041391662991144,0.33655400082589765,0.0034466059688332495,0.31196978882757026,0.3371656156156986,0.6239408866995073,0.01002847265426447,0.5517241379310345,0.625615763546798,0.4282266009852217,0.002438796806795379,0.4088669950738916,0.42857142857142855,0.35490505381674864,0.00494220933962175,0.31684427552972155,0.35570987654320985,11.0,0.0,11,11,5.140186915887852,8.881784197001252e-16,5.140186915887851,5.140186915887851
glass,zscore_3.5,robust,minkowski,560.1199209613113,2.334107388237236,557.662000101318,566.3867963844688,0.37055315926084703,0.009837879094128178,0.3186337477097793,0.3781854718821212,0.19235353919859738,0.004520816248601176,0.178127623041707,0.19801588043944057,0.3622519851601122,0.00876420198811437,0.32892062958802865,0.3732105890790173,0.5588177339901477,0.004892496164703496,0.5467980295566502,0.5763546798029556,0.4622167487684731,0.0047788329423924854,0.45320197044334976,0.4827586206896552,0.430968066308367,0.01566855597994479,0.41613015147668614,0.5092879256965944,11.0,0.0,11,11,5.140186915887852,8.881784197001252e-16,5.140186915887851,5.140186915887851
glass,zscore_3.5,robust,chebyshev,565.6903535015657,5.78457164293827,561.6809865083716,583.3142307415369,0.37148783732302604,0.03585530128766068,0.2455830618286889,0.39834333017987145,0.197437287436789,0.011396695042534561,0.14172113519305884,0.2126227096765345,0.3647761252541823,0.01591223693073471,0.29798331921928833,0.3828262464361954,0.5716748768472905,0.01726774901116366,0.541871921182266,0.645320197044335,0.47236453201970463,0.012767936952809401,0.41379310344827586,0.4975369458128079,0.4379953679910624,0.012312315450988553,0.4126217384511223,0.5120538720538721,11.0,0.0,11,11,5.140186915887852,8.881784197001252e-16,5.140186915887851,5.140186915887851
glass,zscore_3.5,robust,correlation,681.3894753155678,1.1105573929975576,680.3803819971686,683.2280789725503,0.4896809958278167,0.0025685706491772823,0.4855100269695716,0.4936850664819372,0.19352503530240067,0.0022063441503942316,0.18860871179071642,0.1988005228538039,0.3413821280920619,0.0014999031785533936,0.33685487673930825,0.34595081510843345,0.6216256157635467,0.0020542521637431544,0.6157635467980296,0.625615763546798,0.44216748768472913,0.0051250470162127835,0.43349753694581283,0.4482758620689655,0.35378413052927554,0.0009052087238019569,0.3511877028482738,0.3555261140355037,11.0,0.0,11,11,5.140186915887852,8.881784197001252e-16,5.140186915887851,5.140186915887851
glass,zscore_3.5,robust,hamming,1907.9967635533314,123.2617184802224,1576.7443614595768,2218.7485011968365,0.009811808742527945,0.011343727602632714,-0.016494308725778378,0.03953669179307687,0.14324162613751024,0.03109382335671386,0.0540019025174464,0.2107521013375567,0.22836749709787338,0.04069515683402788,0.1620058767731239,0.3306324820356246,0.4769950738916256,0.024163603518708523,0.42857142857142855,0.5467980295566502,0.42201970443349757,0.03237060473427514,0.35467980295566504,0.5073891625615764,0.2729681538611323,0.0508425650990085,0.19840969140034562,0.39646480242465826,11.0,0.0,11,11,5.140186915887852,8.881784197001252e-16,5.140186915887851,5.140186915887851
glass,iqr,none,euclidean,59.07103907415911,0.8100434095623773,57.9581265170481,60.952267244042474,0.24541668765024535,0.0125138587101807,0.21669795299528485,0.27596826794275736,0.14369806005882135,0.026031304458537036,0.08094717222259441,0.19566657963555892,0.2829848213097155,0.021957626765315583,0.2266894399305432,0.3383066354428321,0.6247826086956522,0.038747183838422725,0.5217391304347826,0.6666666666666666,0.47557971014492767,0.036573103402084535,0.391304347826087,0.5579710144927537,0.42171410001492726,0.03983104448901057,0.3388176817179079,0.5065483662368291,76.0,0.0,76,76,35.514018691588774,1.4210854715202004e-14,35.51401869158879,35.51401869158879
glass,iqr,none,manhattan,64.38856051246745,2.4802843819628304,60.38844188204998,68.10330051384993,0.23394156451054202,0.012577584671415835,0.2103906077097624,0.2687315659017657,0.14257120253968397,0.024693538021489974,0.07016858956707683,0.18521914747796384,0.2727984867534192,0.0213559348039311,0.21415076558145568,0.31489750437493097,0.6330434782608695,0.03066715979987609,0.5072463768115942,0.6739130434782609,0.4664492753623189,0.040717351970907804,0.37681159420289856,0.5434782608695652,0.37651813285259883,0.06780906866070105,0.17387287509238727,0.4969723568101492,76.0,0.0,76,76,35.514018691588774,1.4210854715202004e-14,35.51401869158879,35.51401869158879
glass,iqr,none,cosine,60.9978972820745,0.9386395586577325,58.642578089453785,62.77092976473941,0.3916954328075445,0.030753662515295148,0.31999131436107253,0.44490248917023417,0.16137607217981353,0.030934484844588463,0.07559979085131253,0.21041622205688168,0.2762403456830217,0.016716470088360597,0.2406664450392959,0.3107366781850938,0.6416666666666667,0.02767651148473581,0.5289855072463768,0.6739130434782609,0.4910144927536233,0.03786354966448217,0.391304347826087,0.5579710144927537,0.40301065753439475,0.05644360371127551,0.3136394509788098,0.5063820018365474,76.0,0.0,76,76,35.514018691588774,1.4210854715202004e-14,35.51401869158879,35.51401869158879
glass,iqr,none,minkowski,59.21802971316276,0.780063915278813,57.94607347716519,60.98600050913842,0.25176641440539455,0.011793868563707177,0.20953785095421634,0.2723026904878319,0.1483711230822076,0.024238910073133207,0.10004273865594074,0.2131075706565743,0.2751425709131615,0.016482478965406902,0.2325266993715315,0.3097900542277941,0.6194202898550725,0.036426722500951275,0.5217391304347826,0.6666666666666666,0.4796376811594203,0.03968600503967666,0.38405797101449274,0.5652173913043478,0.4062774869418069,0.04247239827490088,0.2787040545661235,0.5057293477001507,76.0,0.0,76,76,35.514018691588774,1.4210854715202004e-14,35.51401869158879,35.51401869158879
glass,iqr,none,chebyshev,60.811456430793626,0.9551553832471098,58.793820725686906,62.68416606581644,0.24864222728520172,0.01581962125287073,0.2044775375635935,0.2774304537618133,0.1469729003209389,0.023787651874717337,0.10467433734323318,0.2025310233225541,0.2598682790023177,0.01851138367674381,0.21971961423232442,0.30022766749433893,0.626159420289855,0.029773615483410825,0.5362318840579711,0.6739130434782609,0.4792028985507247,0.04420473980484481,0.3695652173913043,0.5652173913043478,0.39753201569638574,0.03517030342702479,0.3317326381742928,0.509282546625357,76.0,0.0,76,76,35.514018691588774,1.4210854715202004e-14,35.51401869158879,35.51401869158879
glass,iqr,none,correlation,62.08478087322082,1.062310538045256,59.53017877038306,64.0246780893234,0.40163402212571275,0.031445746642861976,0.3266081474560861,0.4575289789391852,0.15673493843251152,0.03378391672328234,0.10176139345302648,0.21461671527472462,0.27267238017130796,0.02039801236403989,0.21692296689942184,0.31529031430858434,0.637391304347826,0.03336356537038424,0.5434782608695652,0.6739130434782609,0.48,0.04405558727342426,0.37681159420289856,0.572463768115942,0.39408433833468753,0.05550760583356053,0.19320652173913042,0.5089169000933708,76.0,0.0,76,76,35.514018691588774,1.4210854715202004e-14,35.51401869158879,35.51401869158879
glass,iqr,none,hamming,220.66247639848405,12.250125469992843,197.92711971169985,252.78933529740024,0.003782961130781415,0.007641895948427953,-0.015455031873857019,0.023456652564453086,-0.011560680317577801,0.029687129318882274,-0.06288027195187916,0.05718244451095581,0.08214171247508574,0.027723406161089252,0.03840429276814257,0.17746365315818335,0.48652173913043484,0.024509898810002023,0.4420289855072464,0.5579710144927537,0.3765217391304347,0.03010379021411089,0.3115942028985507,0.47101449275362317,0.18390644822871624,0.04811951926397227,0.1173611111111111,0.36996956895417427,76.0,0.0,76,76,35.514018691588774,1.4210854715202004e-14,35.51401869158879,35.51401869158879
glass,iqr,minmax,euclidean,16.06762817171857,0.1459969442621436,15.818523777915546,16.503362719911667,0.30160617601244083,0.05047270804301452,0.21104447585427324,0.4023350267294546,0.06625740819518632,0.01719022041773631,0.038066983015120674,0.1486176596244222,0.19383969632097325,0.01971552581573943,0.1550431688782379,0.24398235213472078,0.5234782608695653,0.02827238709935431,0.4927536231884058,0.6376811594202898,0.38688405797101444,0.02376756362030582,0.32608695652173914,0.47101449275362317,0.3061113730671674,0.03446386467970321,0.20960030598584814,0.4127361085640932,76.0,0.0,76,76,35.514018691588774,1.4210854715202004e-14,35.51401869158879,35.51401869158879
glass,iqr,minmax,manhattan,17.597529149163673,0.4234892737742458,16.6710449820757,18.6560845618326,0.24047569424726908,0.04607336888715031,0.185564691118051,0.35702789648923494,0.09062819905319698,0.07531290533257126,0.01731821256670759,0.23403855066888968,0.21919655878450642,0.06503579405632381,0.13147687436078911,0.35262138743078086,0.5652173913043478,0.0729620549167645,0.4782608695652174,0.7028985507246377,0.40268115942028987,0.07495889092504274,0.3188405797101449,0.5362318840579711,0.3062984041617751,0.06735483461118882,0.16076138875026733,0.42832167832167833,76.0,0.0,76,76,35.514018691588774,1.4210854715202004e-14,35.51401869158879,35.51401869158879
glass,iqr,minmax,cosine,16.11990513150333,0.18583199213904694,15.818523777915546,16.762484966843715,0.445072454349919,0.06631550516047544,0.32422823488902563,0.574723034890271,0.0666406085980985,0.01940814533968693,0.02601823132837292,0.18941977758915204,0.19809658279423736,0.02240696148020376,0.13406104749839942,0.29746508046956643,0.5278260869565217,0.029143050120060483,0.4927536231884058,0.6884057971014492,0.383623188405797,0.026601606204062208,0.3188405797101449,0.4927536231884058,0.3194892022590195,0.04415893873148442,0.17956656346749225,0.4481481481481482,76.0,0.0,76,76,35.514018691588774,1.4210854715202004e-14,35.51401869158879,35.51401869158879
glass,iqr,minmax,minkowski,16.16953853094946,0.19405864478061224,15.887733472876654,16.972791837615176,0.3028583998989148,0.05966550845136853,0.19934236439876882,0.4105717933377878,0.0657584905331645,0.017883119728321583,0.037394049626997196,0.1435307098436375,0.18415891062865072,0.02295660341791569,0.14593880885557228,0.2514269993772141,0.5242753623188405,0.03505891162292399,0.4782608695652174,0.6594202898550725,0.3855797101449275,0.022575574959480055,0.34057971014492755,0.47101449275362317,0.30930910288855634,0.0416572616559521,0.20555555555555557,0.4526507857421796,76.0,0.0,76,76,35.514018691588774,1.4210854715202004e-14,35.51401869158879,35.51401869158879
glass,iqr,minmax,chebyshev,17.560758095735753,0.3985991620316377,16.392034699446082,18.637174565507976,0.2804951340207761,0.060817793388631594,0.21590913052023863,0.40634712739449325,0.06513405538843153,0.013216151565401816,0.0398351160450284,0.10445047006353991,0.17577747918235165,0.0259644152815438,0.12288839332507544,0.243420932016631,0.5217391304347825,0.02867588251798461,0.47101449275362317,0.6304347826086957,0.3717391304347826,0.021702868307060776,0.32608695652173914,0.427536231884058,0.3130033224798181,0.07406101469604955,0.17440476190476192,0.5392175712297663,76.0,0.0,76,76,35.514018691588774,1.4210854715202004e-14,35.51401869158879,35.51401869158879
glass,iqr,minmax,correlation,16.18723281113615,0.16381430280674067,15.938266825177667,16.69934799580657,0.43985036050526055,0.062408831358764946,0.3321980039347098,0.534130766170365,0.06362391773745642,0.01346682373687461,0.03163855037452171,0.10225059244388443,0.19196512150089295,0.020419284328723003,0.14078801740195537,0.2369282213327905,0.5295652173913044,0.021463958937980792,0.4782608695652174,0.6231884057971014,0.3832608695652173,0.02031300439245793,0.34057971014492755,0.4420289855072464,0.3233206524059172,0.04404774049648372,0.18499525166191835,0.4513960015521031,76.0,0.0,76,76,35.514018691588774,1.4210854715202004e-14,35.51401869158879,35.51401869158879
glass,iqr,minmax,hamming,51.10992992294242,2.216131468424102,44.01939984428662,56.79427340920527,0.008113088272025544,0.007667244722931971,-0.011245665725934263,0.023456652564453086,-0.004178708321161756,0.03837459522207388,-0.06288027195187916,0.1117782445371713,0.09063306321628546,0.03796825876718221,0.03554059164099106,0.22956039605112485,0.48818840579710154,0.026019538487697884,0.4420289855072464,0.5797101449275363,0.38369565217391305,0.034998949784705635,0.3115942028985507,0.4855072463768116,0.19827789723689498,0.06151772350858068,0.11761508311160701,0.401942501942502,76.0,0.0,76,76,35.514018691588774,1.4210854715202004e-14,35.51401869158879,35.51401869158879
glass,iqr,standard,euclidean,444.33063018775096,9.488970138441282,440.87997079357973,497.64430237543786,0.23359296276972766,0.019434296924586793,0.1894299080948608,0.27253049455197553,0.09456406381270552,0.029532095381004642,0.07711227157618761,0.23000079962897216,0.24296255471575345,0.02147471890707667,0.20474587466722696,0.3472792100839668,0.5497826086956521,0.036008806012987865,0.5072463768115942,0.6956521739130435,0.39666666666666667,0.033562851910339614,0.36231884057971014,0.5362318840579711,0.4131659761209064,0.01649909052457143,0.34408762018039446,0.4782855576441103,76.0,0.0,76,76,35.514018691588774,1.4210854715202004e-14,35.51401869158879,35.51401869158879
glass,iqr,standard,manhattan,557.3520389896818,41.962998939656174,485.5592194186901,630.6316669234063,0.2098732734732367,0.02594615085609237,0.15610156746174542,0.2902575732844257,0.17087584034181055,0.0653831870111317,0.021424302800501196,0.25652335469315257,0.27199030614234915,0.05514354196905869,0.12927916097138903,0.38146158242249345,0.6392753623188405,0.06751648028645266,0.4855072463768116,0.717391304347826,0.47231884057971024,0.06197563058145786,0.34057971014492755,0.5652173913043478,0.38964168264841126,0.06233219741921827,0.2692253229636407,0.49518574518574515,76.0,0.0,76,76,35.514018691588774,1.4210854715202004e-14,35.51401869158879,35.51401869158879
glass,iqr,standard,cosine,531.1575397417678,48.44507482850275,467.1205766368622,602.8002572465327,0.3930504953655328,0.02097564932870922,0.3192079882657615,0.42055386757870816,0.11452779329234662,0.026506521178551446,0.051997836289505585,0.1689974596081562,0.21053579584106433,0.019085726095733876,0.13962654529899543,0.2573651095403648,0.5985507246376812,0.041094048923935714,0.5217391304347826,0.6811594202898551,0.40384057971014486,0.02565780254304632,0.35507246376811596,0.463768115942029,0.35774521946258164,0.04007714865143261,0.287953216374269,0.4406629318394024,76.0,0.0,76,76,35.514018691588774,1.4210854715202004e-14,35.51401869158879,35.51401869158879
glass,iqr,standard,minkowski,443.7031594403472,5.10023530895115,441.6151312380499,479.7568642518745,0.24334762011303543,0.017957040982686905,0.20127398498986962,0.2861151404563175,0.09105917809781984,0.009931756926254694,0.07469781503101895,0.1391747380190414,0.23166830314849687,0.012680196292374702,0.21487737912236585,0.28548718667811573,0.5505797101449275,0.01530272828497138,0.5144927536231884,0.6376811594202898,0.39688405797101445,0.01580491098013865,0.3695652173913043,0.45652173913043476,0.4134657381260054,0.011732348561079362,0.3934303350970017,0.5137760789934702,76.0,0.0,76,76,35.514018691588774,1.4210854715202004e-14,35.51401869158879,35.51401869158879
glass,iqr,standard,chebyshev,464.42526596052744,23.529019652373762,448.70236488618406,575.569581730267,0.23150936756933707,0.021689864755000517,0.15393712637216989,0.2811955037185031,0.0899121116152956,0.01174703659804209,0.04589304375859749,0.12825531506810067,0.2177945569504456,0.0194936971905587,0.14539964763392435,0.2560513146267975,0.5634782608695653,0.018191725547261683,0.5,0.6231884057971014,0.41181159420289853,0.022429965216971045,0.3188405797101449,0.5072463768115942,0.4100562280785184,0.042454760859178,0.2745305559564471,0.5187173937173937,76.0,0.0,76,76,35.514018691588774,1.4210854715202004e-14,35.51401869158879,35.51401869158879
glass,iqr,standard,correlation,530.0015245829723,41.65654729133548,467.961280396934,602.6345256040797,0.3861624803204628,0.018022473544582043,0.3270018540744612,0.42486319219863683,0.11018723650418252,0.019730303412563488,0.04988715395636015,0.14693616228907783,0.206397315769319,0.0199288995123792,0.15212902591188648,0.25039718147706985,0.596159420289855,0.03475021136145845,0.5289855072463768,0.6521739130434783,0.4014492753623189,0.023769883285299602,0.34057971014492755,0.463768115942029,0.3543734173236295,0.04422564959488795,0.22356923727917066,0.4434640522875817,76.0,0.0,76,76,35.514018691588774,1.4210854715202004e-14,35.51401869158879,35.51401869158879
glass,iqr,standard,hamming,1471.687998061985,72.48611427648586,1270.2850051103073,1685.5375688395206,0.00560286328918408,0.008044852331013383,-0.011883845644789762,0.023456652564453086,-0.002347936929120707,0.037898933542765016,-0.06288027195187916,0.1117782445371713,0.09172879833863848,0.0390412274118747,0.03840429276814257,0.22956039605112485,0.4892753623188406,0.027640534724212004,0.4420289855072464,0.5797101449275363,0.3860144927536232,0.0359387416682751,0.3115942028985507,0.4855072463768116,0.20702676478026827,0.06956186198005643,0.1173611111111111,0.4086270609449418,76.0,0.0,76,76,35.514018691588774,1.4210854715202004e-14,35.51401869158879,35.51401869158879
glass,iqr,robust,euclidean,557.3077466952486,7.740618919399928,546.3186631286324,587.0593394845517,0.26276443189847387,0.047379126020540493,0.20324089822728658,0.4437597732500523,0.10912396224464523,0.037755044257857875,0.07075777095122636,0.21275243872645863,0.2600675753331415,0.03180727104094606,0.18670697642820597,0.3134637376759609,0.564782608695652,0.052473175551789986,0.5072463768115942,0.6666666666666666,0.45905797101449275,0.05055224327927603,0.37681159420289856,0.5579710144927537,0.3309273412822772,0.043423108389625036,0.17375519863973712,0.44443722220158727,76.0,0.0,76,76,35.514018691588774,1.4210854715202004e-14,35.51401869158879,35.51401869158879
glass,iqr,robust,manhattan,693.5889708483471,66.25647974854706,594.9275722214379,877.6575014359977,0.2379539030682157,0.0411942568787926,0.1606515038476066,0.395999356565524,0.18799461208997775,0.07436131327007912,0.05748069804597198,0.30399462909202196,0.3054758719754939,0.058418389972744934,0.185485250150499,0.4016484212798778,0.6397826086956522,0.07859092372103378,0.5,0.7463768115942029,0.5029710144927536,0.06939210798270617,0.3333333333333333,0.6159420289855072,0.36177090315898924,0.07230623565323398,0.18337486422592805,0.4725810904071774,76.0,0.0,76,76,35.514018691588774,1.4210854715202004e-14,35.51401869158879,35.51401869158879
glass,iqr,robust,cosine,1182.8674414452657,35.401427995742964,1092.4459800201453,1239.6481583611007,0.38705261654136514,0.023025412563581475,0.30434781281940687,0.4255065355784795,0.1326340825388847,0.04143849322957183,0.026399056729740446,0.18899170961330183,0.21042461783227062,0.03680929697590477,0.10538520777130583,0.2649544902105024,0.6089855072463768,0.04832762932685304,0.47101449275362317,0.6811594202898551,0.41224637681159426,0.04491461946157244,0.2971014492753623,0.45652173913043476,0.22120944021717498,0.01952191759059452,0.15873015873015872,0.2487599831862127,76.0,0.0,76,76,35.514018691588774,1.4210854715202004e-14,35.51401869158879,35.51401869158879
glass,iqr,robust,minkowski,565.5153309799138,11.194576996079283,549.6338023103003,595.3462529123656,0.2565979282555424,0.05705740088307647,0.18545275184656645,0.46105308971413866,0.09626391833919763,0.03634098015889578,0.05991238491686956,0.18223511828872063,0.23132050734982307,0.037572853021434816,0.16984435297579725,0.33158708010508514,0.5470289855072463,0.053637826047601804,0.4855072463768116,0.6521739130434783,0.4404347826086957,0.055938837484992864,0.35507246376811596,0.5507246376811594,0.32085343599250554,0.05243345544019919,0.16730072463768117,0.4066738816738817,76.0,0.0,76,76,35.514018691588774,1.4210854715202004e-14,35.51401869158879,35.51401869158879
glass,iqr,robust,chebyshev,587.7657692488445,14.720102408935448,561.0413479637158,613.1113682020082,0.2512174727535698,0.060680562336492744,0.15364071183936295,0.4919156330027666,0.08042738548847109,0.02666392681941053,0.04622249312307576,0.16301697098982948,0.20593837866373532,0.024570884901700923,0.15780625657890712,0.2651070381727667,0.5228985507246378,0.0381481651416644,0.4855072463768116,0.644927536231884,0.41985507246376813,0.0453442571812051,0.34057971014492755,0.5289855072463768,0.28784441170887054,0.07374098083127348,0.16730072463768117,0.4058992939427722,76.0,0.0,76,76,35.514018691588774,1.4210854715202004e-14,35.51401869158879,35.51401869158879
glass,iqr,robust,correlation,1114.4406854425422,39.79165295561602,1066.720644765729,1243.4929139223234,0.39692494688053725,0.021904895289444663,0.29875049124404535,0.4485564266872792,0.14422659541272234,0.02265392401241574,0.05488174142123114,0.17511667385042862,0.22035556865234077,0.019625150977818872,0.15482874271008426,0.25129667972096764,0.6268840579710144,0.029780669212916718,0.5217391304347826,0.6666666666666666,0.42384057971014494,0.028501299822594056,0.3115942028985507,0.4782608695652174,0.230567509598592,0.01886908977977822,0.18928571428571428,0.3383838383838384,76.0,0.0,76,76,35.514018691588774,1.4210854715202004e-14,35.51401869158879,35.51401869158879
glass,iqr,robust,hamming,2532.6450782719157,130.7503481265705,2058.2920132025342,2844.005461984231,0.004402204025058062,0.008712298232289856,-0.01331550330120329,0.023456652564453086,-0.012933965430704984,0.027072004612157936,-0.05827044828279254,0.08194404074658575,0.08147533828562016,0.02633297380801445,0.03840429276814257,0.19793442574369838,0.48615942028985515,0.02520854000915135,0.4420289855072464,0.5507246376811594,0.38007246376811593,0.03130862490910137,0.3115942028985507,0.47101449275362317,0.20912990112477126,0.06010461072993254,0.11788341822297681,0.38762511373976344,76.0,0.0,76,76,35.514018691588774,1.4210854715202004e-14,35.51401869158879,35.51401869158879
glass,iqr_1.2,none,euclidean,45.55232081918544,0.7736241210619785,44.74407320993362,46.915122094180205,0.24697985985981621,0.007793292656129576,0.23486897012209826,0.27074638502503234,0.155325355600702,0.022145688952424313,0.09527276260697362,0.20109322268741536,0.2945450506015842,0.02591148022788956,0.2141404850283703,0.3228428373345035,0.6591338582677163,0.04450449147332798,0.5433070866141733,0.7007874015748031,0.472992125984252,0.03582902130169808,0.4094488188976378,0.5354330708661418,0.4368894612520407,0.04604191155180152,0.3515028922247063,0.4815180155747239,87.0,0.0,87,87,40.65420560747664,7.105427357601002e-15,40.654205607476634,40.654205607476634
glass,iqr_1.2,none,manhattan,49.34335499033894,1.2757776678835608,46.857832666999954,51.31267668504996,0.23844178099840982,0.008639067240910575,0.2082044426444833,0.25766031726257765,0.15866947016065366,0.016749402793657206,0.07689442668500751,0.20937154104294212,0.28890736535175815,0.020124086267377005,0.1953858173332792,0.3467193694573741,0.6681102362204723,0.01961799606819055,0.5511811023622047,0.6929133858267716,0.455984251968504,0.04318658970285868,0.4094488188976378,0.5433070866141733,0.38956265853009614,0.048974572294524996,0.3361111111111111,0.4751898547518985,87.0,0.0,87,87,40.65420560747664,7.105427357601002e-15,40.654205607476634,40.654205607476634
glass,iqr_1.2,none,cosine,46.38301062665199,0.7517815548953933,45.40893204885582,47.4035562174445,0.3936032555379525,0.031063420931493276,0.3442844124038576,0.4388617413070477,0.16433412853568752,0.03615648485487745,0.08838191789768206,0.23374526692228034,0.28968148944506616,0.028253677124085448,0.2111182371104121,0.3226730062731667,0.6616535433070865,0.043945967533962946,0.5511811023622047,0.7086614173228346,0.47511811023622047,0.04915076430326658,0.4094488188976378,0.5905511811023622,0.4281374428815498,0.04975856023254237,0.3511904761904762,0.4780913575228491,87.0,0.0,87,87,40.65420560747664,7.105427357601002e-15,40.654205607476634,40.654205607476634
glass,iqr_1.2,none,minkowski,46.024821411083664,0.7312351123686738,44.84663909480121,47.03732788760304,0.24990405088566997,0.0089888335467756,0.2264468111793655,0.270019435609962,0.15555167733296615,0.02269681813455637,0.09848189663459146,0.20520331647995788,0.28443479370444263,0.02133766449192054,0.23230247392166392,0.3275814196999898,0.6606299212598423,0.03788539125580916,0.5433070866141733,0.7086614173228346,0.46448818897637795,0.038259857914444154,0.3858267716535433,0.5669291338582677,0.42726626878957563,0.04578322245910556,0.34774126575028635,0.481373564706898,87.0,0.0,87,87,40.65420560747664,7.105427357601002e-15,40.654205607476634,40.654205607476634
glass,iqr_1.2,none,chebyshev,46.93571253271758,0.6674195257419504,45.46664394831845,48.01405022712892,0.24962847419422846,0.013395121384802068,0.20511392753767796,0.2812526430187592,0.16175010696331937,0.02002456646887598,0.1037528257208684,0.22262947096212302,0.2751470540680143,0.019571767709911644,0.21930868904503656,0.3151804014545145,0.6644094488188975,0.023058366450738155,0.5511811023622047,0.7007874015748031,0.4721259842519685,0.03310684207419947,0.3937007874015748,0.5826771653543307,0.4160265366096105,0.05125855233805868,0.341991341991342,0.481373564706898,87.0,0.0,87,87,40.65420560747664,7.105427357601002e-15,40.654205607476634,40.654205607476634
glass,iqr_1.2,none,correlation,46.913474990680236,0.8620177407348486,45.858876078645466,48.31628484434541,0.4053449871935672,0.03163181288493253,0.3525449387466049,0.44972835909152414,0.15564525082347486,0.03565756822131522,0.09733478876801271,0.2191748310059721,0.2898785481659135,0.028859670184084835,0.22313571252537037,0.33022902041584057,0.6549606299212598,0.04479726792551558,0.5748031496062992,0.7007874015748031,0.46062992125984253,0.04736860233919695,0.3937007874015748,0.5511811023622047,0.4236553493797936,0.04767170835961234,0.35411810411810407,0.4811906996641509,87.0,0.0,87,87,40.65420560747664,7.105427357601002e-15,40.654205607476634,40.654205607476634
glass,iqr_1.2,none,hamming,155.59174954313005,8.034873872457487,129.00646470610005,173.30738551529998,0.005073196397355504,0.012068880625478715,-0.014285636171674495,0.07274754593592925,-0.00041266440686005024,0.03546539730491271,-0.05527610231486801,0.10915993376746955,0.09241458230591311,0.03332747164902067,0.03969480823700059,0.17923086281734316,0.5035433070866141,0.029088600727662794,0.4566929133858268,0.5905511811023622,0.3951968503937009,0.0343345912707333,0.3228346456692913,0.4881889763779528,0.22457889700423433,0.06798124809242335,0.1255044390637611,0.4170713760117734,87.0,0.0,87,87,40.65420560747664,7.105427357601002e-15,40.654205607476634,40.654205607476634
glass,iqr_1.2,minmax,euclidean,13.229426630677082,0.22962178592652113,12.877166139096799,13.719954782799096,0.22359425219738457,0.010661296754256663,0.2108878957496558,0.29313807532662806,0.22832997498286023,0.04261215871424117,0.09144145315110042,0.30508234342613694,0.288578512860007,0.029249559628297422,0.2184110518746307,0.35033596035644493,0.7007086614173227,0.033748127027616745,0.5196850393700787,0.7480314960629921,0.5425984251968503,0.025492726408883764,0.4409448818897638,0.5905511811023622,0.4597850200021224,0.042365393399080825,0.3436739096933272,0.5273318042813456,87.0,0.0,87,87,40.65420560747664,7.105427357601002e-15,40.654205607476634,40.654205607476634
glass,iqr_1.2,minmax,manhattan,15.248960757045342,0.30891671078484634,14.253545820672036,15.89141572223037,0.22970117121830844,0.016289661016497595,0.1882661901145162,0.26364105895472106,0.2562528517060068,0.038493517055510525,0.06972465686984587,0.3054153645915006,0.3292751986776708,0.03197085078814071,0.19417400254980052,0.4080047431062442,0.7148031496062992,0.026552600815762294,0.5354330708661418,0.7559055118110236,0.5506299212598426,0.04500266937061068,0.4094488188976378,0.6535433070866141,0.4177860359479438,0.07460723145815824,0.24307093979225125,0.6017811953945241,87.0,0.0,87,87,40.65420560747664,7.105427357601002e-15,40.654205607476634,40.654205607476634
glass,iqr_1.2,minmax,cosine,13.34937983631943,0.2746832825198231,12.877166139096799,13.952611303102618,0.35107683895570674,0.018471910313696334,0.3142667696229929,0.45379569674892334,0.23643037592806457,0.03960391691237648,0.09144145315110042,0.30508234342613694,0.2982898723200297,0.027765471555840422,0.2184110518746307,0.35311668734064644,0.7060629921259841,0.03397808866050323,0.5196850393700787,0.7480314960629921,0.5466141732283465,0.02779828673658668,0.4409448818897638,0.5905511811023622,0.4366338482089752,0.056211739886935126,0.3342342342342342,0.5817232209215905,87.0,0.0,87,87,40.65420560747664,7.105427357601002e-15,40.654205607476634,40.654205607476634
glass,iqr_1.2,minmax,minkowski,13.409809134356822,0.26184439748660515,12.926039899588787,13.872005687185354,0.20990364430300942,0.00966490718434631,0.1818104063865372,0.26500106130285256,0.19676864608037403,0.03607840741591185,0.05417453592756335,0.2776327613786275,0.27030658585313405,0.02793976805440899,0.16707578106700818,0.3250440621836216,0.678346456692913,0.03833885678702326,0.5039370078740157,0.7322834645669292,0.5196850393700787,0.02897381022515606,0.3937007874015748,0.5984251968503937,0.43231019378943647,0.05306435436795321,0.33456062837506134,0.5849002849002849,87.0,0.0,87,87,40.65420560747664,7.105427357601002e-15,40.654205607476634,40.654205607476634
glass,iqr_1.2,minmax,chebyshev,14.605677536334394,0.3321891524284127,13.930788279782682,15.404313450855806,0.18800558510085502,0.011470839909457957,0.160185284359554,0.21537565148715906,0.13342114879016762,0.018861145117639408,0.08568237414686615,0.1708500931047169,0.23711536455601798,0.021812563927982757,0.1823100768400302,0.2840629309135886,0.6415748031496062,0.01958969033731608,0.5669291338582677,0.6771653543307087,0.45204724409448827,0.02452588434772549,0.3937007874015748,0.5590551181102362,0.34863709779440355,0.053640437368817344,0.2314732142857143,0.5574387947269303,87.0,0.0,87,87,40.65420560747664,7.105427357601002e-15,40.654205607476634,40.654205607476634
glass,iqr_1.2,minmax,correlation,13.561078363789342,0.22143606033527205,13.022131947622777,14.033561585883334,0.3531373415480516,0.02095542032983454,0.25678617580828145,0.45402940387507584,0.2266481349301999,0.04647712863003316,0.08142024021380377,0.3212371656359001,0.28662298547134446,0.03582564459053834,0.19813944894419877,0.360061355399607,0.7032283464566927,0.033438062686227385,0.5118110236220472,0.7559055118110236,0.544015748031496,0.03072067199003588,0.41732283464566927,0.5984251968503937,0.4465840030840329,0.05946401510814164,0.3481352412130172,0.5850634675628326,87.0,0.0,87,87,40.65420560747664,7.105427357601002e-15,40.654205607476634,40.654205607476634
glass,iqr_1.2,minmax,hamming,45.55687306659241,1.7138325651595459,39.720255973266845,49.45314014348119,0.007668986366798227,0.010791998555782521,-0.01376550565758403,0.07274754593592925,0.009937676586513894,0.033233039154053866,-0.045192586055017296,0.1035578408770302,0.10667953133058755,0.037218216602335145,0.04420503308570112,0.19249458476860298,0.5003149606299213,0.027444531448079287,0.4566929133858268,0.5748031496062992,0.3942519685039372,0.03520054940135674,0.31496062992125984,0.47244094488188976,0.23544913694639333,0.06995219001799426,0.1255044390637611,0.40615454974722703,87.0,0.0,87,87,40.65420560747664,7.105427357601002e-15,40.654205607476634,40.654205607476634
glass,iqr_1.2,standard,euclidean,436.4455372872597,6.058401860009067,422.97986745225796,462.9073002084923,0.2143128288948434,0.0223189719094908,0.17096199611641852,0.2699022357164202,0.16428408830454824,0.07897274755747329,0.0451601601500242,0.3231937728763954,0.28273746955970475,0.05895296103725695,0.16820177037487727,0.3896324703098626,0.6307086614173227,0.08447244681663094,0.5118110236220472,0.7637795275590551,0.481259842519685,0.07801460999427444,0.33858267716535434,0.5905511811023622,0.4395295137831651,0.049268478899689966,0.2619667860631716,0.5745701058201057,87.0,0.0,87,87,40.65420560747664,7.105427357601002e-15,40.654205607476634,40.654205607476634
glass,iqr_1.2,standard,manhattan,510.4540764471341,23.96623203376812,465.45034067354214,591.3216961662025,0.20558736215195814,0.023116605019816508,0.15028571104674754,0.25776961107308577,0.21408106133244703,0.07004988405520732,0.03880668693230959,0.3181207022464723,0.303879571261809,0.06247702281964081,0.1553715880667459,0.43793607765515213,0.6729133858267714,0.061199087335160336,0.5196850393700787,0.7480314960629921,0.5113385826771653,0.07156107211308452,0.31496062992125984,0.6535433070866141,0.4009658353347655,0.07037539573922545,0.28496353496353494,0.6162585373979678,87.0,0.0,87,87,40.65420560747664,7.105427357601002e-15,40.654205607476634,40.654205607476634
glass,iqr_1.2,standard,cosine,546.000199560554,31.488395853448683,460.92283007834476,575.0810568855318,0.37463679330661054,0.027423286799108545,0.2928144525837677,0.3996832401353123,0.13234143148096153,0.03457132299642837,0.06714197351182022,0.20671060698272606,0.21883585669047256,0.02208658160621789,0.16871921822657504,0.27613102112316085,0.6305511811023622,0.046030071013793535,0.5433070866141733,0.7007874015748031,0.4227559055118111,0.03184248463747224,0.33070866141732286,0.49606299212598426,0.3397946950035917,0.031531531062252316,0.2839850973812166,0.4338624338624339,87.0,0.0,87,87,40.65420560747664,7.105427357601002e-15,40.654205607476634,40.654205607476634
glass,iqr_1.2,standard,minkowski,440.5210634212773,7.45967937450105,425.4615740731881,467.58653035860806,0.21041579272825092,0.026004369288234883,0.15913157690445973,0.25963733077371476,0.13709317378281177,0.06005481997369057,0.049487296328122266,0.2641349437327118,0.26873124821400557,0.052154986673728324,0.16165151048045917,0.37629005079609207,0.6141732283464566,0.07274840606268408,0.5039370078740157,0.7401574803149606,0.45598425196850395,0.05703195863100451,0.36220472440944884,0.5748031496062992,0.42483756081140844,0.047081354857124294,0.2667875369325812,0.5619047619047619,87.0,0.0,87,87,40.65420560747664,7.105427357601002e-15,40.654205607476634,40.654205607476634
glass,iqr_1.2,standard,chebyshev,462.5760341422333,7.136622169589971,450.4872323121125,487.23023782007215,0.2201768709037945,0.019576072107102556,0.16595490321595485,0.2562567620559195,0.09464229036968744,0.01791847743729553,0.07250726823693589,0.17621066755338977,0.21610873874484418,0.017616917811613963,0.17186303016177626,0.30152286328122835,0.5762204724409448,0.023020691994475737,0.5354330708661418,0.6535433070866141,0.42645669291338584,0.01994225652696281,0.3858267716535433,0.5196850393700787,0.39887465701800506,0.03572192441476032,0.26701022289257587,0.45122161788828447,87.0,0.0,87,87,40.65420560747664,7.105427357601002e-15,40.654205607476634,40.654205607476634
glass,iqr_1.2,standard,correlation,548.6350002045633,27.76695854370986,471.7378867410889,576.2244865823416,0.37803943339300344,0.030626015766602344,0.284448539449043,0.4044636128935552,0.14394077445712705,0.033968253159517604,0.06267389182450148,0.2135901278595788,0.22765921047153376,0.022653034304100365,0.15464231643716345,0.27335851522591664,0.6434645669291338,0.04612963750005968,0.5039370078740157,0.7007874015748031,0.43275590551181103,0.02838842038234645,0.36220472440944884,0.5275590551181102,0.34346948622540296,0.03153315445884159,0.27665062817428493,0.45125634599318803,87.0,0.0,87,87,40.65420560747664,7.105427357601002e-15,40.654205607476634,40.654205607476634
glass,iqr_1.2,standard,hamming,1320.1038087581276,67.70097374014983,1119.1332681576414,1444.7195990401415,0.008096299922820023,0.011060813917077222,-0.01376550565758403,0.07274754593592925,0.0051636836321298256,0.032863604472076244,-0.05527610231486801,0.1094364043585092,0.10263965557422998,0.0335416846324889,0.04473056501598898,0.19249458476860298,0.5011023622047245,0.027491931754837145,0.4566929133858268,0.5826771653543307,0.4003937007874018,0.032681908393089175,0.31496062992125984,0.4881889763779528,0.24997198190172867,0.06955366146555776,0.13381410256410256,0.4170713760117734,87.0,0.0,87,87,40.65420560747664,7.105427357601002e-15,40.654205607476634,40.654205607476634
glass,iqr_1.2,robust,euclidean,567.616695156334,30.060041852927082,505.21530419091766,656.1844620930822,0.25324095014184894,0.06054176274849101,0.17483384715481493,0.49301551095127044,0.1092821939494601,0.054291129183725556,0.04988297322443916,0.26271074031400043,0.2625183137838851,0.04517094748700652,0.1789266502461702,0.3629682958918334,0.5760629921259842,0.06250520469369913,0.5039370078740157,0.7480314960629921,0.46354330708661423,0.05754666648240927,0.3779527559055118,0.5905511811023622,0.4497115731083444,0.0541868497889675,0.2824314380605771,0.5948343079922027,87.0,0.0,87,87,40.65420560747664,7.105427357601002e-15,40.654205607476634,40.654205607476634
glass,iqr_1.2,robust,manhattan,717.6001913827826,53.337371655806166,601.0626096117678,834.6947331756983,0.22416272733964282,0.030476898948066267,0.16846966131088398,0.4182829380614216,0.21379069493134303,0.09232461561983786,0.04987347940716489,0.3586287698606383,0.3315779104865554,0.06717446276499929,0.18467944516399853,0.4594104434717091,0.6698425196850393,0.08570210551498593,0.5118110236220472,0.8031496062992126,0.5214173228346456,0.07280446278202733,0.33070866141732286,0.6299212598425197,0.43581047600200895,0.060036421740376544,0.30685481557964783,0.6255837949386336,87.0,0.0,87,87,40.65420560747664,7.105427357601002e-15,40.654205607476634,40.654205607476634
glass,iqr_1.2,robust,cosine,1069.960209636503,33.346024803850725,951.0132086586174,1120.9372013970542,0.37726033144705373,0.0354864487091121,0.3043680220300944,0.45404804199022386,0.10442795471496198,0.056460270839248324,0.03710363046027724,0.19672916320586115,0.18872525582285676,0.05030509103760122,0.11539182670714618,0.28204261042518686,0.5825984251968503,0.06418646305728395,0.48031496062992124,0.7007874015748031,0.3708661417322834,0.04304862026090282,0.30708661417322836,0.44881889763779526,0.21381904646477745,0.02914773478877739,0.17218019087177963,0.2913047935948699,87.0,0.0,87,87,40.65420560747664,7.105427357601002e-15,40.654205607476634,40.654205607476634
glass,iqr_1.2,robust,minkowski,571.8238740200374,28.9761787848644,505.21530419091766,653.2762641633319,0.2620339572684087,0.06992304769140525,0.14942292993563333,0.5162463659737323,0.08607237516610368,0.04093933248926682,0.0530775307160249,0.2030967723956696,0.24406456059860013,0.04109900216803208,0.18201086473530026,0.3715485018407847,0.551259842519685,0.049593736692020274,0.5039370078740157,0.6850393700787402,0.43598425196850393,0.049782900243701286,0.3700787401574803,0.5669291338582677,0.43936974991758027,0.055058155600549066,0.28965517241379307,0.5815279958137102,87.0,0.0,87,87,40.65420560747664,7.105427357601002e-15,40.654205607476634,40.654205607476634
glass,iqr_1.2,robust,chebyshev,604.0656128398009,37.666369851311515,509.92297633698405,672.2219373698774,0.2405239526984959,0.07671828826983369,0.13346119551867786,0.5484558111339136,0.07921941966614215,0.025089291307429127,0.04248392536843115,0.153866703610666,0.2264118946630926,0.029402892404594354,0.17168682387883163,0.30973094021503966,0.5476377952755906,0.03775219000873594,0.49606299212598426,0.6614173228346457,0.420236220472441,0.04167512055928989,0.3543307086614173,0.5118110236220472,0.4052667357689728,0.07524006460480022,0.2588479016305801,0.5813613856617151,87.0,0.0,87,87,40.65420560747664,7.105427357601002e-15,40.654205607476634,40.654205607476634
glass,iqr_1.2,robust,correlation,1069.1256194015828,35.410854665011826,975.0465789427665,1129.1211520358659,0.3795279180530317,0.04473414750271429,0.29580241927145473,0.45562733138512024,0.11532170905139932,0.0541461973134149,0.038216871782841506,0.19900717399494564,0.20400149432558645,0.05034751288010849,0.11665157042357771,0.29404675291033827,0.6009448818897637,0.06591524777803524,0.49606299212598426,0.7007874015748031,0.37440944881889765,0.03755459786358578,0.31496062992125984,0.4330708661417323,0.22471965950464734,0.0342769145640427,0.17860313702278782,0.30807788702525546,87.0,0.0,87,87,40.65420560747664,7.105427357601002e-15,40.654205607476634,40.654205607476634
glass,iqr_1.2,robust,hamming,2132.436508354378,173.25731580518678,1751.2094592765552,2421.220536059388,0.007663681660212747,0.012075275213445374,-0.008341472255400172,0.07274754593592925,0.004974868061687606,0.03185596313244517,-0.0485250698770355,0.1094364043585092,0.10066840052770884,0.03153020220691694,0.046523601110724705,0.20558204865431112,0.49622047244094497,0.026724831682037906,0.44881889763779526,0.5826771653543307,0.40181102362204735,0.034796646700698666,0.3228346456692913,0.4881889763779528,0.27279813548664406,0.06530228214104798,0.11930541368743618,0.4170713760117734,87.0,0.0,87,87,40.65420560747664,7.105427357601002e-15,40.654205607476634,40.654205607476634
glass,iqr_1.8,none,euclidean,60.803748471034275,0.8312534002203621,59.953865576201935,62.619692603641774,0.2516970826060654,0.010073112347573363,0.23644887434586762,0.2841660422123834,0.1375028781853977,0.018781749708486888,0.08629363280238941,0.1800068692753549,0.2861569237192604,0.016728459930449503,0.24252051915764183,0.33328950894805626,0.6330769230769231,0.032925925692651084,0.5314685314685315,0.6713286713286714,0.4579720279720279,0.026249311576822885,0.4125874125874126,0.5314685314685315,0.42286488700825847,0.04709864037157534,0.1788919413919414,0.5078282828282829,71.0,0.0,71,71,33.177570093457945,0.0,33.177570093457945,33.177570093457945
glass,iqr_1.8,none,manhattan,66.97680564838092,2.246029202772689,62.79775669474995,69.8066615956499,0.24182043341535803,0.011178002153608722,0.2199635038629258,0.27744734776633884,0.13954520385681302,0.019433546211316502,0.08369456046681352,0.19069606852903362,0.27692661912327077,0.020552195813557873,0.22330618521100418,0.33524900848812256,0.6425874125874127,0.023359051004419724,0.5524475524475524,0.6783216783216783,0.4458741258741259,0.03684617972650846,0.38461538461538464,0.5454545454545454,0.3684795338121662,0.06703461363027488,0.22345238095238096,0.50515750159713,71.0,0.0,71,71,33.177570093457945,0.0,33.177570093457945,33.177570093457945
glass,iqr_1.8,none,cosine,63.03522368997156,0.7590584422040457,60.90885944294817,64.11248136714218,0.38992307319647845,0.03122555803665594,0.333473203886964,0.4352908369939366,0.1413274535740099,0.026673621893362132,0.07537205422943612,0.21481695244416704,0.26872121946374944,0.017440686815836617,0.20742202322000292,0.3071218532918035,0.6353146853146854,0.030854538449175246,0.5174825174825175,0.6783216783216783,0.46132867132867134,0.034775078411656356,0.38461538461538464,0.5664335664335665,0.38832038698065285,0.06538378476812277,0.19117647058823528,0.5088235294117648,71.0,0.0,71,71,33.177570093457945,0.0,33.177570093457945,33.177570093457945
glass,iqr_1.8,none,minkowski,61.04534857844644,0.8473833745977186,59.85215160674358,62.79880812678972,0.257162189708353,0.009124191145954093,0.24166364180891164,0.28347132289187055,0.13829980026274877,0.019996059438988727,0.0848330787981997,0.194957699377684,0.2777340512006796,0.018125036054579415,0.22329030695616642,0.3147090094557484,0.6222377622377622,0.03708245956347339,0.5174825174825175,0.6713286713286714,0.4612587412587413,0.028746617845528358,0.4125874125874126,0.5244755244755245,0.4143617278818883,0.05168192433434069,0.2695203569436698,0.5079381602282366,71.0,0.0,71,71,33.177570093457945,0.0,33.177570093457945,33.177570093457945
glass,iqr_1.8,none,chebyshev,62.77953207203905,0.7776617668700404,61.05856900719204,64.28808239050684,0.2539993526855761,0.009822558771040615,0.22922799659473442,0.27783597524710346,0.13661014758047862,0.020743745604609332,0.0855441301539678,0.17072109515027145,0.25680644677013914,0.02130168373141083,0.221986743102951,0.30670568115905955,0.6198601398601399,0.03802704355929129,0.5454545454545454,0.6783216783216783,0.4651748251748252,0.030441355440941127,0.3706293706293706,0.5244755244755245,0.3970141276425094,0.04525213608863288,0.33091787439613524,0.5105576572789687,71.0,0.0,71,71,33.177570093457945,0.0,33.177570093457945,33.177570093457945
glass,iqr_1.8,none,correlation,64.11428386136613,0.945870122861243,61.84430870756507,65.61354387076119,0.39506259398798504,0.02978608360591334,0.3372046113894586,0.43846068982927716,0.14141502212953685,0.02497451944015674,0.09544610498537683,0.20115212258070142,0.26797987666438194,0.01837522614799752,0.20826989062300982,0.3127528575365244,0.6379020979020978,0.030362537948842472,0.5524475524475524,0.6853146853146853,0.45237762237762247,0.03677410879287088,0.3776223776223776,0.5384615384615384,0.3854331389063882,0.06458048017223578,0.19450276770376027,0.5124697681035709,71.0,0.0,71,71,33.177570093457945,0.0,33.177570093457945,33.177570093457945
glass,iqr_1.8,none,hamming,229.22664380884208,11.003580636734197,199.92024130810023,261.67351193400066,0.006150732799343987,0.009344317313826551,-0.014108662979849324,0.0520352628869711,-0.007295043353569015,0.03254286813003601,-0.06111204818948784,0.07608655613816714,0.08268028608124053,0.03196620931961189,0.02898775836178904,0.16614409381594955,0.48370629370629364,0.021780831397415906,0.4405594405594406,0.5524475524475524,0.38104895104895115,0.02564622748675545,0.3146853146853147,0.42657342657342656,0.18415954565425272,0.05298629667161867,0.10194174757281553,0.29870578543144916,71.0,0.0,71,71,33.177570093457945,0.0,33.177570093457945,33.177570093457945
glass,iqr_1.8,minmax,euclidean,16.049790475983624,0.1000506669590994,15.895832948178123,16.333042952103778,0.26339519320633725,0.037716646450294,0.22521128825342981,0.38946400414380633,0.06119130793957622,0.01577128929623995,0.03860811139661628,0.12569099364931044,0.1937717169526488,0.018185718031681373,0.1554497646166817,0.2390197293957003,0.5344055944055944,0.024328831128105098,0.5034965034965035,0.6433566433566433,0.3664335664335664,0.023444831628307985,0.32867132867132864,0.4195804195804196,0.34004843662528317,0.05174124414241204,0.21646436352318701,0.44272081400716967,71.0,0.0,71,71,33.177570093457945,0.0,33.177570093457945,33.177570093457945
glass,iqr_1.8,minmax,manhattan,17.388758154371377,0.3320930969556474,16.913958406619656,18.363323669142122,0.23467055382081842,0.03339776523213119,0.1973741308850377,0.31906274151604347,0.0896874313253411,0.07306943929890683,0.021999050998272006,0.23861004825851959,0.22799516969407357,0.060108954695635694,0.15631503265753474,0.3526303508712783,0.5781118881118882,0.07721530632416734,0.4965034965034965,0.7202797202797203,0.3962937062937062,0.07137017166500033,0.32167832167832167,0.5244755244755245,0.33386053804768134,0.04396352399244014,0.21296797238595125,0.4098110235061139,71.0,0.0,71,71,33.177570093457945,0.0,33.177570093457945,33.177570093457945
glass,iqr_1.8,minmax,cosine,16.09362043655281,0.10323533449373595,15.929723739333726,16.44866573843975,0.41829993144479743,0.048822404022345,0.34853346905745086,0.5540611549692644,0.06070309847676633,0.01324770695881987,0.03902138820702901,0.10869141937102621,0.19361744078223653,0.018130179935586136,0.1464867815383258,0.24306465026062876,0.5350349650349652,0.020085761646508167,0.5034965034965035,0.6153846153846154,0.370979020979021,0.0219890876692729,0.32867132867132864,0.43356643356643354,0.3378672120337947,0.045798168492430444,0.2346504799771668,0.4455836071072701,71.0,0.0,71,71,33.177570093457945,0.0,33.177570093457945,33.177570093457945
glass,iqr_1.8,minmax,minkowski,16.141247308131163,0.1303695957808716,15.91253119106806,16.62746725410969,0.28152498748783206,0.04918098053336092,0.22548400021193188,0.40431975793190006,0.06348908149584274,0.016087385575559332,0.03849335530401062,0.12328233230078543,0.19067382769238214,0.02140680980701027,0.1469644080513561,0.22824398306522814,0.5374825174825175,0.02387925025197011,0.4965034965034965,0.6363636363636364,0.376923076923077,0.022124883943435487,0.32867132867132864,0.4195804195804196,0.3381062879425383,0.05242374756339829,0.25625817298711,0.45073400120129087,71.0,0.0,71,71,33.177570093457945,0.0,33.177570093457945,33.177570093457945
glass,iqr_1.8,minmax,chebyshev,17.517668940065654,0.4128450257217334,16.406897102903763,18.27448024803034,0.2801547421793403,0.05451954617542153,0.19423853918822342,0.3966388043983409,0.06534572858712237,0.012139739295225879,0.03690189604368617,0.10124298948393479,0.1760834356597522,0.02174182585419111,0.12502014548352863,0.21849141137403122,0.534895104895105,0.027980680479953963,0.4825174825174825,0.6153846153846154,0.37230769230769234,0.02257604338347533,0.32167832167832167,0.42657342657342656,0.3179969287383704,0.07068318420837338,0.17396184062850728,0.5128459131120474,71.0,0.0,71,71,33.177570093457945,0.0,33.177570093457945,33.177570093457945
glass,iqr_1.8,minmax,correlation,16.15994158043139,0.12085071144049184,15.933005985683376,16.44344202893327,0.41564373978264885,0.04617311070774799,0.3311077179712062,0.5474954721627668,0.07136673430701519,0.022107843772125883,0.04787187713127913,0.1934007273874808,0.19953768883603287,0.020538527036603596,0.1655455598247033,0.27978528094499144,0.553986013986014,0.03057119999057942,0.5104895104895105,0.6783216783216783,0.3832167832167833,0.024940635664513305,0.34265734265734266,0.5034965034965035,0.35648706509440026,0.0551389427671816,0.23992673992673988,0.5208470244614822,71.0,0.0,71,71,33.177570093457945,0.0,33.177570093457945,33.177570093457945
glass,iqr_1.8,minmax,hamming,51.414809634980145,2.6027081113919084,43.314379204717525,56.90741078988238,0.007494626371496666,0.007414359952686662,-0.008768597917032845,0.030113822477463616,0.0017868541533517714,0.034617228805668504,-0.06111204818948784,0.07352970297172327,0.09259208476979161,0.03600561776798302,0.03037148308829672,0.18365996804067108,0.4887412587412588,0.025153351369919627,0.4405594405594406,0.5734265734265734,0.384965034965035,0.03042359912366289,0.3076923076923077,0.44755244755244755,0.1883474794191122,0.05440053867880054,0.10194174757281553,0.3393068617206549,71.0,0.0,71,71,33.177570093457945,0.0,33.177570093457945,33.177570093457945
glass,iqr_1.8,standard,euclidean,436.2621369277683,8.891286828762212,433.5079805350564,485.3430856135533,0.24005164939869697,0.016768569384752074,0.18646650100493256,0.2966353419564105,0.08482184855444436,0.022532655068050057,0.06698586766767162,0.21575101404510574,0.23807917478883323,0.019043436946574895,0.1931463430815245,0.3412045159263084,0.5450349650349651,0.027581540140926727,0.5244755244755245,0.6993006993006993,0.3830069930069931,0.0262373857458786,0.36363636363636365,0.5314685314685315,0.41152166906978516,0.01757588432560675,0.28981752806443845,0.4791445313757687,71.0,0.0,71,71,33.177570093457945,0.0,33.177570093457945,33.177570093457945
glass,iqr_1.8,standard,manhattan,553.269648625449,46.46180975815031,477.6117918803159,626.9861662519666,0.21750082740386906,0.023690580786324095,0.1542076660562765,0.2659440976806778,0.1551934940674575,0.06993280928907192,0.023234443281078574,0.2525581968419221,0.26857790018297006,0.06121362828589784,0.14761120486891138,0.396281579519788,0.6372027972027973,0.0709456327134727,0.4965034965034965,0.7272727272727273,0.45104895104895093,0.06511011523918517,0.32867132867132864,0.5944055944055944,0.3901122380212519,0.06699983829044406,0.2756873675347676,0.5520557029177718,71.0,0.0,71,71,33.177570093457945,0.0,33.177570093457945,33.177570093457945
glass,iqr_1.8,standard,cosine,517.0502681979442,41.170489594484614,464.76221855909296,596.3913353352812,0.40523532349336255,0.02154703221145438,0.3626822735052469,0.441492715486779,0.10968150125314334,0.02281079063735127,0.05769113270858164,0.17202067761277504,0.207717927997716,0.021165915456916717,0.16013271213987415,0.24744182589719646,0.6013286713286712,0.03474750515335052,0.5454545454545454,0.6573426573426573,0.3920979020979022,0.02268700035988354,0.34265734265734266,0.44755244755244755,0.36345603853608843,0.04280796911883334,0.2931739879414298,0.4399966705028264,71.0,0.0,71,71,33.177570093457945,0.0,33.177570093457945,33.177570093457945
glass,iqr_1.8,standard,minkowski,435.57799021745865,2.0735143598382244,434.56443585957896,447.1814640364045,0.24084208687809547,0.013721017375887939,0.21332965088225014,0.2855744863536988,0.09137811223370526,0.016578817831598966,0.07480864851635848,0.20516600847454897,0.24379403391955518,0.01362359259554289,0.22107532377099892,0.3395678496528316,0.5558041958041958,0.022278627184015687,0.5244755244755245,0.6853146853146853,0.38300699300699315,0.02011884587428946,0.36363636363636365,0.5104895104895105,0.41578893496173414,0.009521564973627697,0.3973098929494278,0.47395661220707375,71.0,0.0,71,71,33.177570093457945,0.0,33.177570093457945,33.177570093457945
glass,iqr_1.8,standard,chebyshev,451.64626698810525,14.91094705554522,443.3136281102603,563.8906978523723,0.23884464662742036,0.010352104026263015,0.22110144656954153,0.28232423875253027,0.09716965129321795,0.007311192442455067,0.0683534030527649,0.10729592948142239,0.22930400465267956,0.012112510377669628,0.18028676968091756,0.25072748298202896,0.5813986013986014,0.01274263270477549,0.5034965034965035,0.5944055944055944,0.4131468531468532,0.011130969371228833,0.38461538461538464,0.42657342657342656,0.4219385735021453,0.027490849954254982,0.2781813290287867,0.43847475548506476,71.0,0.0,71,71,33.177570093457945,0.0,33.177570093457945,33.177570093457945
glass,iqr_1.8,standard,correlation,514.9497304783421,41.044597340033405,465.14609307301635,596.3863837120742,0.4047584969075267,0.01957917881167621,0.3562403082778559,0.43974820111310425,0.10963508862524239,0.020632758877525834,0.059104358923647966,0.17202067761277504,0.207927630514832,0.021262859701303708,0.16014081664308902,0.2474418258971964,0.60006993006993,0.03348905708726161,0.5454545454545454,0.6573426573426573,0.3895104895104896,0.020944026757862843,0.3146853146853147,0.44755244755244755,0.36203477352897173,0.042357976540001806,0.3006497725795972,0.4399966705028264,71.0,0.0,71,71,33.177570093457945,0.0,33.177570093457945,33.177570093457945
glass,iqr_1.8,standard,hamming,1501.6889570545081,76.72457547229874,1270.7343707416562,1667.0083492250096,0.006283462571504856,0.008065210205859109,-0.007033166451705023,0.03275714575603839,0.00527035423412614,0.0364685398241638,-0.06111204818948784,0.10311289518771934,0.09611075549335941,0.036250100684968464,0.02898775836178904,0.2057160720609909,0.48958041958041965,0.02390943759118855,0.4405594405594406,0.5734265734265734,0.39027972027972035,0.029680269242663274,0.3146853146853147,0.4825174825174825,0.20244354828858932,0.06529731600254102,0.10194174757281553,0.4100000532115852,71.0,0.0,71,71,33.177570093457945,0.0,33.177570093457945,33.177570093457945
glass,iqr_1.8,robust,euclidean,489.2162562097484,8.014233351544842,475.7797002668442,506.3595286951355,0.26392193283959964,0.026711004646612593,0.2097098232164942,0.30094241686457374,0.10547801704000247,0.04234766742745541,0.0707874401773621,0.2001367362939785,0.2393003833388636,0.0345378929478466,0.18916224688204558,0.3122961119799502,0.5613986013986014,0.05227552206201372,0.5174825174825175,0.6713286713286714,0.4342657342657343,0.051658398650244984,0.3776223776223776,0.5454545454545454,0.30203805798694616,0.07186375741172207,0.17934236947791163,0.448333096626851,71.0,0.0,71,71,33.177570093457945,0.0,33.177570093457945,33.177570093457945
glass,iqr_1.8,robust,manhattan,603.9991037013966,55.5339732157648,515.9884497616455,729.4155294638438,0.24265712118004568,0.02858144868758148,0.1840480453591897,0.4093382855054944,0.18250633996895665,0.06629808306613266,0.05775170997062944,0.29652710621727035,0.30550412183013065,0.05567414772404885,0.18382106226488681,0.4123007255161651,0.6497902097902097,0.07466278699555991,0.5104895104895105,0.7692307692307693,0.49314685314685314,0.06258237273141086,0.34265734265734266,0.6083916083916084,0.36035658366501594,0.08016857141938262,0.1794726336800084,0.5980235042735041,71.0,0.0,71,71,33.177570093457945,0.0,33.177570093457945,33.177570093457945
glass,iqr_1.8,robust,cosine,937.6233612756406,31.35631774563619,876.4892822745685,1012.5356952271239,0.39938277817445345,0.02053828076665497,0.3508035797288223,0.43364952571516957,0.13798980113668993,0.04237888992134138,0.04547344480111595,0.20527680081097366,0.21623455671664155,0.03612260215948113,0.1230111782092723,0.27854950598670797,0.6267832167832168,0.0514036437277401,0.5034965034965035,0.6923076923076923,0.4042657342657342,0.041414840417384184,0.3006993006993007,0.45454545454545453,0.22814940449710172,0.020635399497792854,0.18115389875544616,0.29101524802161743,71.0,0.0,71,71,33.177570093457945,0.0,33.177570093457945,33.177570093457945
glass,iqr_1.8,robust,minkowski,492.39080954228194,9.021552741095574,477.9248373644832,506.49054923924507,0.2697370707784289,0.034265020430483774,0.17660549583120166,0.3703688785882906,0.092385645563664,0.034488302128219635,0.061075360676916164,0.230030058349076,0.23190864460623206,0.032082388021830006,0.18732356185938406,0.3355699909126884,0.544895104895105,0.04470801703965381,0.5104895104895105,0.6853146853146853,0.41566433566433575,0.04396505220562462,0.3706293706293706,0.5594405594405595,0.2854954059519487,0.07404882181392942,0.17721545350411327,0.41317935258092736,71.0,0.0,71,71,33.177570093457945,0.0,33.177570093457945,33.177570093457945
glass,iqr_1.8,robust,chebyshev,514.5484930109618,6.713553747509894,488.6028215729041,525.8294603354873,0.2731079528233688,0.022733838798280167,0.1869852536802662,0.30610436578204636,0.07245183678455187,0.011502491946899736,0.061826813034736264,0.12125698206008566,0.20284357842792541,0.01571482180524524,0.18137435439960478,0.2540429148489063,0.5238461538461539,0.018740606397163472,0.4965034965034965,0.6083916083916084,0.3823076923076924,0.03125889770145924,0.34965034965034963,0.4755244755244755,0.23304525044710417,0.07288729053789152,0.17066446098704166,0.3946969696969697,71.0,0.0,71,71,33.177570093457945,0.0,33.177570093457945,33.177570093457945
glass,iqr_1.8,robust,correlation,907.509965252307,29.837075855712694,847.9197676292994,1008.4406365876061,0.4007274575035351,0.018515756695454733,0.33350331560564933,0.43642122270133293,0.1527388144283271,0.03182570621999396,0.04893898936003032,0.21445703810945602,0.23010575925161691,0.027029341357511037,0.1318770952761976,0.2768758627563448,0.6456643356643358,0.038033922948218786,0.5244755244755245,0.6993006993006993,0.42069930069930067,0.03237573436172379,0.3076923076923077,0.4755244755244755,0.23802750065599232,0.024162195111013782,0.18939749608763692,0.33455647088365614,71.0,0.0,71,71,33.177570093457945,0.0,33.177570093457945,33.177570093457945
glass,iqr_1.8,robust,hamming,2171.841264849178,100.50255604120117,1829.407747996653,2350.623265259647,0.006772401937250281,0.009494410969371477,-0.010906682328118535,0.0520352628869711,-0.0035494802500748786,0.030725435650987246,-0.06111204818948784,0.07430456930982894,0.0866528695942943,0.028389249350743263,0.041379007436859794,0.17717666117160333,0.4870629370629371,0.021989087669272902,0.4405594405594406,0.5524475524475524,0.3874825174825176,0.027408573275384592,0.3146853146853147,0.44755244755244755,0.20411085917625615,0.06349368954237293,0.10194174757281553,0.38378476475658996,71.0,0.0,71,71,33.177570093457945,0.0,33.177570093457945,33.177570093457945
glass,zscore_robust,none,euclidean,38.81966062511006,0.707351591650696,38.02949645303862,41.38164982668167,0.2778597678660802,0.008211242700923346,0.2575906500180571,0.2870675052596593,0.20521730544160707,0.03900708830803317,0.09610585384616381,0.27338858557199663,0.34716840638893115,0.0219128854378466,0.2762137067717662,0.3729269639226417,0.6656,0.036642052344266984,0.53,0.7,0.5376000000000001,0.04135504805945703,0.44,0.61,0.5301068269699547,0.04306742972497813,0.31756394530007725,0.5795739348370927,114.0,0.0,114,114,53.271028037383175,0.0,53.271028037383175,53.271028037383175
glass,zscore_robust,none,manhattan,41.910754188835945,2.2334695032807668,39.97492492104993,48.26793504924996,0.2749023965639826,0.014115423012101783,0.22565111784085534,0.2884870525829469,0.21399284619205894,0.0315071234120272,0.1230138588102541,0.30648402411394077,0.34827209519119057,0.02061545434772854,0.29232573610766066,0.4256217046887933,0.6778,0.018252671037412557,0.6,0.72,0.5367000000000001,0.037230498250762106,0.44,0.64,0.513688220975766,0.06182548482882873,0.34116059379217273,0.6204417399143566,114.0,0.0,114,114,53.271028037383175,0.0,53.271028037383175,53.271028037383175
glass,zscore_robust,none,cosine,38.616882110694036,0.5053162814198411,38.10251347811611,42.35292530196476,0.4643841550303733,0.010156266613877859,0.3909577650693229,0.4763944755663109,0.23033672766380345,0.013598814917285368,0.16631042106732313,0.2620179321077909,0.35781247347826983,0.009958812705101443,0.3149691631580805,0.3749802259368156,0.6829000000000002,0.008401785524517955,0.64,0.7,0.5568000000000001,0.01502531197679435,0.45,0.59,0.5450507688048329,0.013495597644599792,0.4737798149562855,0.5622827113603023,114.0,0.0,114,114,53.271028037383175,0.0,53.271028037383175,53.271028037383175
glass,zscore_robust,none,minkowski,39.03430112166473,0.850717472517125,38.05692712073414,43.420835512800195,0.2784032726164029,0.007318366255547635,0.24685514855245183,0.28803009017935627,0.20597976727039405,0.040725377523362784,0.08237811063538088,0.2570955886283952,0.34047767921904615,0.028512707398558566,0.2658762918233006,0.38397154237813624,0.6606000000000001,0.04199571406703308,0.51,0.71,0.5438000000000001,0.04187552984739417,0.43,0.6,0.5274445592594114,0.047576859485487524,0.32765567765567766,0.5785714285714286,114.0,0.0,114,114,53.271028037383175,0.0,53.271028037383175,53.271028037383175
glass,zscore_robust,none,chebyshev,40.38992519112551,0.580295022039662,39.532447430053836,42.39853350686159,0.2824526541450973,0.007648216177447079,0.2559144538011261,0.29670494281739335,0.21064950434071786,0.03256006752576365,0.09645888586090813,0.26373776094174933,0.33260541774947067,0.021901992371459744,0.26792150443113977,0.39509725611570656,0.6636000000000002,0.035791619130740644,0.51,0.71,0.557,0.029883105594967863,0.44,0.62,0.5211941937528751,0.06570268070713378,0.35515545782175795,0.5832994258329943,114.0,0.0,114,114,53.271028037383175,0.0,53.271028037383175,53.271028037383175
glass,zscore_robust,none,correlation,39.11152520029684,0.7154618660152112,38.43267106538352,42.53465041998642,0.470601569090937,0.016807637692734953,0.37347398780352187,0.49079297656150606,0.23196506678507678,0.020410640440003253,0.13472669441180382,0.2746923483606582,0.35931982945830915,0.016414234884531743,0.2886726784899352,0.39572928759704934,0.6873000000000001,0.016115520469410827,0.61,0.71,0.55,0.01860107523773828,0.48,0.58,0.5440658702697764,0.01567369052733196,0.4770425908570239,0.5622827113603023,114.0,0.0,114,114,53.271028037383175,0.0,53.271028037383175,53.271028037383175
glass,zscore_robust,none,hamming,141.11784258926903,7.0700832009048025,125.86392750750007,160.83175239970018,0.015486210915723088,0.005693365084015673,0.00048451849536715357,0.03142862571303327,0.035509693474296083,0.04005197710208038,-0.07338240833136589,0.11363758117022742,0.15348277666427795,0.0408496177042425,0.06696263916012099,0.28916464790798785,0.5079,0.03335550929007081,0.44,0.59,0.4155,0.03835035853808931,0.3,0.52,0.2484441787591267,0.07477646061325013,0.12284334023464456,0.42777777777777776,114.0,0.0,114,114,53.271028037383175,0.0,53.271028037383175,53.271028037383175
glass,zscore_robust,minmax,euclidean,6.637167894064504,0.0637340355658223,6.553484820368851,6.950835116522108,0.25848691386565514,0.011400359218623559,0.2395906804992558,0.31655914197300067,0.32832647678492044,0.07612932847122057,0.10836825401469732,0.41002083349486795,0.4210776330555471,0.04474257875221326,0.27743251592645257,0.4971678680993967,0.7258999999999999,0.055210415683999335,0.52,0.77,0.6056,0.05727687142294001,0.41,0.68,0.5407454888361943,0.0673422845659513,0.3900106837606838,0.6795502191728607,114.0,0.0,114,114,53.271028037383175,0.0,53.271028037383175,53.271028037383175
glass,zscore_robust,minmax,manhattan,7.184168284778143,0.16415091402422136,6.742150760205191,7.844919497356623,0.2657746707712855,0.014390286860852253,0.21989127026215413,0.30863023777693904,0.3012167679856443,0.04967229791626613,0.08954539503170487,0.380129380238744,0.4199367975806062,0.039280349711995594,0.26236920828200916,0.5122575697305065,0.7254,0.04033410467581993,0.52,0.77,0.5855,0.043826361929779206,0.45,0.69,0.5300420852547337,0.06340604809762589,0.3724235963041933,0.716699707353913,114.0,0.0,114,114,53.271028037383175,0.0,53.271028037383175,53.271028037383175
glass,zscore_robust,minmax,cosine,6.651356082863417,0.05637156065170134,6.536327453227033,6.780628309686959,0.393752071360101,0.02091476059670384,0.3662684086302556,0.4939705203249186,0.33688273192285595,0.07691512013150957,0.11201622518092628,0.41141017569360944,0.4152215340240608,0.046622685469416295,0.2709336720540567,0.4757319678760965,0.7304999999999999,0.05402545696243577,0.52,0.77,0.6083,0.05323635975534014,0.44,0.69,0.5428325624188816,0.0632983764777309,0.3976190476190477,0.7150326797385621,114.0,0.0,114,114,53.271028037383175,0.0,53.271028037383175,53.271028037383175
glass,zscore_robust,minmax,minkowski,6.742811556165468,0.07438928129360949,6.601852253552137,6.961213213567648,0.2610448027877769,0.017142096977048615,0.23458312278629406,0.3212081516813427,0.24021839270861825,0.06018847075290641,0.11312807258411198,0.3630647378136517,0.3795447560956963,0.037647088353161724,0.2829854241148265,0.4707978879255017,0.6777,0.05360699581211391,0.52,0.75,0.5625,0.05350467269313961,0.44,0.67,0.514137685537522,0.051049512120194436,0.3816932208684786,0.6713550600343053,114.0,0.0,114,114,53.271028037383175,0.0,53.271028037383175,53.271028037383175
glass,zscore_robust,minmax,chebyshev,7.066783405485973,0.09134500877185249,6.781746268689434,7.285293852661767,0.25711126176803084,0.019951944630880195,0.20746693889401166,0.330820218664366,0.18302900766804076,0.03257652785538163,0.10854810802774283,0.23391317194705513,0.3584022848337077,0.0338971589603514,0.26159128203618315,0.4042864774729108,0.6406000000000001,0.043053919682184576,0.54,0.69,0.5224,0.030761014287568625,0.43,0.59,0.5045782239350616,0.04815632888659684,0.37044532567573735,0.668341582920854,114.0,0.0,114,114,53.271028037383175,0.0,53.271028037383175,53.271028037383175
glass,zscore_robust,minmax,correlation,6.67216693232165,0.050514627879827405,6.556744662219965,6.763903132826563,0.39770447146161525,0.025502804838916773,0.36520302282766814,0.5154679446374371,0.30029958742642054,0.07021335432391566,0.13466561329848056,0.4082510092224884,0.39064065531983727,0.03924198704831179,0.28359248548081123,0.4655540121834515,0.7142999999999999,0.04923931356142163,0.52,0.77,0.5883,0.051885547120561426,0.46,0.68,0.5260635816556676,0.06552025197726437,0.3804621751057795,0.6780794369029665,114.0,0.0,114,114,53.271028037383175,0.0,53.271028037383175,53.271028037383175
glass,zscore_robust,minmax,hamming,24.660411176161393,1.0919401875802448,21.385099993700678,27.158426006963392,0.017375401367908,0.005590140937114833,0.004343668608763601,0.03142862571303327,0.04858814670226927,0.03778791997157667,-0.07338240833136589,0.1391909493935504,0.1645141526464239,0.04016689413797262,0.0851425541656402,0.28916464790798785,0.5107,0.03510712178461801,0.45,0.61,0.4206,0.04007043798113517,0.3,0.54,0.25577556874977303,0.07506363101163444,0.12510966836287069,0.42777777777777776,114.0,0.0,114,114,53.271028037383175,0.0,53.271028037383175,53.271028037383175
glass,zscore_robust,standard,euclidean,214.22829811364798,1.2075079138689666,212.6135258065368,222.66986017617072,0.2564956521954427,0.004584395408565521,0.24222611972018102,0.26975866779879976,0.3120225782698184,0.044792311983985325,0.23998340577751098,0.40392078922481855,0.41010680577451014,0.03142268133989191,0.3506058547040287,0.49656897543017225,0.731,0.015588457268119908,0.7,0.76,0.5963,0.033901474894169434,0.53,0.69,0.5567132439747663,0.035245214860474425,0.4054106536034247,0.7125356125356125,114.0,0.0,114,114,53.271028037383175,0.0,53.271028037383175,53.271028037383175
glass,zscore_robust,standard,manhattan,230.47775870319066,6.706889784603481,219.54003435915482,256.2375013325332,0.2639249613016387,0.014639746445377369,0.20878152206446024,0.30642649050643334,0.2805702514827468,0.04998457147400145,0.08278493261616092,0.3739262130230513,0.4113820046958555,0.04095085992603632,0.2561062865547408,0.5249243319841153,0.7193999999999999,0.04137197118823322,0.53,0.77,0.5718,0.04570295395267137,0.4,0.69,0.5305782936641491,0.06281126684281414,0.3807599807599808,0.716699707353913,114.0,0.0,114,114,53.271028037383175,0.0,53.271028037383175,53.271028037383175
glass,zscore_robust,standard,cosine,251.24406140815773,4.033786107772052,242.517059870711,259.1711926202092,0.45598863726927297,0.02382355945949254,0.40478523181182374,0.49872915182050126,0.23159758605831587,0.02885758517718626,0.09900971255298914,0.28090599719871545,0.31091968979255336,0.0160350896784987,0.2511356468317483,0.33984085737676467,0.6696000000000002,0.024327761919255952,0.52,0.7,0.5604,0.03846868856615727,0.42,0.61,0.3840704772339221,0.02649343557302645,0.32531539108494534,0.40992299229922996,114.0,0.0,114,114,53.271028037383175,0.0,53.271028037383175,53.271028037383175
glass,zscore_robust,standard,minkowski,215.82998238939595,2.489223476161945,212.83219691675188,224.799791867456,0.24860815580616266,0.005431660681281677,0.22684776409373772,0.25473037619101785,0.26024010988250024,0.0345887408581212,0.09562782712665546,0.33582358006341123,0.3867608073856259,0.020070891316847635,0.28890539271215043,0.4557769627149619,0.7022999999999997,0.022354194237323783,0.58,0.74,0.5683,0.03140238844419321,0.41,0.67,0.5303736278063874,0.03956344236374989,0.38201199200532976,0.6713550600343053,114.0,0.0,114,114,53.271028037383175,0.0,53.271028037383175,53.271028037383175
glass,zscore_robust,standard,chebyshev,231.4281632610342,4.403925880005224,220.0556635729247,242.232271695693,0.24255808497177334,0.03173838067526898,0.17723710086103572,0.32722386340452025,0.16959020287691623,0.0388245920777433,0.10832956244889014,0.2544328357067365,0.3366152110911013,0.04004742545394262,0.24710652108426026,0.4115452478345086,0.6285000000000001,0.04667708217101837,0.51,0.7,0.5126,0.034946244433415166,0.44,0.6,0.49792791826112504,0.06032554287322487,0.323675848233244,0.6437908496732027,114.0,0.0,114,114,53.271028037383175,0.0,53.271028037383175,53.271028037383175
glass,zscore_robust,standard,correlation,252.4005040132856,4.338361040951412,242.517059870711,261.93004148555667,0.46057916501144525,0.02340121919077883,0.4028076008235237,0.5035264248390698,0.22663581989419548,0.03498261127848774,0.09738931217471421,0.2880226155678929,0.30871603838170475,0.02008178532097515,0.23620011855607073,0.35879147258109756,0.6680000000000001,0.023237900077244505,0.52,0.71,0.5509000000000001,0.04860236619754226,0.41,0.6,0.3798491643402811,0.029053277505398427,0.32531539108494534,0.41385964912280704,114.0,0.0,114,114,53.271028037383175,0.0,53.271028037383175,53.271028037383175
glass,zscore_robust,standard,hamming,786.6444296737404,34.19336169274591,689.9123636492798,870.5343015975457,0.017117513787173303,0.00546019696266601,0.004343668608763601,0.03142862571303327,0.045670333540161506,0.038910720251265796,-0.07338240833136589,0.1391909493935504,0.163109575217866,0.04033448230869641,0.0851425541656402,0.28916464790798785,0.5111000000000001,0.03529575045242699,0.45,0.61,0.41989999999999994,0.040162046760592277,0.3,0.54,0.25493340287792915,0.07551172598775933,0.12510966836287069,0.42777777777777776,114.0,0.0,114,114,53.271028037383175,0.0,53.271028037383175,53.271028037383175
glass,zscore_robust,robust,euclidean,289.09551033137274,9.69306135328992,272.23440308548464,301.91162099814477,0.3018483611263772,0.07788051367611157,0.21745143963762753,0.5302379597214512,0.21506687972122687,0.07898802700684344,0.09384573822976601,0.34343885792385964,0.3719768768104125,0.054291586207399704,0.25305438802463476,0.45748598906608895,0.6385000000000001,0.08744569743560855,0.51,0.74,0.5404,0.07127299628891716,0.4,0.65,0.4581010144703829,0.08262136366700285,0.2795926598104456,0.6004065815386569,114.0,0.0,114,114,53.271028037383175,0.0,53.271028037383175,53.271028037383175
glass,zscore_robust,robust,manhattan,340.8945603119609,15.228350400762345,306.26266870944545,370.1477770116528,0.2707388929332892,0.034587533983324266,0.22046242007940722,0.4579758880343953,0.2950225168762956,0.07805052275012257,0.07577998143460966,0.3807772515780684,0.41618667128032527,0.062001210689860975,0.26157439773179814,0.5193934404466557,0.7087999999999998,0.07045963383384843,0.51,0.77,0.5941000000000001,0.07238915664655861,0.42,0.7,0.5051650423486773,0.08721438671998072,0.3159091149385183,0.716699707353913,114.0,0.0,114,114,53.271028037383175,0.0,53.271028037383175,53.271028037383175
glass,zscore_robust,robust,cosine,500.79436536755185,9.093162223251804,455.1704575495023,513.746699080519,0.48791100271271987,0.04273450410681753,0.32663289540760815,0.5202561896951199,0.22127108707061394,0.04363479174886041,0.05275378552348712,0.26587553870537306,0.32728804130988215,0.04045291988770357,0.1704587645232637,0.3655934081285131,0.6481,0.03596373173073118,0.5,0.68,0.46649999999999997,0.03459407463713981,0.33,0.51,0.25273788747562614,0.029616200191913973,0.1818181818181818,0.3462545012265202,114.0,0.0,114,114,53.271028037383175,0.0,53.271028037383175,53.271028037383175
glass,zscore_robust,robust,minkowski,286.38921399746755,9.81752777368687,272.614463508896,304.35164614953226,0.30852714618233046,0.08647337947536529,0.21871135243424447,0.544833764077795,0.18501144583777507,0.06051667385446429,0.09081168108867346,0.28172218606995414,0.36729133998102165,0.052929765162200534,0.2725426147549865,0.4486823348101314,0.6215999999999999,0.07469564913701464,0.51,0.71,0.5334,0.06585165145992923,0.41,0.62,0.4588198686009213,0.07712878424225283,0.2795926598104456,0.5944074746252604,114.0,0.0,114,114,53.271028037383175,0.0,53.271028037383175,53.271028037383175
glass,zscore_robust,robust,chebyshev,297.25399749742655,13.111844456835524,276.7859336464062,321.59810664732606,0.32613289062973133,0.10783630149323127,0.20758925998410518,0.5575408737443222,0.13750758225818543,0.032101818470400535,0.07984481201226104,0.2254624257043978,0.3198050016947318,0.026649228951169113,0.2528617146008517,0.3995020258029319,0.5873,0.04496342958449677,0.52,0.68,0.489,0.03943348830626071,0.37,0.58,0.4282237891733272,0.07552246719749009,0.28632478632478636,0.5944074746252604,114.0,0.0,114,114,53.271028037383175,0.0,53.271028037383175,53.271028037383175
glass,zscore_robust,robust,correlation,489.7808042736009,6.192197629430731,479.7523455952603,514.110490145493,0.4816836973484663,0.02675248417463032,0.3009085943565519,0.518015670247605,0.2385059765969817,0.033473866334896754,0.058693313485202986,0.26688768265666607,0.3015485929191017,0.025609877093771046,0.16342533569721054,0.34017120201887013,0.6598000000000002,0.026076042644542524,0.51,0.68,0.5032,0.02982884510000345,0.34,0.53,0.3052958603052583,0.034727745703441774,0.24066675850668137,0.33704693998811647,114.0,0.0,114,114,53.271028037383175,0.0,53.271028037383175,53.271028037383175
glass,zscore_robust,robust,hamming,1269.5696538126394,49.80135712287457,1065.2888512621319,1377.2080632450966,0.01780577465016784,0.0061218896666605654,0.0014285231356120434,0.03268341277557194,0.05359393665555392,0.03795160136993422,-0.03505845623783419,0.17288431931720102,0.17035882390088739,0.04167366442342017,0.0754797741890346,0.28916464790798785,0.5146000000000001,0.03453751583423452,0.45,0.61,0.4254,0.038766480366419644,0.34,0.54,0.27412153708429765,0.06663561810679705,0.12510966836287069,0.42777777777777776,114.0,0.0,114,114,53.271028037383175,0.0,53.271028037383175,53.271028037383175
glass,zscore_robust_2.5,none,euclidean,37.02350848426147,0.8114623538019526,35.882482540662636,40.18726481956472,0.2702250428343026,0.00815044900446212,0.23883972210995894,0.28097712221531224,0.1931874274275547,0.04512852141741601,0.06760025372749388,0.2469126322187393,0.3096522740819948,0.03123979891707566,0.21894645025013587,0.3464846408923483,0.6471428571428572,0.046317539359421254,0.5102040816326531,0.6836734693877551,0.5246938775510204,0.043774915556590986,0.41836734693877553,0.5816326530612245,0.4278356426561274,0.07761879317075478,0.28630484256618555,0.5231227428357018,116.0,0.0,116,116,54.205607476635485,2.842170943040401e-14,54.205607476635514,54.205607476635514
glass,zscore_robust_2.5,none,manhattan,40.662906375999974,2.2520988271374054,37.624722386249985,45.91323437344994,0.25882767386442895,0.014855502073250234,0.22236986232625866,0.2824916435256345,0.18961685012242924,0.03717640252782184,0.057359788540745485,0.2944347123029241,0.3038831974754717,0.030218798466060653,0.1991136617751732,0.3935460379398039,0.6614285714285714,0.026309122547058993,0.5102040816326531,0.7142857142857143,0.5107142857142857,0.04411126649436374,0.3877551020408163,0.6122448979591837,0.4237705342526533,0.07339099697482235,0.2372448979591837,0.5227908078654347,116.0,0.0,116,116,54.205607476635485,2.842170943040401e-14,54.205607476635514,54.205607476635514
glass,zscore_robust_2.5,none,cosine,37.04302562981834,1.0449629438416574,36.10194434525779,40.64581095825693,0.4500702544854569,0.02209356580275317,0.34480156637017223,0.47273475453818575,0.21622104507836298,0.02738340036186318,0.06096128105771617,0.24364387420172223,0.32745032285250375,0.020093692972470927,0.23206446586386847,0.3485704157257119,0.6743877551020406,0.01979144700185719,0.5408163265306123,0.6938775510204082,0.5418367346938774,0.026550228227056497,0.42857142857142855,0.5714285714285714,0.5063866730961939,0.028913329620130573,0.39984350547730835,0.5268437802684377,116.0,0.0,116,116,54.205607476635485,2.842170943040401e-14,54.205607476635514,54.205607476635514
glass,zscore_robust_2.5,none,minkowski,37.0321935743961,0.9014113774669075,35.897939546396145,39.616191147134046,0.27164106634335544,0.00863911979512069,0.24881068893527425,0.2860410186469824,0.1897493585132336,0.04520778954079509,0.06760025372749388,0.24496972799296665,0.3074278963437782,0.03420963577531895,0.21894645025013587,0.35026004206386424,0.6457142857142857,0.04599947485349336,0.5102040816326531,0.6938775510204082,0.5206122448979592,0.04590657444937454,0.41836734693877553,0.5816326530612245,0.4187396649341226,0.07850468755392617,0.28544525154694644,0.5680011159157483,116.0,0.0,116,116,54.205607476635485,2.842170943040401e-14,54.205607476635514,54.205607476635514
glass,zscore_robust_2.5,none,chebyshev,37.28493655076942,1.132459632898751,36.1836575744169,40.16735228798349,0.2788205911594192,0.008418506222861099,0.25018905506839667,0.28722792960121635,0.21257983038451023,0.028929604497923273,0.11558544622267716,0.2594174865161623,0.31565741926798696,0.02035479848235291,0.2591923955456796,0.36676684632053186,0.6717346938775509,0.019093088343445884,0.5714285714285714,0.7040816326530612,0.5341836734693878,0.03244111700403986,0.42857142857142855,0.5816326530612245,0.3889225099694365,0.03159461998274455,0.3487322447895924,0.5223500279575045,116.0,0.0,116,116,54.205607476635485,2.842170943040401e-14,54.205607476635514,54.205607476635514
glass,zscore_robust_2.5,none,correlation,37.29908472506207,1.045901566923143,36.4321019325252,41.3686536920793,0.46105179185030387,0.0169309824408497,0.37035147525898204,0.4853820133735286,0.22018008273408252,0.02137075492385281,0.1376807115443479,0.2561299510014563,0.33143420053246414,0.019312192967681944,0.26460376126101576,0.34983067368685034,0.6818367346938775,0.014529981641900051,0.6224489795918368,0.7040816326530612,0.5406122448979592,0.020610224188685355,0.4387755102040816,0.5714285714285714,0.512637693032389,0.025018576899726617,0.41051805337519626,0.5266819134743662,116.0,0.0,116,116,54.205607476635485,2.842170943040401e-14,54.205607476635514,54.205607476635514
glass,zscore_robust_2.5,none,hamming,133.091681664544,7.6749253101854835,111.46371140380003,156.60166699369995,0.014177619820032081,0.005329537387010065,-0.0013420739909045833,0.032736512717288606,0.020650120078838364,0.03055989540695275,-0.04180936512193299,0.09552140695939654,0.12487841843472271,0.030317806079006474,0.04511954973410047,0.19758079096655395,0.5126530612244897,0.028793596863276122,0.45918367346938777,0.5816326530612245,0.41591836734693877,0.03487706738299276,0.3469387755102041,0.5,0.21658291289107762,0.06085903139126671,0.12021152308922094,0.39405555555555555,116.0,0.0,116,116,54.205607476635485,2.842170943040401e-14,54.205607476635514,54.205607476635514
glass,zscore_robust_2.5,minmax,euclidean,6.3009150445300826,0.07159417070759469,6.157440666034504,6.541958981071684,0.2503283324330789,0.008987409302263381,0.23507229914382488,0.293248570789219,0.3187944530221127,0.05569361641317375,0.1090337544144731,0.40428603210902375,0.38310771748058364,0.0394511220930673,0.24755389405590641,0.4486362884174951,0.7177551020408164,0.03807695139326739,0.5102040816326531,0.7653061224489796,0.5983673469387756,0.04235664998066231,0.4489795918367347,0.6632653061224489,0.43322578773792636,0.05261379649008858,0.367003367003367,0.553026196928636,116.0,0.0,116,116,54.205607476635485,2.842170943040401e-14,54.205607476635514,54.205607476635514
glass,zscore_robust_2.5,minmax,manhattan,6.963607369594384,0.23942641962449232,6.546073848058681,7.502476646684088,0.2511906741369627,0.01689932434413334,0.21788334330021414,0.3666193450919412,0.2894325311481398,0.051323363050280506,0.06170600951084952,0.37549537029695546,0.37356436066354126,0.03849866662357441,0.20671149833708824,0.44812963905209624,0.7098979591836738,0.04332242571420256,0.5,0.7448979591836735,0.5658163265306122,0.042647079943865344,0.41836734693877553,0.673469387755102,0.42360607414843926,0.06372214389622537,0.2524763569539689,0.5476322861643962,116.0,0.0,116,116,54.205607476635485,2.842170943040401e-14,54.205607476635514,54.205607476635514
glass,zscore_robust_2.5,minmax,cosine,6.315211949650738,0.07596749149902426,6.169139232518956,6.601220449411835,0.3853466515363405,0.014883707333129024,0.3467735440311969,0.4655028296965843,0.31799539106774927,0.06373248964979915,0.09137649312598603,0.4025008873639375,0.3737825408881756,0.04018616763626766,0.2527892062469138,0.4409240709031285,0.7163265306122448,0.0384519258804424,0.5102040816326531,0.7653061224489796,0.5910204081632652,0.046441016497572284,0.41836734693877553,0.6530612244897959,0.4205057301262531,0.050584102372563285,0.3162344858156028,0.549062049062049,116.0,0.0,116,116,54.205607476635485,2.842170943040401e-14,54.205607476635514,54.205607476635514
glass,zscore_robust_2.5,minmax,minkowski,6.385460935338687,0.08739815218416595,6.22146152454343,6.783486385271089,0.24911468267676262,0.015264857820741641,0.20045293383126456,0.3020866465516868,0.23453794512783674,0.05944397470583643,0.09736037819281529,0.3335735804248744,0.3435075120582977,0.03356385013244509,0.24560612766363635,0.41357752180169577,0.6705102040816325,0.041906238930591096,0.5,0.7346938775510204,0.5602040816326531,0.05234007593155985,0.42857142857142855,0.6428571428571429,0.4061081311110277,0.05386794679293908,0.3098948670377242,0.541553898554727,116.0,0.0,116,116,54.205607476635485,2.842170943040401e-14,54.205607476635514,54.205607476635514
glass,zscore_robust_2.5,minmax,chebyshev,6.685615483888553,0.12204863279956277,6.402787204749377,7.031462580053234,0.24668301412658164,0.017880492065910327,0.2066894137778347,0.30008598405251474,0.16397412168925393,0.03314340582444898,0.07938872662313966,0.26188545947260994,0.306497559441246,0.036398380079077364,0.19376725780497076,0.40011632839440225,0.6237755102040817,0.03527883220382972,0.5204081632653061,0.7040816326530612,0.5078571428571429,0.03050508454761233,0.4387755102040816,0.5714285714285714,0.367813169205734,0.06342742839168397,0.19444444444444442,0.5157936507936508,116.0,0.0,116,116,54.205607476635485,2.842170943040401e-14,54.205607476635514,54.205607476635514
glass,zscore_robust_2.5,minmax,correlation,6.345904619463213,0.09139613171990622,6.169139232518956,6.5923026199799235,0.3927700183882661,0.022705971169866408,0.34273794873133473,0.4948459206577298,0.2775614768670857,0.07440331206420547,0.0934288367015484,0.4025008873639375,0.34789241235297363,0.042939774430468265,0.231267933324617,0.4409240709031284,0.695,0.0509978521568776,0.5102040816326531,0.7653061224489796,0.5726530612244898,0.05707503263486339,0.4387755102040816,0.6632653061224489,0.42730636430613267,0.06097216179596883,0.3162344858156028,0.562962962962963,116.0,0.0,116,116,54.205607476635485,2.842170943040401e-14,54.205607476635514,54.205607476635514
glass,zscore_robust_2.5,minmax,hamming,23.29883975316313,1.2237563963578595,20.098483303580032,25.91921437028347,0.016312940745430445,0.0050865568852969025,0.004848067657998806,0.032736512717288606,0.026165576379634046,0.024726165939117962,-0.027489792356481503,0.09380395863247241,0.13520854862389786,0.02827283716747149,0.07759992073154587,0.20344732761860196,0.513469387755102,0.028457498797638134,0.45918367346938777,0.5918367346938775,0.4139795918367347,0.035089431764768496,0.3469387755102041,0.5,0.20528130618798746,0.054783224489527355,0.12021152308922094,0.3910079819170728,116.0,0.0,116,116,54.205607476635485,2.842170943040401e-14,54.205607476635514,54.205607476635514
glass,zscore_robust_2.5,standard,euclidean,212.61505478900074,3.275233736359246,209.78906989858376,226.7987228664511,0.24560533475828095,0.005513767130965923,0.22784110019931486,0.25441005637883024,0.2747058259445559,0.06499618101125101,0.07686565575573516,0.3897147031995951,0.36549925978293657,0.04097204878431035,0.22953393236541525,0.4408872153375707,0.7043877551020405,0.042722212277778164,0.5408163265306123,0.7551020408163265,0.557142857142857,0.05195070229125655,0.3877551020408163,0.6530612244897959,0.4731241682746196,0.06439913929779402,0.2469707283866576,0.537611723606007,116.0,0.0,116,116,54.205607476635485,2.842170943040401e-14,54.205607476635514,54.205607476635514
glass,zscore_robust_2.5,standard,manhattan,233.04753332407316,9.595334939357995,219.8123486399524,249.4712891307652,0.24702328238018123,0.011248241646007674,0.2109315937456569,0.288296264450505,0.2654575237721678,0.04776802821560214,0.05699866244875087,0.3760091971030576,0.3649842958802333,0.038691278749877815,0.19177653942502168,0.47272435515787975,0.7043877551020407,0.042207293723737875,0.5,0.7551020408163265,0.5485714285714285,0.03933855444585136,0.40816326530612246,0.673469387755102,0.4333870208639514,0.07166133923652149,0.28510378510378515,0.6483147879374294,116.0,0.0,116,116,54.205607476635485,2.842170943040401e-14,54.205607476635514,54.205607476635514
glass,zscore_robust_2.5,standard,cosine,250.49159916745907,3.311726652667062,243.42405980586327,258.1001106306941,0.4792364172154737,0.02758890187608705,0.3923058505228719,0.5007314127141902,0.20276517683149553,0.02012814291300183,0.15846862276396903,0.27607381282277366,0.2761629832224954,0.01545150087725606,0.23205789225399376,0.32460871203096164,0.658469387755102,0.015968980238655082,0.6326530612244898,0.7040816326530612,0.5060204081632653,0.028720275545426936,0.42857142857142855,0.5816326530612245,0.24542247135688064,0.020304457637869706,0.23081461311549809,0.3734448040273283,116.0,0.0,116,116,54.205607476635485,2.842170943040401e-14,54.205607476635514,54.205607476635514
glass,zscore_robust_2.5,standard,minkowski,217.18802743042497,4.604405245479752,210.37005717339537,228.67577736641832,0.23839311248804962,0.021049380921244507,0.1944272420523795,0.36522020917900877,0.21986186183154394,0.0575634256110116,0.08842595391710441,0.3112447554583849,0.33402796255492945,0.03831633272095123,0.25057267071611944,0.40731484497951376,0.666938775510204,0.04736980447159141,0.5408163265306123,0.7142857142857143,0.5287755102040816,0.05022606122478417,0.37755102040816324,0.6428571428571429,0.409448655137117,0.08798517578455188,0.18594104308390022,0.5332022717343817,116.0,0.0,116,116,54.205607476635485,2.842170943040401e-14,54.205607476635514,54.205607476635514
glass,zscore_robust_2.5,standard,chebyshev,229.35244876977958,5.265086549882629,217.1917689375922,239.13553068562777,0.22587743011914047,0.02906088081333684,0.14883787625034264,0.30392050730641407,0.15405952910099832,0.04932668215975874,0.07647926374333115,0.2489789991337838,0.2936466649578881,0.049525328563764806,0.19011892247200496,0.38373412241729743,0.615204081632653,0.05175582227658254,0.4897959183673469,0.6836734693877551,0.4813265306122449,0.045726469768443544,0.3877551020408163,0.5816326530612245,0.37844496267389544,0.08122527255611892,0.19672880116959066,0.5366816591704148,116.0,0.0,116,116,54.205607476635485,2.842170943040401e-14,54.205607476635514,54.205607476635514
glass,zscore_robust_2.5,standard,correlation,251.19259490729087,3.6489226571973927,242.0699165668267,262.8306502693298,0.4754913100354742,0.03501911995305281,0.39448209116140087,0.5054960960411858,0.20431506850620337,0.03011572783820963,0.08410758514831913,0.2845573979745433,0.2765767878583235,0.023557672001380387,0.18178574350507629,0.3302231459823819,0.6588775510204081,0.027466044312400746,0.5204081632653061,0.7040816326530612,0.503265306122449,0.03258538905974467,0.40816326530612246,0.5816326530612245,0.250756375861308,0.03331633799095099,0.18409343715239154,0.43247226361980456,116.0,0.0,116,116,54.205607476635485,2.842170943040401e-14,54.205607476635514,54.205607476635514
glass,zscore_robust_2.5,standard,hamming,764.0772182956578,39.66378314324924,663.7433441220862,861.4761469004894,0.015263635048787583,0.004876048993375417,0.003204159989728782,0.032736512717288606,0.023524844341958152,0.026974777479640156,-0.039948265822731234,0.09380395863247241,0.1315579776283145,0.029979661935298264,0.06500475996222775,0.20344732761860196,0.5125510204081631,0.027564433620754596,0.4387755102040816,0.5816326530612245,0.41428571428571426,0.03540683994468872,0.336734693877551,0.5,0.2092151746401474,0.05635157640077066,0.1016548463356974,0.3910079819170728,116.0,0.0,116,116,54.205607476635485,2.842170943040401e-14,54.205607476635514,54.205607476635514
glass,zscore_robust_2.5,robust,euclidean,303.5878707981318,11.7382832949577,288.4371334395625,319.3096982602698,0.28395165164314096,0.05374548051974275,0.22069195116036439,0.5265534113892093,0.20653302132508716,0.06645593280448034,0.0713580484907533,0.3258999372003206,0.36060413916562895,0.05236015835048286,0.2568879793746234,0.43572663926079386,0.6529591836734694,0.07537902284155788,0.5204081632653061,0.7346938775510204,0.5423469387755101,0.06257648381405441,0.41836734693877553,0.6530612244897959,0.43161159907224617,0.07617777885988986,0.3003779289493575,0.5638570336391436,116.0,0.0,116,116,54.205607476635485,2.842170943040401e-14,54.205607476635514,54.205607476635514
glass,zscore_robust_2.5,robust,manhattan,364.70307860227064,17.271542554758128,318.5378946427323,394.9313357131269,0.2560590584374297,0.03862418737955288,0.17424214444984326,0.46006896309478434,0.27515871818725435,0.06528251668897686,0.07259123574706461,0.36346405338770266,0.37946108396957,0.05715179159458568,0.20321285030503303,0.46956906584386043,0.6990816326530611,0.06314166654550786,0.4897959183673469,0.7551020408163265,0.5723469387755101,0.06183530341173768,0.3979591836734694,0.673469387755102,0.41473868438218775,0.08809017018234375,0.2540142627099149,0.6483147879374294,116.0,0.0,116,116,54.205607476635485,2.842170943040401e-14,54.205607476635514,54.205607476635514
glass,zscore_robust_2.5,robust,cosine,512.9829929570409,7.176884052481385,485.1801014617714,524.9164862380192,0.5090128481672145,0.015560112793608414,0.3591478859903333,0.5213754058264413,0.225651717506972,0.016517726338005287,0.07244962677464994,0.23672250316549076,0.3277783740696333,0.018771714907538775,0.16829442628275917,0.3449101569818642,0.6686734693877551,0.014819123253221456,0.5306122448979592,0.673469387755102,0.4565306122448981,0.010267152022943081,0.3673469387755102,0.45918367346938777,0.24645717585491717,0.005909463071045133,0.19139636530940876,0.2506172839506173,116.0,0.0,116,116,54.205607476635485,2.842170943040401e-14,54.205607476635514,54.205607476635514
glass,zscore_robust_2.5,robust,minkowski,304.5797852930809,13.275873709777354,288.55435911199845,322.87219314607574,0.2925421256669556,0.0729317326605939,0.21188750713429483,0.5597676061148482,0.1789736238049878,0.05022121284820905,0.08314216096493428,0.2629489817410042,0.3471289909260646,0.045742791732405384,0.26559112774883664,0.4054202742340466,0.6381632653061224,0.06369864755988099,0.5204081632653061,0.7040816326530612,0.5308163265306123,0.05150747106174995,0.42857142857142855,0.6224489795918368,0.4292832823824294,0.07663949063408218,0.3149313649313649,0.5795926598104456,116.0,0.0,116,116,54.205607476635485,2.842170943040401e-14,54.205607476635514,54.205607476635514
glass,zscore_robust_2.5,robust,chebyshev,318.8239342642502,13.583230120817708,293.51466341720754,338.9126718514739,0.2743640885715828,0.07703670819257004,0.18782730718061996,0.5652807533482112,0.1292827733261971,0.03615218962654052,0.06140757219907708,0.21053986659483068,0.29024358225104235,0.029797889642277864,0.23006745336211928,0.40157439745482193,0.6009183673469389,0.047793787749440486,0.5,0.6836734693877551,0.4794897959183674,0.04250327669461802,0.3469387755102041,0.6020408163265306,0.3948842222784382,0.0736001778614017,0.2639573070607553,0.54052228271829,116.0,0.0,116,116,54.205607476635485,2.842170943040401e-14,54.205607476635514,54.205607476635514
glass,zscore_robust_2.5,robust,correlation,531.2306212764822,5.92523625677848,519.0016854411931,551.14115401977,0.5080013219051698,0.01585022426682519,0.38727285317356014,0.5216291856875712,0.21244340706487846,0.013581828714648903,0.19392918285822985,0.2617287167627547,0.30197114595649444,0.01270134179394903,0.2679554550825339,0.3362668895678733,0.6698979591836735,0.005658436993066035,0.6530612244897959,0.6836734693877551,0.4531632653061225,0.012670741433047259,0.4387755102040816,0.5,0.24743716692105905,0.0022985815851543096,0.23987669889309235,0.253015350877193,116.0,0.0,116,116,54.205607476635485,2.842170943040401e-14,54.205607476635514,54.205607476635514
glass,zscore_robust_2.5,robust,hamming,1296.8135232543805,47.96751333355842,1150.4740039450678,1403.6553812603445,0.01657889692440421,0.004539081460675898,0.003204159989728782,0.032736512717288606,0.027539788524455034,0.025564515040312326,-0.0356579915668881,0.09552140695939654,0.13131685518412786,0.027154315882189688,0.07490353170764592,0.19637877504705614,0.506938775510204,0.02745182444858663,0.45918367346938777,0.5612244897959183,0.4111224489795919,0.03272616179713887,0.3469387755102041,0.5,0.21280870888471207,0.057076873998223594,0.12021152308922094,0.39405555555555555,116.0,0.0,116,116,54.205607476635485,2.842170943040401e-14,54.205607476635514,54.205607476635514
glass,zscore_robust_3.5,none,euclidean,42.827321886144944,0.8891307422976249,41.007415875737586,45.622923569719646,0.27713363951213754,0.009093622444505471,0.2572150745299249,0.2938475537770072,0.1823710805027664,0.05751505538328855,0.08257728547639806,0.2681698951802316,0.3297271088465125,0.03344349064469475,0.24860862865979144,0.37153715887880867,0.6322772277227721,0.058909143829650734,0.5247524752475248,0.693069306930693,0.516930693069307,0.05149076511633387,0.42574257425742573,0.594059405940594,0.4210513227497057,0.07925842442595693,0.3131849468132654,0.5757888845839253,113.0,0.0,113,113,52.803738317757016,7.105427357601002e-15,52.80373831775701,52.80373831775701
glass,zscore_robust_3.5,none,manhattan,47.61929069349897,2.180871799375196,43.95545555209999,54.44501310474996,0.26857357492910594,0.014999787219877775,0.23857036836720175,0.35154285957848735,0.19984824716896676,0.03876913175135423,0.07912974774385627,0.29699468173314725,0.33560047268788046,0.025260857586980344,0.2671627350918397,0.4113521582672014,0.6621782178217822,0.034047891214973196,0.5247524752475248,0.7128712871287128,0.5278217821782178,0.038133467672501704,0.42574257425742573,0.6336633663366337,0.4676494120019108,0.08147504705866387,0.33449687567334624,0.5844551282051282,113.0,0.0,113,113,52.803738317757016,7.105427357601002e-15,52.80373831775701,52.80373831775701
glass,zscore_robust_3.5,none,cosine,43.74521130810279,0.5990272586327986,42.514879451185976,45.77372792660122,0.4456358937026501,0.013797489132604396,0.3880621076181728,0.47213908894686435,0.21736690587034183,0.025794039621575456,0.08441998321734615,0.24646022803475012,0.3433223583731247,0.018423115614025445,0.262059617771922,0.38381967160437036,0.6714851485148513,0.02620977412307084,0.5346534653465347,0.7029702970297029,0.5507920792079208,0.020514650788421556,0.45544554455445546,0.6039603960396039,0.5127943343991047,0.06994307168583688,0.33393416264703396,0.5797026502908856,113.0,0.0,113,113,52.803738317757016,7.105427357601002e-15,52.80373831775701,52.80373831775701
glass,zscore_robust_3.5,none,minkowski,42.91325321596257,0.9161899593013215,41.08663321144252,45.72275130838595,0.27598623973916414,0.006773824629953994,0.2588491976763497,0.2907949315781373,0.19406559708422158,0.05134150057044129,0.08664920355005115,0.26706689907516784,0.3330729725817632,0.033924454114579686,0.2616029849855694,0.3970663489310361,0.6438613861386138,0.05330844230125485,0.5247524752475248,0.7128712871287128,0.5244554455445545,0.0495139595762878,0.4158415841584158,0.6237623762376238,0.4195440153869552,0.07557884229604056,0.3142904454379864,0.5837111888413871,113.0,0.0,113,113,52.803738317757016,7.105427357601002e-15,52.80373831775701,52.80373831775701
glass,zscore_robust_3.5,none,chebyshev,43.39897653537042,1.12974652236943,42.17674677127795,49.50746684687208,0.2755245710547996,0.00722442676057897,0.25218961544541046,0.2929991065025069,0.21230023942188184,0.03956116038065019,0.09659624674428441,0.2884579059579941,0.34085284295045853,0.025762227553749836,0.2807110717072319,0.4100646886126061,0.6654455445544553,0.039088100742363185,0.5247524752475248,0.7227722772277227,0.5363366336633663,0.03651452395634986,0.44554455445544555,0.6336633663366337,0.417454207292419,0.06400293298625817,0.23454106280193235,0.5875281093236464,113.0,0.0,113,113,52.803738317757016,7.105427357601002e-15,52.80373831775701,52.80373831775701
glass,zscore_robust_3.5,none,correlation,44.03605520575625,0.6885282610583457,42.626618132235436,46.29032414948918,0.4573084466380232,0.009958238633831737,0.4221445610277024,0.4921667176310394,0.22427672533319076,0.011724534240571426,0.2169526588542437,0.26149035094637596,0.3458992298447526,0.009341006068136589,0.3135450405912322,0.3847160370469438,0.6780198019801977,0.009126113759843863,0.6534653465346535,0.7029702970297029,0.5550495049504951,0.010919854003138389,0.5247524752475248,0.6138613861386139,0.5325219630070023,0.046162668998289406,0.38052631578947366,0.5632199184830764,113.0,0.0,113,113,52.803738317757016,7.105427357601002e-15,52.80373831775701,52.80373831775701
glass,zscore_robust_3.5,none,hamming,149.01790363438408,10.245363133159739,115.52655757360007,169.79152905680007,0.014293283156111477,0.005907211548035909,-0.001967942997855288,0.030976936505209385,0.02618767244146757,0.04541901214020986,-0.06390999374546324,0.13119557255636038,0.13941127840545575,0.04488507494138,0.06454665225015568,0.249790125398453,0.5097029702970297,0.031073339003458274,0.44554455445544555,0.5841584158415841,0.41782178217821797,0.03900537743285586,0.31683168316831684,0.5148514851485149,0.23270175701419343,0.0749089876722219,0.1176056338028169,0.425263324621842,113.0,0.0,113,113,52.803738317757016,7.105427357601002e-15,52.80373831775701,52.80373831775701
glass,zscore_robust_3.5,minmax,euclidean,6.66627921215499,0.09295728197721007,6.433335301364945,6.823442527545329,0.25466648606117315,0.016760923350960046,0.21466096013878413,0.313841583495477,0.2107358358934603,0.08902724134453732,0.08556790157815027,0.34199351146044893,0.3579804810058048,0.07077079031279125,0.23239227643652285,0.4920598965356185,0.6462376237623763,0.08148767485226312,0.49504950495049505,0.7524752475247525,0.538910891089109,0.08465497074684859,0.38613861386138615,0.6732673267326733,0.491562613667917,0.08600161075803474,0.30389635690629263,0.6728848114169216,113.0,0.0,113,113,52.803738317757016,7.105427357601002e-15,52.80373831775701,52.80373831775701
glass,zscore_robust_3.5,minmax,manhattan,7.2040663815443535,0.19490810726774344,6.735635884732755,8.039652844065378,0.25741899166414534,0.01448660180670899,0.21220082369017512,0.3006080955459643,0.25957338590710266,0.07257955611173564,0.07763174934912405,0.3839341688363766,0.39073857607662105,0.05235998866543696,0.25208680139459844,0.5131170187255001,0.6982178217821778,0.06810096473547321,0.5148514851485149,0.7722772277227723,0.5521782178217822,0.059221744139493535,0.4158415841584158,0.693069306930693,0.5157881707126009,0.0705070235693331,0.31846094053633894,0.7133775566611388,113.0,0.0,113,113,52.803738317757016,7.105427357601002e-15,52.80373831775701,52.80373831775701
glass,zscore_robust_3.5,minmax,cosine,6.666395549603805,0.10054504089576129,6.448069141191297,6.902770507947628,0.39091861467824623,0.03761518547945222,0.31704230569811276,0.5034008631320673,0.23047223022666025,0.0933846142151702,0.0933098035321782,0.3778956747508051,0.36467203796822384,0.06793173978116011,0.24369970698486235,0.4841948890138546,0.66009900990099,0.08412993111422,0.504950495049505,0.7524752475247525,0.5527722772277227,0.07625761599766473,0.4158415841584158,0.6732673267326733,0.4983108941034159,0.07524654415872752,0.3264313725490196,0.675539523985695,113.0,0.0,113,113,52.803738317757016,7.105427357601002e-15,52.80373831775701,52.80373831775701
glass,zscore_robust_3.5,minmax,minkowski,6.70958254924594,0.11844274465112892,6.440953995542012,7.045582445294853,0.2531521315907459,0.022391862450850807,0.2073225116499636,0.32426179936193367,0.18843540667205036,0.051575039225701204,0.09136920834882478,0.31853223560974697,0.35716042735603154,0.05321367555541501,0.23395294081534743,0.47380437415638205,0.6455445544554453,0.05585071198483348,0.504950495049505,0.7425742574257426,0.528019801980198,0.053777143642218965,0.40594059405940597,0.6633663366336634,0.47348939626023423,0.07531223304481346,0.34101054361221417,0.6590643274853801,113.0,0.0,113,113,52.803738317757016,7.105427357601002e-15,52.80373831775701,52.80373831775701
glass,zscore_robust_3.5,minmax,chebyshev,6.900928200340379,0.1578564389017676,6.5395305240351025,7.223315658695629,0.2727188306539063,0.035279598974687944,0.1945942543307889,0.33266952311575754,0.14370142432730149,0.029245613120271467,0.09623377801978401,0.2147514755130905,0.31885995938844736,0.031638039432261636,0.25160405722033713,0.37741820364074025,0.6036633663366335,0.04231917597995026,0.5247524752475248,0.6831683168316832,0.49366336633663366,0.0242935677409668,0.43564356435643564,0.5643564356435643,0.44185431244646645,0.0751222649162987,0.31860119047619045,0.5952036540821587,113.0,0.0,113,113,52.803738317757016,7.105427357601002e-15,52.80373831775701,52.80373831775701
glass,zscore_robust_3.5,minmax,correlation,6.694118208783035,0.09745710564589288,6.463948555024033,6.8947558498509895,0.39280985588233913,0.04074607374949706,0.33154822938026635,0.5076253631958498,0.20569130733166208,0.07464418291109225,0.08226857156303227,0.342160849713496,0.3427092731307981,0.0522204825113746,0.23855806331197862,0.4708446905062044,0.6483168316831683,0.0702688550427619,0.504950495049505,0.7524752475247525,0.5388118811881188,0.0649127516511874,0.38613861386138615,0.6732673267326733,0.490562712641937,0.07447177526451226,0.3215773809523809,0.6706375632013812,113.0,0.0,113,113,52.803738317757016,7.105427357601002e-15,52.80373831775701,52.80373831775701
glass,zscore_robust_3.5,minmax,hamming,23.053142344249114,1.3425114701889433,18.809681217009548,26.44003256678444,0.01624012729309583,0.005269139179846308,0.00242210155781865,0.030976936505209385,0.03691877496698563,0.041043280667214375,-0.04802296810469567,0.13119557255636038,0.14921732843161728,0.043222334837692694,0.06454665225015568,0.2656094629709527,0.511089108910891,0.030765803312531054,0.45544554455445546,0.6138613861386139,0.4202970297029704,0.03697658603644072,0.3465346534653465,0.5247524752475248,0.23728534403942508,0.07224604966270766,0.12604509023813643,0.425263324621842,113.0,0.0,113,113,52.803738317757016,7.105427357601002e-15,52.80373831775701,52.80373831775701
glass,zscore_robust_3.5,standard,euclidean,218.13073945259887,1.9021072396023153,213.0830279065061,223.32277536036625,0.25135943368578645,0.0070764335466600116,0.23950851996667874,0.2839044379625678,0.27728739041457273,0.0624218245331338,0.10609710697947466,0.366538303411054,0.39872835922526645,0.03899381248645926,0.3047110856860091,0.5032171595724831,0.7074257425742572,0.04439741300284247,0.5445544554455446,0.7623762376237624,0.5705940594059407,0.05845199418290564,0.40594059405940597,0.6732673267326733,0.4845682070421987,0.08541599536769474,0.32315963606286185,0.6728848114169216,113.0,0.0,113,113,52.803738317757016,7.105427357601002e-15,52.80373831775701,52.80373831775701
glass,zscore_robust_3.5,standard,manhattan,235.35165633608435,6.537017675916877,226.02501557991815,260.02932764624774,0.26129152453871535,0.013833967547433266,0.21456033588146642,0.3008768979005885,0.2678772035365475,0.049116119468910834,0.08413609136735588,0.37365316976358987,0.4017312133031655,0.03908820944845888,0.2555216216893803,0.5131170187255001,0.7145544554455444,0.043790032030193486,0.5247524752475248,0.7722772277227723,0.5585148514851486,0.04573989533966772,0.42574257425742573,0.6831683168316832,0.5225377771298804,0.07231760266569502,0.3282845952748865,0.7133775566611388,113.0,0.0,113,113,52.803738317757016,7.105427357601002e-15,52.80373831775701,52.80373831775701
glass,zscore_robust_3.5,standard,cosine,257.7114731428473,5.323796389694012,247.1909275565222,268.7419974620064,0.45274238860257066,0.026684176961778935,0.3943969421073626,0.4970317695467759,0.2287349302936883,0.03043131481808991,0.11867364746945899,0.27094894365367117,0.30556312757682763,0.020525326007692742,0.25327315596714867,0.3418392748812165,0.6667326732673265,0.017218616006596743,0.6039603960396039,0.693069306930693,0.5553465346534653,0.040944993597938455,0.4158415841584158,0.6039603960396039,0.3771104857438671,0.029710352821784497,0.32550252805524726,0.41101967339591106,113.0,0.0,113,113,52.803738317757016,7.105427357601002e-15,52.80373831775701,52.80373831775701
glass,zscore_robust_3.5,standard,minkowski,220.23435638576103,1.7173859889321603,215.1542571720029,228.66674605854172,0.24431124095070392,0.01264337713210877,0.21446321949834318,0.30113796197618703,0.24044750516162133,0.04594647399280296,0.09508153543646775,0.2886339090380408,0.3732061239269519,0.02697680807752213,0.2873533398846041,0.45042046945752834,0.6865346534653465,0.04147132263289269,0.5247524752475248,0.7227722772277227,0.5512871287128712,0.0383433019321305,0.42574257425742573,0.6336633663366337,0.4877568345311705,0.06950276945699677,0.34375453885257806,0.5696076410362124,113.0,0.0,113,113,52.803738317757016,7.105427357601002e-15,52.80373831775701,52.80373831775701
glass,zscore_robust_3.5,standard,chebyshev,233.3243815026387,5.0780963127763705,222.49758802371184,247.18803018400212,0.2447471812496949,0.041184710806530425,0.13917458327590265,0.44492038382768356,0.1452048984744606,0.041627111683531386,0.09267963146622972,0.24064528667887336,0.3077652977297938,0.039717454998678736,0.22427736820920885,0.4080313812673639,0.6034653465346534,0.04690969576650639,0.5148514851485149,0.693069306930693,0.48851485148514856,0.037025467010324324,0.39603960396039606,0.5742574257425742,0.42124882725095675,0.07692493783746948,0.30089333140180596,0.5523759307193302,113.0,0.0,113,113,52.803738317757016,7.105427357601002e-15,52.80373831775701,52.80373831775701
glass,zscore_robust_3.5,standard,correlation,259.6281378090052,5.318020517499409,247.4871370129256,270.8807916786707,0.45767335700231926,0.026071165488763832,0.3985963243574278,0.5012483840053491,0.22267090824949728,0.034733841710734764,0.09935050375127943,0.27046159384302815,0.299103920156335,0.022642437623795916,0.20777913873677953,0.3382392656374164,0.6611881188118809,0.028783797684057498,0.49504950495049505,0.693069306930693,0.549009900990099,0.04490238189247519,0.40594059405940597,0.6039603960396039,0.37531210603006043,0.03064028318953638,0.2883143689595303,0.41101967339591106,113.0,0.0,113,113,52.803738317757016,7.105427357601002e-15,52.80373831775701,52.80373831775701
glass,zscore_robust_3.5,standard,hamming,766.7684989551541,44.574814761089726,625.2838276204761,876.39172874888,0.015776097540883046,0.005396799333462004,0.00242210155781865,0.030976936505209385,0.02711718744792911,0.04122191293841204,-0.04802296810469567,0.13119557255636038,0.1404645866770059,0.0435340693452034,0.06454665225015568,0.249790125398453,0.5109900990099009,0.029600317667204386,0.44554455445544555,0.5841584158415841,0.41554455445544564,0.0382043530363028,0.31683168316831684,0.5148514851485149,0.23019078800720552,0.07078056537863253,0.1176056338028169,0.425263324621842,113.0,0.0,113,113,52.803738317757016,7.105427357601002e-15,52.80373831775701,52.80373831775701
glass,zscore_robust_3.5,robust,euclidean,290.6868358382775,8.702799837642765,278.39511481898256,317.0792956726,0.2929860357371437,0.06872306557845832,0.21327263534401972,0.5212474390551322,0.20193707018000015,0.0830145641390688,0.09053622108865987,0.3384521767057412,0.3494801860049972,0.056325833212648994,0.2307816307211812,0.43137571060258184,0.6258415841584157,0.0907904596203948,0.504950495049505,0.7326732673267327,0.521089108910891,0.08171352571200104,0.38613861386138615,0.6336633663366337,0.3608105077516219,0.06128040002611011,0.2776058298534349,0.5545158163714864,113.0,0.0,113,113,52.803738317757016,7.105427357601002e-15,52.80373831775701,52.80373831775701
glass,zscore_robust_3.5,robust,manhattan,339.94774225048116,14.765971701268647,297.5989149242232,365.59305918735356,0.27935339444068535,0.047831182173358446,0.2000239225225825,0.49071684512055685,0.2863136855301162,0.08112489464256971,0.07002889934469986,0.40552123877279767,0.4121515225723181,0.06131018020917533,0.24986055633927853,0.5165403320155094,0.7035643564356436,0.07362529624145824,0.5148514851485149,0.7821782178217822,0.5898019801980199,0.07192038589757506,0.39603960396039606,0.693069306930693,0.4834094625232209,0.08845921911765334,0.29204904959866135,0.7133775566611388,113.0,0.0,113,113,52.803738317757016,7.105427357601002e-15,52.80373831775701,52.80373831775701
glass,zscore_robust_3.5,robust,cosine,500.952448431424,7.80700340799364,470.2612265094923,513.7518336345694,0.4802503131082396,0.036120487782827705,0.34742893778690054,0.5097870030844102,0.21279259774887535,0.042636071103824266,0.04120900203613213,0.26253137825238076,0.30846596845215773,0.03632747998602846,0.15161184230355446,0.3437967909710044,0.6417821782178217,0.03501592618732511,0.49504950495049505,0.6732673267326733,0.46257425742574265,0.034698132457520015,0.31683168316831684,0.5148514851485149,0.24131305814826667,0.008807061564652033,0.19162601626016262,0.2739766081871345,113.0,0.0,113,113,52.803738317757016,7.105427357601002e-15,52.80373831775701,52.80373831775701
glass,zscore_robust_3.5,robust,minkowski,294.3175476672317,9.487764530925501,273.0179359159333,316.8472443480434,0.30633174355802295,0.09317791486871389,0.20254264613592296,0.5369623818667602,0.17744315295313537,0.06706814276566178,0.08832058672865083,0.29898343894438983,0.3467499904437182,0.049578984128767774,0.25441846347955777,0.4396103056790727,0.6105940594059406,0.07760829053729734,0.504950495049505,0.7227722772277227,0.5156435643564357,0.07191254805108283,0.40594059405940597,0.6336633663366337,0.3746765057986887,0.07541611335046007,0.2776058298534349,0.5786773280026652,113.0,0.0,113,113,52.803738317757016,7.105427357601002e-15,52.80373831775701,52.80373831775701
glass,zscore_robust_3.5,robust,chebyshev,307.8441732748531,10.476970808285666,280.53162610122666,330.8334048119325,0.31495158784377564,0.09256126345695867,0.18926261046740556,0.5415537071134765,0.12442631001137153,0.026772570406486777,0.06318489845555844,0.19965594399543266,0.3037783050378,0.027823125995635353,0.2280154283178326,0.3723102851163546,0.5696039603960394,0.040905710233330096,0.5148514851485149,0.6534653465346535,0.4713861386138614,0.03780298636172697,0.3564356435643564,0.5643564356435643,0.38483956144069675,0.07231681728643141,0.29029029029029024,0.5785211616612151,113.0,0.0,113,113,52.803738317757016,7.105427357601002e-15,52.80373831775701,52.80373831775701
glass,zscore_robust_3.5,robust,correlation,488.29081472618026,4.676864895258996,456.7608073050145,504.1016443463778,0.4816888074950867,0.01833351621303108,0.3646717083488997,0.49038622516325947,0.2360970109792553,0.027143215939909038,0.04907834354840484,0.25560866613589217,0.2966659109073672,0.020292547475428187,0.16360028511596808,0.33549538247757343,0.6545544554455447,0.022311085382122058,0.504950495049505,0.6732673267326733,0.5025742574257426,0.0236017674574382,0.32673267326732675,0.5247524752475248,0.29980362517702597,0.036475488948105435,0.2390282131661442,0.33948412698412694,113.0,0.0,113,113,52.803738317757016,7.105427357601002e-15,52.80373831775701,52.80373831775701
glass,zscore_robust_3.5,robust,hamming,1226.901456570675,55.686050877242764,1052.714912479086,1356.2128511257501,0.016450208503141224,0.005722755484895212,0.00015390086770586823,0.02897834777494505,0.04075788519634061,0.04424038453118996,-0.04802296810469567,0.16924478554665243,0.15569262754592797,0.04754960938771144,0.060477552272757994,0.26815741217365685,0.5098019801980198,0.03172939078804404,0.45544554455445546,0.6138613861386139,0.4207920792079209,0.03973986582255342,0.31683168316831684,0.5247524752475248,0.2518144033578936,0.07719848843400101,0.12604509023813643,0.425263324621842,113.0,0.0,113,113,52.803738317757016,7.105427357601002e-15,52.80373831775701,52.80373831775701
