dataset,outlier_method,norm,metric,inertia_mean,inertia_std,inertia_min,inertia_max,silhouette_mean,silhouette_std,silhouette_min,silhouette_max,ari_mean,ari_std,ari_min,ari_max,nmi_mean,nmi_std,nmi_min,nmi_max,acc_mean,acc_std,acc_min,acc_max,hungarian_acc_mean,hungarian_acc_std,hungarian_acc_min,hungarian_acc_max,macro_f1_mean,macro_f1_std,macro_f1_min,macro_f1_max,removed_count_mean,removed_count_std,removed_count_min,removed_count_max,removed_pct_mean,removed_pct_std,removed_pct_min,removed_pct_max
vertebral,none,none,euclidean,322952.18157222465,20126.22313805659,300711.3222514448,344036.4168746682,0.4340223411586788,0.01779369015054141,0.3631389580571893,0.4494247630970148,0.32205158388943333,0.00933348640891395,0.30120291249744024,0.3311452078602832,0.4139829895902182,0.003018889948845265,0.40589793139873703,0.41675310937995547,0.6914193548387095,0.013838822467395118,0.6774193548387096,0.7225806451612903,0.6611290322580643,0.01991331369800024,0.5612903225806452,0.6741935483870968,0.5121374729424527,0.008386908562764802,0.5035490035490036,0.5284765271444917,0.0,0.0,0,0,0.0,0.0,0.0,0.0
vertebral,none,none,manhattan,344761.705503,21032.918408974834,312001.4315,358545.78185,0.3817693832457883,0.03959577879644453,0.35584388031472863,0.4425711148999739,0.3031609913787103,0.042031930611967014,0.27208279257186174,0.3705241101404323,0.38540118960904807,0.00974497120694019,0.37538110821733933,0.40462487280192816,0.7043548387096777,0.01268669118385834,0.6838709677419355,0.7129032258064516,0.5611290322580644,0.0790241931368902,0.5064516129032258,0.6838709677419355,0.5154827113756327,0.006789394259644075,0.5042434137796147,0.5201166030999987,0.0,0.0,0,0,0.0,0.0,0.0,0.0
vertebral,none,none,cosine,347717.8213367036,14691.451934517832,310963.8141238635,356227.386263473,0.6286533268666888,0.023329030968596915,0.5823112588525677,0.660177518862891,0.4682246036718394,0.039504757823652085,0.38237558820584977,0.522288126615259,0.48980556425788124,0.021469647672946457,0.4532936597742195,0.5387223682817017,0.7445483870967741,0.005468574491757821,0.7322580645161291,0.7483870967741936,0.6956774193548386,0.03257655675402131,0.6258064516129033,0.7387096774193549,0.5448907153284976,0.002908880206713271,0.5391600212652844,0.547008547008547,0.0,0.0,0,0,0.0,0.0,0.0,0.0
vertebral,none,none,minkowski,322292.1508671026,19588.16119584669,303097.0307513165,345308.5510353076,0.4351005672462634,0.018625644180414687,0.36108974775622643,0.45156139641913134,0.3198045329602941,0.06156330871193842,0.26037013471536413,0.39435378867712517,0.42165999447413244,0.03499922671350763,0.3879248004309756,0.46512048989782323,0.689741935483871,0.03242338283434467,0.6580645161290323,0.7322580645161291,0.6624193548387096,0.015242575511395823,0.5806451612903226,0.6774193548387096,0.5112236403958791,0.02115661454048574,0.4905427631578947,0.5353477107600045,0.0,0.0,0,0,0.0,0.0,0.0,0.0
vertebral,none,none,chebyshev,330636.99037562625,17440.137933909267,314861.79206140235,349917.7883152333,0.45112542024293106,0.023030076458380636,0.42566471274104933,0.4719569081990163,0.2661311589715988,0.1077562109757,0.16866199879793345,0.38526013251718993,0.3991891373044824,0.06136719729220514,0.34368041879885736,0.4670331265891352,0.6643548387096775,0.04974937185533099,0.6193548387096774,0.7193548387096774,0.6466129032258066,0.03370118738586939,0.6161290322580645,0.6838709677419355,0.4939639097893449,0.034135562175684246,0.46308713204081986,0.5317021937042092,0.0,0.0,0,0,0.0,0.0,0.0,0.0
vertebral,none,none,correlation,366480.40945967153,5.820766091346741e-11,366480.4094596715,366480.4094596715,0.557171385169883,1.1102230246251565e-16,0.5571713851698831,0.5571713851698831,0.31557750256089717,5.551115123125783e-17,0.3155775025608971,0.3155775025608971,0.43132913521830196,1.6653345369377348e-16,0.43132913521830213,0.43132913521830213,0.7064516129032254,3.3306690738754696e-16,0.7064516129032258,0.7064516129032258,0.6483870967741936,0.0,0.6483870967741936,0.6483870967741936,0.5231245719050596,2.220446049250313e-16,0.5231245719050598,0.5231245719050598,0.0,0.0,0,0,0.0,0.0,0.0,0.0
vertebral,none,none,hamming,1294736.542109,18828.791023530594,1219484.2439000001,1349242.7085000002,0.0020112664684548112,0.0007964041857376265,0.00047984308780775465,0.004251233491524216,0.001323361099206443,0.00549910118259351,-0.012696638639566367,0.014925281032032774,0.017735856550566535,0.006959254778772895,0.006445816352775485,0.03758083371967786,0.4908064516129032,0.004408274312489163,0.4838709677419355,0.5032258064516129,0.4863870967741935,0.005870258730672469,0.4645161290322581,0.5,0.2387369501363225,0.011295007145156069,0.21739130434782608,0.26618108327144857,0.0,0.0,0,0,0.0,0.0,0.0,0.0
vertebral,none,minmax,euclidean,19.275232109413338,7.105427357601002e-15,19.275232109413345,19.275232109413345,0.29578563763877563,5.551115123125783e-17,0.2957856376387757,0.2957856376387757,0.20983210488827922,0.0,0.20983210488827922,0.20983210488827922,0.2688825931788285,4.611102534756203e-17,0.26888259317882846,0.2688825931788285,0.6677419354838712,2.220446049250313e-16,0.667741935483871,0.667741935483871,0.47419354838709693,1.6653345369377348e-16,0.47419354838709676,0.47419354838709676,0.48194444444444434,1.1102230246251565e-16,0.48194444444444445,0.48194444444444445,0.0,0.0,0,0,0.0,0.0,0.0,0.0
vertebral,none,minmax,manhattan,19.67281906870076,7.105427357601002e-15,19.672819068700754,19.672819068700754,0.3234035795763843,0.0,0.3234035795763843,0.3234035795763843,0.2023442470276034,0.0,0.2023442470276034,0.2023442470276034,0.2741506083949968,4.4408920985006264e-17,0.2741506083949968,0.27415060839499683,0.661290322580645,1.1102230246251565e-16,0.6612903225806451,0.6612903225806451,0.46451612903225803,5.551115123125783e-17,0.4645161290322581,0.4645161290322581,0.47712205760567467,5.551115123125783e-17,0.4771220576056747,0.4771220576056747,0.0,0.0,0,0,0.0,0.0,0.0,0.0
vertebral,none,minmax,cosine,23.259766054357097,0.010603966684186134,23.17642468966517,23.27627787639103,0.42351195667789254,0.0009262735445978484,0.4231228079126875,0.4274731251007647,0.23463949145444413,0.0019186649939805483,0.23315355370579643,0.24082824337319494,0.2514278893681889,0.001988513199907938,0.24952594154723876,0.2542875310362678,0.682193548387097,0.001611612386683434,0.6806451612903226,0.6838709677419355,0.5587741935483871,0.0028700614734884,0.5580645161290323,0.5709677419354838,0.49243055752981135,0.001415039104868056,0.49107142857142855,0.49404761904761907,0.0,0.0,0,0,0.0,0.0,0.0,0.0
vertebral,none,minmax,minkowski,19.515757066975524,0.012297069759345754,19.498777560336713,19.531177120520645,0.2809144033749823,0.001055796785911912,0.27961215165839237,0.2826329228996564,0.21193243283729654,0.008593250283371778,0.20104249445790306,0.22273153171692653,0.2605349008637709,0.008295469753572569,0.24997973531377413,0.27033136682095815,0.6770967741935485,0.004838709677419337,0.6709677419354839,0.6838709677419355,0.48722580645161284,0.0006321263852343593,0.4870967741935484,0.49032258064516127,0.48933246373277983,0.0036206040042081706,0.48480087288597923,0.4958094321379484,0.0,0.0,0,0,0.0,0.0,0.0,0.0
vertebral,none,minmax,chebyshev,20.408119235688883,0.0426421867708018,20.31411684510213,20.456129448688397,0.26695716372557954,0.002367751314847017,0.2638992755958886,0.2706767567882467,0.17700473468587258,0.0020247619769962035,0.17499099320194456,0.1820561146578142,0.22745188123296245,0.007821479715421752,0.21797543353560533,0.2402999535053825,0.6650322580645163,0.001182600179343425,0.6645161290322581,0.667741935483871,0.5000967741935485,0.0036052626581911237,0.4935483870967742,0.5096774193548387,0.4831255845949551,0.0009829967169411543,0.48269659406405196,0.48541666666666666,0.0,0.0,0,0,0.0,0.0,0.0,0.0
vertebral,none,minmax,correlation,24.265231731567443,3.552713678800501e-15,24.265231731567447,24.265231731567447,0.46371277403329514,2.220446049250313e-16,0.4637127740332949,0.4637127740332949,0.17511587277066348,5.551115123125783e-17,0.17511587277066343,0.17511587277066343,0.21304457810554212,2.466969522362136e-17,0.21304457810554206,0.21304457810554212,0.6548387096774192,1.1102230246251565e-16,0.6548387096774193,0.6548387096774193,0.5741935483870969,1.1102230246251565e-16,0.5741935483870968,0.5741935483870968,0.4795285359801491,2.220446049250313e-16,0.4795285359801489,0.4795285359801489,0.0,0.0,0,0,0.0,0.0,0.0,0.0
vertebral,none,minmax,hamming,73.29509839986636,1.8483010010573948,67.01466120801624,78.78211210077936,0.0020608335884357352,0.0007723070321149763,0.00047984308780775465,0.004251233491524216,0.000277604963797953,0.0054825857402905145,-0.008702201132830467,0.016034883194727925,0.017143845220885905,0.006031978402364009,0.007076740379850285,0.03758083371967786,0.48961290322580636,0.0044131107289451955,0.4838709677419355,0.5032258064516129,0.4844193548387096,0.006516687935149319,0.47096774193548385,0.5,0.2353932767687417,0.012784787072346529,0.21739130434782608,0.26618108327144857,0.0,0.0,0,0,0.0,0.0,0.0,0.0
vertebral,none,standard,euclidean,929.7711460143857,0.08198952688050135,929.7175665755055,930.4359672418316,0.294906937711388,0.0008438952628857286,0.2938863393573108,0.29816652209492156,0.2108063223313626,0.002197724464679688,0.20388013464844956,0.2200716120918734,0.3026572016149822,0.0019822943892716153,0.2958809030578242,0.30946450654614305,0.6676451612903227,0.0015440126379063597,0.6645161290322581,0.6806451612903226,0.4682903225806452,0.0024590295286321226,0.4645161290322581,0.4870967741935484,0.48202941597482357,0.0013291210613559587,0.47988830933458204,0.4937600331417327,0.0,0.0,0,0,0.0,0.0,0.0,0.0
vertebral,none,standard,manhattan,968.0289433858558,0.2785443917052438,967.327119355485,968.3087169119619,0.31907554163382706,0.00039024000785792745,0.3187132453174922,0.3201236307500759,0.22128720502324017,0.0014884326972169082,0.21940118449112772,0.2230221114156622,0.2947500221395132,0.002324039795542357,0.2926541338495987,0.30110697961696786,0.6697419354838711,0.0015657627225176567,0.667741935483871,0.6709677419354839,0.46329032258064506,0.0015657627225176293,0.4612903225806452,0.4645161290322581,0.48299718334438974,0.0013678372750244657,0.48125,0.4840680376522413,0.0,0.0,0,0,0.0,0.0,0.0,0.0
vertebral,none,standard,cosine,969.9631495448398,0.06515554152149595,969.8532285767744,970.0017704255114,0.5069943343270541,0.000388922097530907,0.5063382014415883,0.5072248675030289,0.26999095544083673,0.00032828859456493416,0.26943711459665487,0.27018554816987356,0.3009786372054991,0.00038973401318646736,0.30074762276734923,0.3016361398371566,0.7000000000000002,2.220446049250313e-16,0.7,0.7,0.5443225806451613,0.0014149491741587735,0.5419354838709678,0.5451612903225806,0.5076087708376564,1.1102230246251565e-16,0.5076087708376565,0.5076087708376565,0.0,0.0,0,0,0.0,0.0,0.0,0.0
vertebral,none,standard,minkowski,934.6264266911191,0.08231368154791983,934.5760279706415,935.3150645733485,0.28340940118432184,0.0023259392249054735,0.2821077067625302,0.28765306825706116,0.24800436856355135,0.0049480335291529585,0.23909142533035685,0.25717263978395594,0.3221963073274556,0.0014678938924850334,0.32149123468185936,0.3337557280910535,0.692806451612903,0.001432127282607968,0.6903225806451613,0.6967741935483871,0.5017419354838708,0.0027150484403226692,0.4967741935483871,0.5032258064516129,0.5004088465595988,0.0006595735194688862,0.49863988282067373,0.502822785031374,0.0,0.0,0,0,0.0,0.0,0.0,0.0
vertebral,none,standard,chebyshev,976.4233259669243,3.923316274579535,963.619432154374,978.1114338251069,0.28095477199344354,0.0003528963652573982,0.28023734969554154,0.28239545245024084,0.21995889514850483,0.00413247031212583,0.21450149777950586,0.2320007369114278,0.2978505386343663,0.0037078833221167486,0.29302038539731073,0.30860111729533246,0.6872258064516129,0.002277337108996505,0.6838709677419355,0.6935483870967742,0.5091290322580645,0.0022374636301754694,0.5032258064516129,0.5129032258064516,0.4989918350677046,0.0018231130369557229,0.4951576532540831,0.5034045428556578,0.0,0.0,0,0,0.0,0.0,0.0,0.0
vertebral,none,standard,correlation,1217.5139518470742,3.1918655202391855,1207.3799540313307,1227.223175931066,0.496343238378637,0.0011543598985216592,0.49367017080693393,0.49712659644729507,0.24212053155211744,0.009116667807372964,0.2351057123805994,0.26266070801924424,0.20762111791972615,0.0030182642058633412,0.19943291202625293,0.21767494089083927,0.6608709677419355,0.005052379128640416,0.6548387096774193,0.6741935483870968,0.6264516129032259,0.006337704098189853,0.6225806451612903,0.6419354838709678,0.48048405651207815,0.0038666758814203768,0.4757741154858424,0.4905663751631883,0.0,0.0,0,0,0.0,0.0,0.0,0.0
vertebral,none,standard,hamming,3287.446947484024,61.174079108324136,3054.4594834987784,3480.748096195263,0.0021457095295226857,0.0008133064122516016,0.00047984308780775465,0.004429944201201743,-0.0003802239816934292,0.0060849623929934375,-0.012696638639566367,0.016034883194727925,0.017897332046594373,0.0070945234904389995,0.007076740379850285,0.04287637516417834,0.4898064516129032,0.004864875489421627,0.4838709677419355,0.5032258064516129,0.4839677419354838,0.007774862774033175,0.4645161290322581,0.5,0.23631694731294292,0.013456705391554755,0.21739130434782608,0.27025568250733817,0.0,0.0,0,0,0.0,0.0,0.0,0.0
vertebral,none,robust,euclidean,622.0519240876336,1.1368683772161603e-13,622.0519240876337,622.0519240876337,0.30022353623525344,5.551115123125783e-17,0.3002235362352534,0.3002235362352534,0.27317889078785834,1.1102230246251565e-16,0.27317889078785845,0.27317889078785845,0.3515877483411871,1.1102230246251565e-16,0.351587748341187,0.351587748341187,0.7129032258064518,2.220446049250313e-16,0.7129032258064516,0.7129032258064516,0.5193548387096774,1.1102230246251565e-16,0.5193548387096775,0.5193548387096775,0.5172999289637368,1.1102230246251565e-16,0.5172999289637369,0.5172999289637369,0.0,0.0,0,0,0.0,0.0,0.0,0.0
vertebral,none,robust,manhattan,661.7801499907926,0.5162002457566401,659.0608852834271,662.3761108513552,0.3244441629489642,0.0021451473080245356,0.31944386197209745,0.32584677776817206,0.23584723187426376,0.0030311545478141355,0.22773505323249163,0.23765393553189118,0.33024559136385045,0.003813886974663259,0.3197689435098029,0.33230982884709115,0.6850322580645164,0.003578174096480552,0.6774193548387096,0.6870967741935484,0.4971612903225806,0.005864938414123096,0.4838709677419355,0.5032258064516129,0.49668405281835265,0.0035380061168864985,0.4896729887967182,0.4987581623385289,0.0,0.0,0,0,0.0,0.0,0.0,0.0
vertebral,none,robust,cosine,671.8025759253385,1.1368683772161603e-13,671.8025759253384,671.8025759253384,0.48468486080065154,1.1102230246251565e-16,0.48468486080065165,0.48468486080065165,0.27532685550615527,5.551115123125783e-17,0.2753268555061552,0.2753268555061552,0.2872691924923066,3.284083995358298e-17,0.28726919249230654,0.2872691924923066,0.7000000000000002,2.220446049250313e-16,0.7,0.7,0.5419354838709677,1.1102230246251565e-16,0.5419354838709678,0.5419354838709678,0.504259991216513,0.0,0.504259991216513,0.504259991216513,0.0,0.0,0,0,0.0,0.0,0.0,0.0
vertebral,none,robust,minkowski,624.4289816400096,1.1368683772161603e-13,624.4289816400095,624.4289816400095,0.2943801978362063,5.551115123125783e-17,0.29438019783620634,0.29438019783620634,0.2877271844490902,1.1102230246251565e-16,0.2877271844490903,0.2877271844490903,0.36284050309128524,5.551115123125783e-17,0.3628405030912852,0.3628405030912852,0.7225806451612901,2.220446049250313e-16,0.7225806451612903,0.7225806451612903,0.5387096774193549,1.1102230246251565e-16,0.5387096774193548,0.5387096774193548,0.5254724111866969,0.0,0.5254724111866969,0.5254724111866969,0.0,0.0,0,0,0.0,0.0,0.0,0.0
vertebral,none,robust,chebyshev,657.8082581194144,0.1546336938107732,657.7118270689657,658.0562236777105,0.2663987210288869,0.0015052559473162357,0.26398494158563207,0.26733741303459707,0.24519896713032951,0.0033088823498998877,0.2398929510932715,0.2472624178114077,0.3018004281246239,0.003291349263474988,0.2965225275742806,0.3038529450053129,0.7087741935483871,0.0014483835045576833,0.7064516129032258,0.7096774193548387,0.5360000000000001,0.0043451505136729495,0.5290322580645161,0.5387096774193548,0.5169731260536048,0.001122454694157031,0.5151731942402997,0.5176730995365567,0.0,0.0,0,0,0.0,0.0,0.0,0.0
vertebral,none,robust,correlation,816.6053234538881,0.010897957153783862,816.603766602866,816.6816091539645,0.5183037040797448,0.00022433236035364736,0.5182716565996944,0.5198740306022205,0.26441231628187606,0.0014427821268859031,0.26420620454946386,0.27451179117007746,0.21336517809449673,0.0007487479579108289,0.21325821410050938,0.21860641379987253,0.6677419354838712,2.220446049250313e-16,0.667741935483871,0.667741935483871,0.648516129032258,0.0009032258064515996,0.6483870967741936,0.6548387096774193,0.4861441451407709,1.1102230246251565e-16,0.48614414514077103,0.48614414514077103,0.0,0.0,0,0,0.0,0.0,0.0,0.0
vertebral,none,robust,hamming,2101.278245683654,41.90147108604362,1975.8506571320481,2206.186164403175,0.002220374433553459,0.0008350102144313103,0.00047984308780775465,0.004429944201201743,-1.7056327653819198e-05,0.007441755715106175,-0.012696638639566367,0.025190654515469264,0.01873617158693205,0.007158574447345379,0.007076740379850285,0.04287637516417834,0.48922580645161295,0.004875558614170071,0.4838709677419355,0.5032258064516129,0.48280645161290314,0.008400175906190464,0.4645161290322581,0.5032258064516129,0.2337276708319752,0.01439010787549515,0.21739130434782608,0.27591970561094575,0.0,0.0,0,0,0.0,0.0,0.0,0.0
vertebral,zscore,none,euclidean,179565.4838089367,14.414066831081065,179560.0301339633,179616.9334438714,0.3732465631154266,0.0007275232396847688,0.3715708379328519,0.37607876542728247,0.32013064894555376,0.00023336724352105746,0.31973832868101926,0.32127140759816875,0.42896855965263925,0.00010700192414042095,0.4285361594103448,0.42920737964702826,0.7248322147651008,2.220446049250313e-16,0.7248322147651006,0.7248322147651006,0.5401342281879196,0.0015682310665165089,0.5369127516778524,0.5469798657718121,0.5345305151227854,1.1102230246251565e-16,0.5345305151227855,0.5345305151227855,12.0,0.0,12,12,3.8709677419354853,1.3322676295501878e-15,3.870967741935484,3.870967741935484
vertebral,zscore,none,manhattan,186718.31340000007,5.820766091346741e-11,186718.3134,186718.3134,0.3715342736624212,1.1102230246251565e-16,0.3715342736624213,0.3715342736624213,0.2849400625569597,5.551115123125783e-17,0.28494006255695964,0.28494006255695964,0.38397966941789896,9.485749680535095e-17,0.383979669417899,0.38397966941789907,0.7080536912751679,1.1102230246251565e-16,0.7080536912751678,0.7080536912751678,0.5201342281879195,1.1102230246251565e-16,0.5201342281879194,0.5201342281879194,0.5213965064080197,2.220446049250313e-16,0.5213965064080199,0.5213965064080199,12.0,0.0,12,12,3.8709677419354853,1.3322676295501878e-15,3.870967741935484,3.870967741935484
vertebral,zscore,none,cosine,192018.9809521215,2.9103830456733704e-11,192018.98095212152,192018.98095212152,0.5543893551508612,1.1102230246251565e-16,0.5543893551508613,0.5543893551508613,0.3480164860054449,5.551115123125783e-17,0.34801648600544494,0.34801648600544494,0.45189107947802526,6.999689834929208e-17,0.45189107947802526,0.45189107947802537,0.7348993288590603,1.1102230246251565e-16,0.7348993288590604,0.7348993288590604,0.5234899328859062,1.1102230246251565e-16,0.5234899328859061,0.5234899328859061,0.5403159698934347,0.0,0.5403159698934347,0.5403159698934347,12.0,0.0,12,12,3.8709677419354853,1.3322676295501878e-15,3.870967741935484,3.870967741935484
vertebral,zscore,none,minkowski,180089.09496782543,8.731149137020111e-11,180089.09496782534,180089.09496782534,0.3713650103297452,0.0,0.3713650103297452,0.3713650103297452,0.3652689780845615,1.6653345369377348e-16,0.3652689780845613,0.3652689780845613,0.4718856576187854,1.1102230246251565e-16,0.4718856576187853,0.4718856576187853,0.7416107382550335,0.0,0.7416107382550335,0.7416107382550335,0.557046979865772,2.220446049250313e-16,0.5570469798657718,0.5570469798657718,0.5454731676885618,1.1102230246251565e-16,0.5454731676885617,0.5454731676885617,12.0,0.0,12,12,3.8709677419354853,1.3322676295501878e-15,3.870967741935484,3.870967741935484
vertebral,zscore,none,chebyshev,186438.0762063901,338.2306113904017,186118.72155388328,187659.49705224682,0.35895307820491057,0.0014260746360982952,0.35573536966919767,0.36315007859038373,0.3977213620219826,0.004568921032797164,0.3886546207192926,0.4094343140099775,0.5046006044476404,0.005480121136072753,0.5016449321279994,0.5281371493255915,0.7588255033557048,0.0016882229836382779,0.7550335570469798,0.761744966442953,0.5698657718120806,0.0031614941512251955,0.5671140939597316,0.5805369127516778,0.5584605396359363,0.0010150242653544047,0.5568568401093078,0.5612351190476191,12.0,0.0,12,12,3.8709677419354853,1.3322676295501878e-15,3.870967741935484,3.870967741935484
vertebral,zscore,none,correlation,215203.52642700903,850.5824323479346,213876.52876149054,215754.77634334605,0.5371561912294134,0.0006541620260971922,0.536834803664856,0.5421568299898347,0.26663754105927606,0.006236570085720789,0.2608289674077754,0.3187696350334027,0.40715690856543274,0.005278578096984509,0.4021888080493768,0.4510568223402882,0.7038926174496646,0.002330705416669156,0.7013422818791947,0.7214765100671141,0.5343288590604025,0.007679433239413515,0.5335570469798657,0.610738255033557,0.5224358396968936,0.0017909925758994873,0.5207175845343359,0.5371859740090786,12.0,0.0,12,12,3.8709677419354853,1.3322676295501878e-15,3.870967741935484,3.870967741935484
vertebral,zscore,none,hamming,931014.263929,16359.782801963906,865359.4788,985568.3740000001,0.002146772902791222,0.0009416931808432749,0.0005937919041738962,0.0043041982475395205,0.0003014059342891507,0.005932972844925014,-0.011358111130559932,0.01702581711323991,0.018593324702370587,0.007492788299397073,0.006463159957254066,0.04238608342824251,0.47,0.004904841984051934,0.46308724832214765,0.4865771812080537,0.46530201342281885,0.007153556497917185,0.4429530201342282,0.4865771812080537,0.23213726716369415,0.012198785863569886,0.2110091743119266,0.2807028265851795,12.0,0.0,12,12,3.8709677419354853,1.3322676295501878e-15,3.870967741935484,3.870967741935484
vertebral,zscore,minmax,euclidean,28.676779069810365,0.001892940820516468,28.674439637798855,28.67996786952449,0.31710129290272965,0.0012847580140742006,0.3151546710440456,0.3187886466219279,0.23334642388708146,0.0028357722047498935,0.2296468190928164,0.23693935243210956,0.30992761523941775,0.004569807197503514,0.30167305546577744,0.31446912779076175,0.667818791946309,0.0029059317678956013,0.6644295302013423,0.6711409395973155,0.47412751677852344,0.004062897896581785,0.4697986577181208,0.4798657718120805,0.485506397150679,0.002511945342649517,0.4825752961562251,0.4883768054475625,12.0,0.0,12,12,3.8709677419354853,1.3322676295501878e-15,3.870967741935484,3.870967741935484
vertebral,zscore,minmax,manhattan,29.132713805605366,0.025584093524469026,29.10559982107667,29.158483973125634,0.3372416978872538,0.00022947109636082733,0.336892084305687,0.3374683704435102,0.24151310486591335,0.0021148705696924204,0.23902377308700215,0.24497133973307503,0.3170754453042218,0.0027696281515882863,0.314734477669885,0.32240433678828284,0.67003355704698,0.0015778950262428089,0.6677852348993288,0.6711409395973155,0.4776510067114094,0.0031557900524855653,0.47315436241610737,0.4798657718120805,0.48757162850569524,0.0013756397749890234,0.48561205273069685,0.4885981238132837,12.0,0.0,12,12,3.8709677419354853,1.3322676295501878e-15,3.870967741935484,3.870967741935484
vertebral,zscore,minmax,cosine,36.74590211411032,0.1235169508124697,35.94845038382392,36.88246339521157,0.39364837470103736,0.010537691602725071,0.35656055838262013,0.4052173861216586,0.4252603575827415,0.04408844086668123,0.2426675857850829,0.4517008787607701,0.37494513463225304,0.01832038995356107,0.3146290555962776,0.39697892051936307,0.7033557046979866,0.016521521644417683,0.6442953020134228,0.7114093959731543,0.6536577181208054,0.0324213697842001,0.47651006711409394,0.6778523489932886,0.5208398469182592,0.0167320456015786,0.46130515462918553,0.5286610305621712,12.0,0.0,12,12,3.8709677419354853,1.3322676295501878e-15,3.870967741935484,3.870967741935484
vertebral,zscore,minmax,minkowski,28.832021552759816,0.025445649552524954,28.797416581865537,28.949734610635915,0.30621593726253865,0.007905435318170178,0.2978147066188277,0.31511653063443135,0.22991725907505672,0.011342955738608202,0.21819027449939019,0.2460304900375457,0.3154170705901153,0.010041964098975049,0.30499629052625316,0.3298511262339996,0.6646644295302014,0.003833589710913025,0.6577181208053692,0.674496644295302,0.48171140939597323,0.007249797886063204,0.47315436241610737,0.4966442953020134,0.48278595796092455,0.005359818047585154,0.4750866087849108,0.49393667190657986,12.0,0.0,12,12,3.8709677419354853,1.3322676295501878e-15,3.870967741935484,3.870967741935484
vertebral,zscore,minmax,chebyshev,29.85419194850925,0.011613634397452086,29.84916077396153,29.93322742835755,0.28901166518262317,0.0012336746640257698,0.28502797465765173,0.29189723080330277,0.21868560314295823,0.0012693890463555996,0.21554965615776514,0.22194575064163355,0.30321591588833824,0.0013931858016396615,0.3009646363015501,0.30738855904561646,0.6641275167785239,0.000960341477936537,0.6610738255033557,0.6644295302013423,0.47355704697986584,0.0022897613569438867,0.4697986577181208,0.4798657718120805,0.48216860004882456,0.0008649245212395406,0.4788086402131506,0.48248296658748563,12.0,0.0,12,12,3.8709677419354853,1.3322676295501878e-15,3.870967741935484,3.870967741935484
vertebral,zscore,minmax,correlation,40.420529345796275,0.02047986621190996,40.27713146684612,40.42430532342842,0.5160853137711852,0.0038815280879159844,0.49107588704743865,0.5168533233412075,0.25464845442086054,0.011346473631397071,0.2524123998515701,0.33390407847904047,0.29811695928641774,0.005864262887309843,0.29411317954174043,0.3555003947419046,0.6882885906040273,0.002007541746462566,0.6879194630872483,0.7046979865771812,0.6023825503355702,0.008509143451239471,0.6006711409395973,0.6476510067114094,0.5090372905522687,0.001314788810495296,0.5088129863858398,0.5206641123882503,12.0,0.0,12,12,3.8709677419354853,1.3322676295501878e-15,3.870967741935484,3.870967741935484
vertebral,zscore,minmax,hamming,124.49636650436983,3.2588250532141876,114.52858702927799,135.07592732271235,0.0023400916592609946,0.0008255118397427387,0.0007604959645084987,0.0043041982475395205,-0.00038040461532828066,0.005448665018973154,-0.011358111130559932,0.01702581711323991,0.019740907230209624,0.007445749332766103,0.008375635046199073,0.04238608342824251,0.4703020134228188,0.005228334379490897,0.46308724832214765,0.4865771812080537,0.4651677852348994,0.007852348993288582,0.4429530201342282,0.4865771812080537,0.23187657637678982,0.013674569756186838,0.2110091743119266,0.2807028265851795,12.0,0.0,12,12,3.8709677419354853,1.3322676295501878e-15,3.870967741935484,3.870967741935484
vertebral,zscore,standard,euclidean,807.5181147905754,0.022076925488695002,807.4989397897273,807.5435328149549,0.3096256703170524,0.0010301596415941679,0.30843960738911036,0.3105204195433947,0.2645983000950278,0.00909518680122167,0.25412665720388955,0.272497960521676,0.3510288343210567,0.008532833726434262,0.34120465043286224,0.35844006076302787,0.6888590604026845,0.006645312104422361,0.6812080536912751,0.6946308724832215,0.5009395973154362,0.006645312104422306,0.49328859060402686,0.5067114093959731,0.5021728432332772,0.005713713101567533,0.49559442274674065,0.5071355113196118,12.0,0.0,12,12,3.8709677419354853,1.3322676295501878e-15,3.870967741935484,3.870967741935484
vertebral,zscore,standard,manhattan,823.9319131754789,0.1257866486583628,823.7900066973993,824.0434111225411,0.327897053547396,0.0008936648521277091,0.3268888636234144,0.32868920277338154,0.24516612300563653,8.326672684688674e-17,0.24516612300563662,0.24516612300563662,0.31915964810440217,4.5097472448829337e-17,0.3191596481044021,0.31915964810440217,0.674496644295302,0.0,0.674496644295302,0.674496644295302,0.48322147651006725,1.1102230246251565e-16,0.48322147651006714,0.48322147651006714,0.4913992442614631,1.1102230246251565e-16,0.491399244261463,0.491399244261463,12.0,0.0,12,12,3.8709677419354853,1.3322676295501878e-15,3.870967741935484,3.870967741935484
vertebral,zscore,standard,cosine,854.7135342803069,0.0,854.7135342803069,854.7135342803069,0.5005471953196626,1.1102230246251565e-16,0.5005471953196625,0.5005471953196625,0.2860821637505899,5.551115123125783e-17,0.28608216375059,0.28608216375059,0.32519595664450646,4.871083751574258e-17,0.3251959566445064,0.32519595664450646,0.7013422818791948,1.1102230246251565e-16,0.7013422818791947,0.7013422818791947,0.5302013422818791,1.1102230246251565e-16,0.5302013422818792,0.5302013422818792,0.5135489183322105,0.0,0.5135489183322105,0.5135489183322105,12.0,0.0,12,12,3.8709677419354853,1.3322676295501878e-15,3.870967741935484,3.870967741935484
vertebral,zscore,standard,minkowski,811.1981496740386,0.19909820231860473,810.9909216948781,811.389437039418,0.30302017245355817,0.0005784327422554636,0.30241812056729267,0.30357591265626493,0.2625567410457,0.004318962028765976,0.25806142284156625,0.26670626554182336,0.3415551281483711,0.003421252223206812,0.3379941759340473,0.34484216096159304,0.694765100671141,0.0033530190595427592,0.6912751677852349,0.697986577181208,0.5034899328859062,0.0033530190595427592,0.5,0.5067114093959731,0.5070997514277793,0.002842262048559893,0.5041414312937492,0.5098305084745762,12.0,0.0,12,12,3.8709677419354853,1.3322676295501878e-15,3.870967741935484,3.870967741935484
vertebral,zscore,standard,chebyshev,860.44050656824,1.1368683772161603e-13,860.4405065682399,860.4405065682399,0.28677688695671816,0.0,0.28677688695671816,0.28677688695671816,0.2382421891031098,8.326672684688674e-17,0.2382421891031097,0.2382421891031097,0.30395489172437795,1.1102230246251565e-16,0.30395489172437806,0.30395489172437806,0.6845637583892615,2.220446049250313e-16,0.6845637583892618,0.6845637583892618,0.5100671140939596,2.220446049250313e-16,0.5100671140939598,0.5100671140939598,0.5003457375499202,0.0,0.5003457375499202,0.5003457375499202,12.0,0.0,12,12,3.8709677419354853,1.3322676295501878e-15,3.870967741935484,3.870967741935484
vertebral,zscore,standard,correlation,1113.8995566999615,7.301012481935458,1105.3598844653138,1120.3396853144402,0.48274428826061855,2.09722095342449e-05,0.48264512336636156,0.4827531523238836,0.2284270568231417,0.0022960114334406117,0.22639591007317528,0.23170233449414207,0.22272793415171216,0.0021493789910354303,0.22082312680959282,0.22517358177333419,0.6591946308724832,0.0016657280061732392,0.6577181208053692,0.6610738255033557,0.5974496644295302,0.0006575811390021836,0.5973154362416108,0.6006711409395973,0.48300633852856634,0.0011290493855249904,0.4820056077849249,0.4843411379764586,12.0,0.0,12,12,3.8709677419354853,1.3322676295501878e-15,3.870967741935484,3.870967741935484
vertebral,zscore,standard,hamming,3209.9381638569203,86.05439101359993,2942.0816807669444,3463.3466124924894,0.002544035339206453,0.0008912305069215178,0.0007604959645084987,0.0043041982475395205,-0.0026292862362533084,0.0060983268734166205,-0.011358111130559932,0.01702581711323991,0.021095622984573858,0.0072137764029527405,0.008375635046199073,0.04238608342824251,0.46832214765100666,0.005417566730365249,0.46308724832214765,0.4865771812080537,0.45969798657718125,0.009766138462808787,0.4429530201342282,0.4865771812080537,0.22557441452925442,0.014303389361669217,0.2110091743119266,0.2807028265851795,12.0,0.0,12,12,3.8709677419354853,1.3322676295501878e-15,3.870967741935484,3.870967741935484
vertebral,zscore,robust,euclidean,467.0643696122308,2.2737367544323206e-13,467.064369612231,467.064369612231,0.3052528684404847,1.1102230246251565e-16,0.3052528684404848,0.3052528684404848,0.28593726189156937,5.551115123125783e-17,0.2859372618915693,0.2859372618915693,0.36460514335580013,1.6653345369377348e-16,0.36460514335579997,0.36460514335579997,0.7080536912751679,1.1102230246251565e-16,0.7080536912751678,0.7080536912751678,0.5134228187919464,1.1102230246251565e-16,0.5134228187919463,0.5134228187919463,0.5177184967946912,1.1102230246251565e-16,0.5177184967946911,0.5177184967946911,12.0,0.0,12,12,3.8709677419354853,1.3322676295501878e-15,3.870967741935484,3.870967741935484
vertebral,zscore,robust,manhattan,488.39516113659425,0.07799635523981734,488.3598623543494,488.5675022499077,0.3196314891759377,0.00011241607992000051,0.31958061307135915,0.3198798842747621,0.24715626962594597,0.0027232891910963105,0.24113887702311454,0.2483887476289356,0.32011055543859995,0.002525038036407609,0.31453121951943874,0.3212533109883077,0.677281879194631,0.0012605127497310896,0.674496644295302,0.6778523489932886,0.48936241610738274,0.0012605127497310686,0.4865771812080537,0.4899328859060403,0.49391062721781,0.0008116882167602795,0.4921171171171171,0.49427797266012047,12.0,0.0,12,12,3.8709677419354853,1.3322676295501878e-15,3.870967741935484,3.870967741935484
vertebral,zscore,robust,cosine,503.45789619928075,0.407300081038319,503.22274138785235,504.16336063356607,0.4756923975146894,3.238395469477111e-05,0.47567370062972913,0.47574848816957094,0.2654951570596445,0.0005372868351509964,0.26518495436073797,0.26642576515636385,0.27301384575158694,0.0001524425223386678,0.27292583302027884,0.27327788394551156,0.6879194630872486,3.3306690738754696e-16,0.6879194630872483,0.6879194630872483,0.5310402684563758,0.0014530627580275554,0.5302013422818792,0.5335570469798657,0.4993131868131871,2.7755575615628914e-16,0.4993131868131868,0.4993131868131868,12.0,0.0,12,12,3.8709677419354853,1.3322676295501878e-15,3.870967741935484,3.870967741935484
vertebral,zscore,robust,minkowski,469.22256667910386,5.684341886080802e-14,469.2225666791039,469.2225666791039,0.30143767732541465,0.0,0.30143767732541465,0.30143767732541465,0.2961071142126866,5.551115123125783e-17,0.29610711421268654,0.29610711421268654,0.3608561802747729,0.0,0.3608561802747729,0.3608561802747729,0.714765100671141,0.0,0.714765100671141,0.714765100671141,0.5369127516778525,1.1102230246251565e-16,0.5369127516778524,0.5369127516778524,0.5233483483483482,1.1102230246251565e-16,0.5233483483483483,0.5233483483483483,12.0,0.0,12,12,3.8709677419354853,1.3322676295501878e-15,3.870967741935484,3.870967741935484
vertebral,zscore,robust,chebyshev,497.28537918644076,0.5950992027577312,497.12112875378324,500.0419723452332,0.2811878722994198,0.0025450305355634727,0.2801151382145457,0.29226622939102764,0.26326375389817835,0.006234976433451295,0.2610222252159994,0.2904317687500196,0.32401931075097423,0.008173507834422049,0.31405533432111815,0.3588995847855931,0.7052013422818795,0.0021940766494332334,0.7046979865771812,0.714765100671141,0.5285906040268457,0.006584026023318512,0.5268456375838926,0.5570469798657718,0.518063811471402,0.001900557159630481,0.5176102660617893,0.5263481333538178,12.0,0.0,12,12,3.8709677419354853,1.3322676295501878e-15,3.870967741935484,3.870967741935484
vertebral,zscore,robust,correlation,629.8191200508975,2.2737367544323206e-13,629.8191200508977,629.8191200508977,0.5134960536742738,0.0,0.5134960536742738,0.5134960536742738,0.26022182724870874,5.551115123125783e-17,0.2602218272487087,0.2602218272487087,0.22905293569596644,4.36213111340614e-17,0.22905293569596638,0.22905293569596644,0.6644295302013425,2.220446049250313e-16,0.6644295302013423,0.6644295302013423,0.6409395973154364,1.1102230246251565e-16,0.6409395973154363,0.6409395973154363,0.4875458461121045,1.6653345369377348e-16,0.48754584611210433,0.48754584611210433,12.0,0.0,12,12,3.8709677419354853,1.3322676295501878e-15,3.870967741935484,3.870967741935484
vertebral,zscore,robust,hamming,1721.0156856779545,75.1361555908114,1548.3246481886863,1860.7968240232012,0.0023856269785830966,0.000910512419023211,0.0007604959645084987,0.0043041982475395205,-0.0025617149802967453,0.0063278299120541155,-0.011358111130559932,0.01702581711323991,0.020471472746836836,0.007184441187905661,0.0075920869885117296,0.04238608342824251,0.46775167785234906,0.004997522020077127,0.46308724832214765,0.4865771812080537,0.459261744966443,0.009239102758054155,0.4429530201342282,0.4865771812080537,0.22452666404453248,0.013639334075080433,0.2110091743119266,0.2807028265851795,12.0,0.0,12,12,3.8709677419354853,1.3322676295501878e-15,3.870967741935484,3.870967741935484
vertebral,zscore_2.5,none,euclidean,164064.9561233499,10.313395534263611,164055.43729029957,164076.1304056263,0.37825040793414216,0.000972102026167687,0.3771971619487828,0.37914761747722614,0.31733249468399427,0.00036799095255183993,0.31693378654123716,0.31767213495375046,0.4216059302469625,0.00010088795066878984,0.4215128148849063,0.4217152395850286,0.71875,0.0,0.71875,0.71875,0.5504861111111112,0.001730546638107926,0.5486111111111112,0.5520833333333334,0.5334331038611194,0.0,0.5334331038611194,0.5334331038611194,22.0,0.0,22,22,7.096774193548387,0.0,7.096774193548387,7.096774193548387
vertebral,zscore_2.5,none,manhattan,171001.46384999997,2.9103830456733704e-11,171001.46385,171001.46385,0.3762874424279273,1.1102230246251565e-16,0.37628744242792717,0.37628744242792717,0.2804956060858017,5.551115123125783e-17,0.28049560608580176,0.28049560608580176,0.37514068856691024,1.6653345369377348e-16,0.3751406885669104,0.3751406885669104,0.7013888888888888,0.0,0.7013888888888888,0.7013888888888888,0.53125,0.0,0.53125,0.53125,0.5197648772990828,1.1102230246251565e-16,0.5197648772990829,0.5197648772990829,22.0,0.0,22,22,7.096774193548387,0.0,7.096774193548387,7.096774193548387
vertebral,zscore_2.5,none,cosine,173467.04063473904,0.0,173467.04063473904,173467.04063473904,0.5614276448021753,1.1102230246251565e-16,0.5614276448021754,0.5614276448021754,0.3436609103870203,1.1102230246251565e-16,0.3436609103870202,0.3436609103870202,0.4448257086947017,4.5775667985222376e-17,0.44482570869470167,0.4448257086947017,0.7291666666666669,2.220446049250313e-16,0.7291666666666666,0.7291666666666666,0.5277777777777778,0.0,0.5277777777777778,0.5277777777777778,0.5394961507354042,0.0,0.5394961507354042,0.5394961507354042,22.0,0.0,22,22,7.096774193548387,0.0,7.096774193548387,7.096774193548387
vertebral,zscore_2.5,none,minkowski,164744.701329889,75.5263597332212,164590.26845936006,164809.44432251976,0.3776267157202672,0.001056361507565442,0.37629725491501415,0.3786316770880528,0.3604141571810795,0.003956697262117902,0.35622756570908204,0.36485897701018827,0.4614053280210603,0.004914973264426347,0.45618612579130674,0.46605604896773056,0.7344791666666667,0.001732983293537241,0.7326388888888888,0.7361111111111112,0.5681250000000001,0.0016853695971543825,0.5659722222222222,0.5694444444444444,0.5438103185059706,0.0011398355141809269,0.5425999121651296,0.5448836977138863,22.0,0.0,22,22,7.096774193548387,0.0,7.096774193548387,7.096774193548387
vertebral,zscore_2.5,none,chebyshev,169384.26644570543,207.48717338370025,169125.4139271383,169668.9101265738,0.36480113319191754,0.0006221186195619069,0.3639353482482169,0.36533916592236537,0.4032661046509909,0.004672861225910815,0.39921500068839,0.40947937864994083,0.5109608385786865,0.005854446999405747,0.5058759440703036,0.5177331223105697,0.7549652777777779,0.0017190130270120165,0.7534722222222222,0.7569444444444444,0.5801736111111111,0.0009936866681426481,0.5798611111111112,0.5833333333333334,0.5590640320545981,0.0011320240650968972,0.5580808080808081,0.560367375461715,22.0,0.0,22,22,7.096774193548387,0.0,7.096774193548387,7.096774193548387
vertebral,zscore_2.5,none,correlation,195162.46392829774,182.52036694401875,194440.26019373554,195209.05746113101,0.5352810512147559,0.00245251429102229,0.5256200825729065,0.5359233144399694,0.27310934797845904,0.005135971975025103,0.2413895645701709,0.2744577111695988,0.4074114138281335,0.005210230486149747,0.3799081171755981,0.4088166773388726,0.7003819444444445,0.0036843206632973607,0.6840277777777778,0.7013888888888888,0.5334722222222222,0.004567523236779251,0.5138888888888888,0.5347222222222222,0.5222301410876308,0.0029565995609959076,0.5103920099875155,0.5230406694025901,22.0,0.0,22,22,7.096774193548387,0.0,7.096774193548387,7.096774193548387
vertebral,zscore_2.5,none,hamming,818698.6035609997,13554.673342316439,759212.2236,858374.2389,0.0021048357617452205,0.0009520934526972429,-0.0008703181264840521,0.004001685764317201,0.00021070599887872393,0.005355416209944974,-0.008328985161522296,0.01949217577465938,0.018594094726090537,0.007440401216582749,0.006477134763228251,0.03849191051224327,0.45604166666666673,0.00501300392313165,0.4479166666666667,0.46875,0.45225694444444436,0.006428301590824174,0.4375,0.46875,0.22974358807694806,0.01245974624624734,0.2062350119904077,0.26629318394024276,22.0,0.0,22,22,7.096774193548387,0.0,7.096774193548387,7.096774193548387
vertebral,zscore_2.5,minmax,euclidean,32.6026677694963,7.105427357601002e-15,32.60266776949631,32.60266776949631,0.32465464233890773,5.551115123125783e-17,0.3246546423389078,0.3246546423389078,0.21469293495082922,5.551115123125783e-17,0.21469293495082928,0.21469293495082928,0.29928236899882377,3.3766115072321296e-17,0.29928236899882377,0.2992823689988238,0.65625,0.0,0.65625,0.65625,0.4930555555555555,5.551115123125783e-17,0.4930555555555556,0.4930555555555556,0.48142228119910724,1.1102230246251565e-16,0.48142228119910735,0.48142228119910735,22.0,0.0,22,22,7.096774193548387,0.0,7.096774193548387,7.096774193548387
vertebral,zscore_2.5,minmax,manhattan,33.3160841843961,7.105427357601002e-15,33.31608418439609,33.31608418439609,0.3371088067649704,5.551115123125783e-17,0.33710880676497035,0.33710880676497035,0.23489119571501646,8.326672684688674e-17,0.23489119571501654,0.23489119571501654,0.3072108528970898,1.1102230246251565e-16,0.30721085289708994,0.30721085289708994,0.6631944444444445,1.1102230246251565e-16,0.6631944444444444,0.6631944444444444,0.48611111111111116,5.551115123125783e-17,0.4861111111111111,0.4861111111111111,0.4861672396807205,1.1102230246251565e-16,0.4861672396807206,0.4861672396807206,22.0,0.0,22,22,7.096774193548387,0.0,7.096774193548387,7.096774193548387
vertebral,zscore_2.5,minmax,cosine,40.278561847257976,0.16457048708394179,40.12674162113593,40.77685628463327,0.36490059579637296,0.003027330948004789,0.3628509540965,0.3763091890022524,0.28637434361486597,0.038902893761725274,0.27462627351136515,0.42932150405211317,0.29468619304982085,0.029931592143538993,0.2839276176558303,0.4044866703089551,0.6954166666666666,0.003440129465694693,0.6944444444444444,0.7083333333333334,0.5473958333333333,0.027999871685938368,0.5347222222222222,0.6493055555555556,0.5104606229400273,0.005578789583104751,0.5088966529950883,0.5310797387194847,22.0,0.0,22,22,7.096774193548387,0.0,7.096774193548387,7.096774193548387
vertebral,zscore_2.5,minmax,minkowski,32.895473660313854,0.03162345436046726,32.88285238412644,32.996054558547655,0.3144065112281655,0.0011514381164545319,0.31084318156968177,0.31484422974913395,0.2562820866763253,0.0031627487405017957,0.24190702256681096,0.2573260946292676,0.3344019835663683,0.0033532571673833412,0.32045746827370875,0.33771352199277743,0.6837152777777774,0.0011083951180216882,0.6770833333333334,0.6840277777777778,0.5161111111111112,0.0030869598292907027,0.5069444444444444,0.5173611111111112,0.5019642082082294,0.0006170304396261472,0.4975487241310026,0.502127659574468,22.0,0.0,22,22,7.096774193548387,0.0,7.096774193548387,7.096774193548387
vertebral,zscore_2.5,minmax,chebyshev,33.65927076591499,7.105427357601002e-15,33.65927076591498,33.65927076591498,0.30551610050800443,0.0,0.30551610050800443,0.30551610050800443,0.24089180330764268,2.7755575615628914e-17,0.24089180330764265,0.24089180330764265,0.3143671901387038,8.063460480619539e-17,0.31436719013870384,0.3143671901387039,0.6805555555555556,0.0,0.6805555555555556,0.6805555555555556,0.5208333333333334,0.0,0.5208333333333334,0.5208333333333334,0.5009381616046076,1.1102230246251565e-16,0.5009381616046075,0.5009381616046075,22.0,0.0,22,22,7.096774193548387,0.0,7.096774193548387,7.096774193548387
vertebral,zscore_2.5,minmax,correlation,43.61739836527402,0.28087369247646976,43.27420418090965,43.975416904653386,0.4984730922354002,0.0068357036468022,0.4894778822012957,0.5047746328618865,0.24550472425210632,0.02715532746660512,0.21203086881569097,0.2773587533002214,0.28994383366935456,0.027560324855183622,0.2558362695584387,0.31493091569159215,0.6784722222222225,0.009722222222222243,0.6666666666666666,0.6875,0.5690277777777778,0.0315849335077875,0.53125,0.6145833333333334,0.5023924399830474,0.0076021587133333615,0.4928348722868449,0.5094422485726834,22.0,0.0,22,22,7.096774193548387,0.0,7.096774193548387,7.096774193548387
vertebral,zscore_2.5,minmax,hamming,128.01146364349964,2.6614884026594647,118.48935611377726,135.8884832019972,0.00224478250708864,0.0008315654487781731,0.0006146519818925217,0.004001685764317201,-0.0001161201467336538,0.004929302650799426,-0.00869485551116139,0.01535753084256005,0.018841282882262923,0.0063577760190787974,0.008111981216943284,0.03675061513287539,0.45555555555555566,0.005103103630798285,0.4479166666666667,0.46875,0.45093749999999994,0.007570001890788617,0.4305555555555556,0.46875,0.2284827758726539,0.013620552838565166,0.2062350119904077,0.26629318394024276,22.0,0.0,22,22,7.096774193548387,0.0,7.096774193548387,7.096774193548387
vertebral,zscore_2.5,standard,euclidean,781.4187905238837,1.1368683772161603e-13,781.4187905238838,781.4187905238838,0.31487080398724643,1.1102230246251565e-16,0.3148708039872463,0.3148708039872463,0.267108409710787,0.0,0.267108409710787,0.267108409710787,0.35077038602442334,1.6653345369377348e-16,0.3507703860244235,0.3507703860244235,0.6875,0.0,0.6875,0.6875,0.5104166666666666,0.0,0.5104166666666666,0.5104166666666666,0.5052257462124634,1.1102230246251565e-16,0.5052257462124635,0.5052257462124635,22.0,0.0,22,22,7.096774193548387,0.0,7.096774193548387,7.096774193548387
vertebral,zscore_2.5,standard,manhattan,801.4571036548048,2.2737367544323206e-13,801.457103654805,801.457103654805,0.3324503132384763,5.551115123125783e-17,0.33245031323847635,0.33245031323847635,0.23831753462270475,2.7755575615628914e-17,0.23831753462270472,0.23831753462270472,0.30914627938831535,4.041272810440265e-17,0.30914627938831535,0.3091462793883154,0.6666666666666669,2.220446049250313e-16,0.6666666666666666,0.6666666666666666,0.4930555555555555,5.551115123125783e-17,0.4930555555555556,0.4930555555555556,0.48910990556560174,5.551115123125783e-17,0.4891099055656018,0.4891099055656018,22.0,0.0,22,22,7.096774193548387,0.0,7.096774193548387,7.096774193548387
vertebral,zscore_2.5,standard,cosine,828.793816769179,1.1368683772161603e-13,828.7938167691791,828.7938167691791,0.49756660625405913,1.6653345369377348e-16,0.49756660625405896,0.49756660625405896,0.276322367856275,0.0,0.276322367856275,0.276322367856275,0.30686912406094147,5.2369115333442704e-17,0.30686912406094147,0.3068691240609415,0.6909722222222224,2.220446049250313e-16,0.6909722222222222,0.6909722222222222,0.5208333333333334,0.0,0.5208333333333334,0.5208333333333334,0.508132406208924,1.1102230246251565e-16,0.5081324062089241,0.5081324062089241,22.0,0.0,22,22,7.096774193548387,0.0,7.096774193548387,7.096774193548387
vertebral,zscore_2.5,standard,minkowski,784.1762584303334,0.2461136243957352,784.0112933747665,784.5434387153041,0.30634335267132357,0.0005128536394469156,0.30599959710177055,0.3071084860358126,0.2572741587564416,0.004164346850444628,0.2544828800888383,0.263487004823043,0.3345873805829085,0.0032164971868277534,0.3324314266471694,0.33938611676245684,0.6861805555555552,0.003211758633290871,0.6840277777777778,0.6909722222222222,0.5125694444444444,0.0032117586332909226,0.5104166666666666,0.5173611111111112,0.5038575436195494,0.002683672063676929,0.5020587317407106,0.5078613507047067,22.0,0.0,22,22,7.096774193548387,0.0,7.096774193548387,7.096774193548387
vertebral,zscore_2.5,standard,chebyshev,814.8076054586754,1.1368683772161603e-13,814.8076054586755,814.8076054586755,0.29140153131953384,1.1102230246251565e-16,0.29140153131953395,0.29140153131953395,0.24253183857851593,2.7755575615628914e-17,0.2425318385785159,0.2425318385785159,0.30528876063173743,0.0,0.30528876063173743,0.30528876063173743,0.6805555555555556,0.0,0.6805555555555556,0.6805555555555556,0.5208333333333334,0.0,0.5208333333333334,0.5208333333333334,0.5002915334660313,0.0,0.5002915334660313,0.5002915334660313,22.0,0.0,22,22,7.096774193548387,0.0,7.096774193548387,7.096774193548387
vertebral,zscore_2.5,standard,correlation,1075.687281476125,0.9855472603440881,1075.2630861775126,1078.1672971219489,0.4894151710135666,0.0005519477178441212,0.48796308816287787,0.4896622385654889,0.3042878283155981,0.002459130070447182,0.2974773540407166,0.30605259617524105,0.2631179270124486,0.004051626770113912,0.252992892675666,0.26490598983141017,0.6662847222222225,0.0010864227671640249,0.6631944444444444,0.6666666666666666,0.6662847222222225,0.0010864227671640249,0.6631944444444444,0.6666666666666666,0.6303495277079284,0.0016806554408401954,0.6258373050888921,0.6310654014253653,22.0,0.0,22,22,7.096774193548387,0.0,7.096774193548387,7.096774193548387
vertebral,zscore_2.5,standard,hamming,2932.039576048736,73.53647958150067,2765.702661672945,3105.3295630393877,0.002200352538691061,0.0008131629210411114,0.0006146519818925217,0.004001685764317201,-5.183743995125999e-06,0.005325495183198413,-0.00869485551116139,0.01949217577465938,0.01871598405260067,0.0067076255998663285,0.008111981216943284,0.03868367258603072,0.45493055555555545,0.00524248065280757,0.4479166666666667,0.46875,0.45013888888888887,0.007986413037770873,0.4305555555555556,0.46875,0.22675966634350836,0.0143906248457198,0.2062350119904077,0.26629318394024276,22.0,0.0,22,22,7.096774193548387,0.0,7.096774193548387,7.096774193548387
vertebral,zscore_2.5,robust,euclidean,437.4806045481413,1.1368683772161603e-13,437.4806045481414,437.4806045481414,0.3093667109448375,5.551115123125783e-17,0.30936671094483753,0.30936671094483753,0.2785566188204788,0.0,0.2785566188204788,0.2785566188204788,0.35606623825949363,1.1102230246251565e-16,0.3560662382594935,0.3560662382594935,0.697916666666667,3.3306690738754696e-16,0.6979166666666666,0.6979166666666666,0.5208333333333334,0.0,0.5208333333333334,0.5208333333333334,0.5131303998392607,1.1102230246251565e-16,0.5131303998392606,0.5131303998392606,22.0,0.0,22,22,7.096774193548387,0.0,7.096774193548387,7.096774193548387
vertebral,zscore_2.5,robust,manhattan,456.1722335782158,0.1885377651866223,456.15328481985404,458.0481606560242,0.326770718136546,0.00028287079254880247,0.32395618928744147,0.32679914772088037,0.24293282474506192,0.0006757477093219508,0.24286490954491763,0.24965642955935113,0.33150404956422075,0.0012311043514006048,0.31925471593011184,0.3316277802069896,0.6701736111111112,0.00034548174899536396,0.6701388888888888,0.6736111111111112,0.4965625,0.00034548174899535296,0.4965277777777778,0.5,0.492066016198231,0.00022490547987527893,0.49204341234701765,0.4943037974683544,22.0,0.0,22,22,7.096774193548387,0.0,7.096774193548387,7.096774193548387
vertebral,zscore_2.5,robust,cosine,473.51452690068703,0.3717285386419262,473.3134997094761,474.2114295904572,0.46805399781192025,0.00028940246566742104,0.46626150828114654,0.4681937792424819,0.25919720546037495,0.000616452775915293,0.253181475897874,0.2593225894991172,0.26891588662351107,0.00048436796033959835,0.26436745535929335,0.26926290783288537,0.6805208333333335,0.0003454817489953529,0.6770833333333334,0.6805555555555556,0.5207291666666667,0.0010364452469860698,0.5104166666666666,0.5208333333333334,0.4970957141446393,0.00029523113940321333,0.4941582013971508,0.4971253859905737,22.0,0.0,22,22,7.096774193548387,0.0,7.096774193548387,7.096774193548387
vertebral,zscore_2.5,robust,minkowski,439.0329908798521,5.684341886080802e-14,439.03299087985204,439.03299087985204,0.3048959567385127,5.551115123125783e-17,0.3048959567385128,0.3048959567385128,0.29003068408323973,0.0,0.29003068408323973,0.29003068408323973,0.35299764892445296,7.406111315403548e-17,0.352997648924453,0.35299764892445307,0.7048611111111112,0.0,0.7048611111111112,0.7048611111111112,0.5416666666666666,0.0,0.5416666666666666,0.5416666666666666,0.5188986885805162,1.1102230246251565e-16,0.5188986885805164,0.5188986885805164,22.0,0.0,22,22,7.096774193548387,0.0,7.096774193548387,7.096774193548387
vertebral,zscore_2.5,robust,chebyshev,479.36174232524013,5.684341886080802e-14,479.3617423252401,479.3617423252401,0.26955934062548365,5.551115123125783e-17,0.2695593406254837,0.2695593406254837,0.21800336049759153,2.7755575615628914e-17,0.21800336049759156,0.21800336049759156,0.271995076015731,8.881784197001253e-17,0.27199507601573086,0.2719950760157309,0.6805555555555556,0.0,0.6805555555555556,0.6805555555555556,0.5243055555555555,1.1102230246251565e-16,0.5243055555555556,0.5243055555555556,0.5033027082207412,2.220446049250313e-16,0.503302708220741,0.503302708220741,22.0,0.0,22,22,7.096774193548387,0.0,7.096774193548387,7.096774193548387
vertebral,zscore_2.5,robust,correlation,589.8308971902319,0.14390385563510558,589.0126252289897,589.8562045704764,0.5220978144792915,0.0002294461209125165,0.5207931286073956,0.5221381655887316,0.31937391529081993,0.0005017528207583456,0.3192856754770381,0.32222700260309994,0.24358581802677556,0.0009773698761702694,0.24341393471630624,0.24914337839861658,0.6841319444444443,0.0005923167399038862,0.6840277777777778,0.6875,0.6841319444444443,0.0005923167399038862,0.6840277777777778,0.6875,0.6498869739197595,0.0009598752771413164,0.6497181672639628,0.655345055790518,22.0,0.0,22,22,7.096774193548387,0.0,7.096774193548387,7.096774193548387
vertebral,zscore_2.5,robust,hamming,1573.861528812926,67.81994806417654,1454.2357440475214,1672.4226492540354,0.0021412439241488834,0.0008168839006449032,0.0006146519818925217,0.004001685764317201,-3.6424438706466556e-05,0.005449008679360565,-0.00869485551116139,0.01949217577465938,0.018703178272629694,0.006774269034258958,0.008111981216943284,0.03868367258603072,0.45454861111111106,0.0051989498806115685,0.4479166666666667,0.46875,0.4496180555555555,0.008031198209229179,0.4305555555555556,0.46875,0.22588622295100927,0.014751139054623138,0.2062350119904077,0.26629318394024276,22.0,0.0,22,22,7.096774193548387,0.0,7.096774193548387,7.096774193548387
vertebral,zscore_3.5,none,euclidean,212586.39808900325,2.9103830456733704e-11,212586.39808900328,212586.39808900328,0.3664571980409047,0.0,0.3664571980409047,0.3664571980409047,0.3075782085211199,5.551115123125783e-17,0.30757820852111983,0.30757820852111983,0.4199075545605658,5.551115123125783e-17,0.4199075545605657,0.4199075545605657,0.7263843648208469,0.0,0.7263843648208469,0.7263843648208469,0.5342019543973944,2.220446049250313e-16,0.5342019543973942,0.5342019543973942,0.532060003488575,1.1102230246251565e-16,0.5320600034885749,0.5320600034885749,3.0,0.0,3,3,0.9677419354838713,3.3306690738754696e-16,0.967741935483871,0.967741935483871
vertebral,zscore_3.5,none,manhattan,218393.15039999998,49.51883555819602,218177.3028,218404.5108,0.3652073803298815,6.20655807703942e-06,0.36518032657043636,0.36520880421195745,0.2741052360109905,0.0008645282305074951,0.2703368448203703,0.2743035723894442,0.37709211228529754,0.0009097793695389503,0.3731264759525591,0.37730082998702064,0.7099348534201957,0.0007099183947134651,0.7068403908794788,0.7100977198697068,0.5112377850162866,0.0007099183947134651,0.50814332247557,0.511400651465798,0.5192468456091723,0.0005943394314121271,0.5166561800894854,0.519383196425998,3.0,0.0,3,3,0.9677419354838713,3.3306690738754696e-16,0.967741935483871,0.967741935483871
vertebral,zscore_3.5,none,cosine,226827.51207479998,103.14744319827783,226257.89408223593,226895.65809765714,0.5435323492480284,0.0007786832045255285,0.5385034923067261,0.5436924163198538,0.33533523189754477,0.0020383055089117927,0.32892495876269956,0.33683355714104113,0.4395107373287858,0.0031592308038349655,0.4231933129767683,0.4414661202433357,0.7348859934853422,0.0017778572050808072,0.7296416938110749,0.7361563517915309,0.5298697068403908,0.0015316375173301307,0.5276872964169381,0.5309446254071661,0.5365308705305444,0.0016194115350967198,0.5306725794530672,0.5376377952755905,3.0,0.0,3,3,0.9677419354838713,3.3306690738754696e-16,0.967741935483871,0.967741935483871
vertebral,zscore_3.5,none,minkowski,213621.50282737013,60.502678077013016,213584.93169106776,213727.97635183568,0.3617494643633018,3.6126617199139676e-05,0.361708815607841,0.3618205987740429,0.32841778044880693,0.006952187584768574,0.32436468460042783,0.34162967101947567,0.4382014670377696,0.006321384447629279,0.4345203449928571,0.45022958349517594,0.7344299674267103,0.0026243238605289138,0.7328990228013029,0.739413680781759,0.5422475570032573,0.0026243238605289146,0.5407166123778502,0.5472312703583062,0.5372710786146271,0.0016980508123602294,0.5362804665130246,0.5404956655480985,3.0,0.0,3,3,0.9677419354838713,3.3306690738754696e-16,0.967741935483871,0.967741935483871
vertebral,zscore_3.5,none,chebyshev,221758.63102780745,115.38008564717383,221433.85967283626,221964.01303179457,0.35431003820401946,0.0026086299092266422,0.35324141338602033,0.36173003500603207,0.3659076072400547,0.0020853465689789404,0.36514583524007826,0.3744162383524163,0.4845946514884406,0.0008661549463382818,0.48444885753637457,0.4930449924531531,0.7524755700325733,0.0003241001423800067,0.752442996742671,0.755700325732899,0.5685993485342022,0.005094779099939326,0.5667752442996743,0.5830618892508144,0.5515621989361794,0.00021026228186506402,0.55154106678174,0.5536542822257108,3.0,0.0,3,3,0.9677419354838713,3.3306690738754696e-16,0.967741935483871,0.967741935483871
vertebral,zscore_3.5,none,correlation,248236.01624298765,1184.1681205552707,246270.13263744718,249953.0275754202,0.5205652483535621,0.0011370614493168383,0.5187797898148693,0.521528789490803,0.25180247612018963,0.005215601494981723,0.24365037644609788,0.2563315419297031,0.39512532878117457,0.0025686812449311545,0.39099708433399694,0.3968492769676172,0.7026384364820845,0.001478052287236278,0.7003257328990228,0.7035830618892508,0.5466123778501629,0.012071425681204714,0.5276872964169381,0.5570032573289903,0.5185501788830257,0.0012148625304541705,0.5166492874522072,0.5193265993265993,3.0,0.0,3,3,0.9677419354838713,3.3306690738754696e-16,0.967741935483871,0.967741935483871
vertebral,zscore_3.5,none,hamming,1073871.0786829998,17523.303113286252,1003569.241,1111465.4520999999,0.0021961957686564325,0.0008459428292736402,0.0005704212024382147,0.004286236118402103,0.0010282058653558143,0.006175521625859674,-0.012394192567380728,0.01545471803322199,0.019448166472928154,0.007190363838887481,0.008985265345412774,0.03840258747824716,0.4858957654723127,0.004561540071785203,0.4788273615635179,0.498371335504886,0.4811726384364821,0.007002575529269204,0.4592833876221498,0.495114006514658,0.23764863142883236,0.012156663937719192,0.21585903083700442,0.27438586784381175,3.0,0.0,3,3,0.9677419354838713,3.3306690738754696e-16,0.967741935483871,0.967741935483871
vertebral,zscore_3.5,minmax,euclidean,27.319661546436127,0.0006239470538959764,27.318880774812985,27.321561888584355,0.3123889693405954,0.001647240560432607,0.3110242806420691,0.31591205503622644,0.22711059171556947,0.0074951588512561325,0.2111526558911858,0.23245878593445807,0.3195310496690815,0.007058058713877474,0.3045450604349302,0.3245719472099475,0.6718241042345278,0.0034279422117018243,0.6644951140065146,0.6742671009771987,0.4722475570032573,0.0006482002847600133,0.46905537459283386,0.4755700325732899,0.48562602853366843,0.002183648103108059,0.4809566105020349,0.48718221465801514,3.0,0.0,3,3,0.9677419354838713,3.3306690738754696e-16,0.967741935483871,0.967741935483871
vertebral,zscore_3.5,minmax,manhattan,27.83033566700921,0.0,27.83033566700921,27.83033566700921,0.3250950330599201,0.0,0.3250950330599201,0.3250950330599201,0.23331112356604167,2.7755575615628914e-17,0.23331112356604164,0.23331112356604164,0.31398703478979284,5.551115123125783e-17,0.3139870347897928,0.3139870347897928,0.6677524429967427,1.1102230246251565e-16,0.6677524429967426,0.6677524429967426,0.47557003257328995,5.551115123125783e-17,0.4755700325732899,0.4755700325732899,0.4815799737616564,1.6653345369377348e-16,0.48157997376165657,0.48157997376165657,3.0,0.0,3,3,0.9677419354838713,3.3306690738754696e-16,0.967741935483871,0.967741935483871
vertebral,zscore_3.5,minmax,cosine,32.910717076505065,0.1493751416670751,32.86420367984453,33.6474161980908,0.4103549921948255,0.006718472349373786,0.4050311154907031,0.43376919493361454,0.2960515769072122,0.0051867013410606755,0.28913778896239384,0.3177534617266411,0.31745371910593007,0.0037076531755196483,0.3009081968463575,0.3186831270182295,0.7130293159609121,0.0009771986970684044,0.7100977198697068,0.7133550488599348,0.5646579804560262,0.012835488250087285,0.5602605863192183,0.6091205211726385,0.5171331124472269,0.0007884843788226807,0.5147184005633326,0.5175035612535613,3.0,0.0,3,3,0.9677419354838713,3.3306690738754696e-16,0.967741935483871,0.967741935483871
vertebral,zscore_3.5,minmax,minkowski,27.334207585143204,0.012751730973875405,27.326811392469867,27.35745676002081,0.30320571500101107,0.0002881931750897666,0.3022360809892608,0.303638224474369,0.21825195235329287,0.001681776928075728,0.21458369165478572,0.22122358072946935,0.3101544340161565,0.0005802967325338048,0.30771863177866116,0.31081601119568103,0.6683387622149837,0.0015539883311891296,0.6644951140065146,0.6710097719869706,0.47615635179153104,0.0015539883311891294,0.4723127035830619,0.4788273615635179,0.48336811876901925,0.0010599117955355734,0.48020189944876135,0.4850725100166649,3.0,0.0,3,3,0.9677419354838713,3.3306690738754696e-16,0.967741935483871,0.967741935483871
vertebral,zscore_3.5,minmax,chebyshev,28.403288090922853,0.04654530719988757,28.360336474079794,28.453903950567117,0.279247992189725,0.0007316998974969202,0.27845504975300556,0.2799233202553688,0.2421210264302192,0.0020018150309705903,0.23993671919727064,0.24396723543596005,0.33069926658161947,0.0017177453778774844,0.3288194081723541,0.33228201735739377,0.6792833876221497,0.0016234444031761718,0.6775244299674267,0.6807817589576547,0.4755374592833877,0.00032410014238000646,0.4723127035830619,0.4755700325732899,0.48922093347332735,0.001429653672680435,0.48767194278030185,0.49054044406368247,3.0,0.0,3,3,0.9677419354838713,3.3306690738754696e-16,0.967741935483871,0.967741935483871
vertebral,zscore_3.5,minmax,correlation,34.86631644299864,0.4411118492371732,34.62321501264159,37.34676613509456,0.5258887816402906,0.004291548055091297,0.49841708657916944,0.5277160188734479,0.2482035651744877,0.0056752693408013135,0.24445098405041396,0.290927886151938,0.25893814020307676,0.0034315686162536374,0.24382166842364,0.27217508471041985,0.6820521172638435,0.0022041794359240617,0.6807817589576547,0.6970684039087948,0.5958631921824106,0.006535065755239106,0.5928338762214984,0.6449511400651465,0.49915880646162947,0.0015334927830484358,0.4983146435831858,0.5106050016044873,3.0,0.0,3,3,0.9677419354838713,3.3306690738754696e-16,0.967741935483871,0.967741935483871
vertebral,zscore_3.5,minmax,hamming,115.11337404449459,2.323058175829195,106.64218187772947,122.07827356724185,0.0023178939348243287,0.0008535980625969081,0.0004785987770729873,0.004466665920813651,-0.0015543731522075026,0.006791726771376164,-0.012394192567380728,0.01545471803322199,0.019811746844628594,0.006192816804370227,0.008920362383315991,0.04305084645557532,0.48374592833876223,0.004548495759524864,0.4788273615635179,0.498371335504886,0.4760586319218242,0.008585703813092644,0.4592833876221498,0.495114006514658,0.23135532522781954,0.013119489555906017,0.21585903083700442,0.26465015103248485,3.0,0.0,3,3,0.9677419354838713,3.3306690738754696e-16,0.967741935483871,0.967741935483871
vertebral,zscore_3.5,standard,euclidean,848.078543460443,0.12454506535890941,847.9875081557598,848.3497327448948,0.305441430518628,0.001094378588436038,0.3029193126831681,0.3063940254965083,0.2134301170078555,0.008545384347651046,0.2084240684787839,0.23693155835175458,0.304667419300246,0.007939023280174973,0.2996107545309624,0.32665452951640433,0.6665146579804561,0.0040626610625847225,0.6644951140065146,0.6775244299674267,0.4693485342019544,0.0026500728639923857,0.46579804560260585,0.4788273615635179,0.4821998081859842,0.0025955918595023672,0.48090941259731074,0.48923355719006506,3.0,0.0,3,3,0.9677419354838713,3.3306690738754696e-16,0.967741935483871,0.967741935483871
vertebral,zscore_3.5,standard,manhattan,865.5901170609685,0.16715053795237877,865.5607214467686,866.5405752534141,0.32134439043983404,3.982394502293815e-05,0.3213373868768295,0.3215708389769806,0.22804933348477305,0.0006475681127748622,0.2279354501395914,0.2317315616456485,0.305358145819046,0.0005825147953239303,0.30525570295288174,0.30867046515836183,0.6711074918566777,0.0005556587006264491,0.6710097719869706,0.6742671009771987,0.4659934853420193,0.0011113174012528982,0.46579804560260585,0.4723127035830619,0.4852405075795059,0.000482252809869734,0.4851556970983723,0.48798271313616065,3.0,0.0,3,3,0.9677419354838713,3.3306690738754696e-16,0.967741935483871,0.967741935483871
vertebral,zscore_3.5,standard,cosine,892.7666773027975,0.6584754111021827,890.9141471286943,894.5671095570603,0.5019727464789913,0.003286244851821959,0.4944294794531329,0.5044762528598644,0.2755519670153978,0.021495118417896694,0.23107830531047605,0.28979285704745916,0.3217777323529782,0.013919179586745755,0.29298298124835237,0.3351952714798894,0.7027687296416937,0.007781880987231462,0.6872964169381107,0.7100977198697068,0.5381107491856677,0.019363992114269517,0.49185667752442996,0.5537459283387622,0.5117859965096049,0.005050719824326112,0.5017880670054583,0.517235926628716,3.0,0.0,3,3,0.9677419354838713,3.3306690738754696e-16,0.967741935483871,0.967741935483871
vertebral,zscore_3.5,standard,minkowski,852.848953312025,2.2737367544323206e-13,852.8489533120247,852.8489533120247,0.29572263922514125,5.551115123125783e-17,0.2957226392251413,0.2957226392251413,0.24712010258717856,0.0,0.24712010258717856,0.24712010258717856,0.3294544951830494,8.45520665245115e-17,0.3294544951830493,0.32945449518304937,0.690553745928339,2.220446049250313e-16,0.6905537459283387,0.6905537459283387,0.495114006514658,0.0,0.495114006514658,0.495114006514658,0.4998243624802685,5.551115123125783e-17,0.49982436248026857,0.49982436248026857,3.0,0.0,3,3,0.9677419354838713,3.3306690738754696e-16,0.967741935483871,0.967741935483871
vertebral,zscore_3.5,standard,chebyshev,898.6054579148586,7.702681275993843,886.9085893077356,906.090842863128,0.2903969979140556,0.0005335367657859082,0.2895033150159482,0.2922897109698459,0.2253160807754679,0.006455640979098931,0.21269175961695733,0.2328255035703258,0.3014315045993695,0.006136859131714492,0.2903420303983796,0.3090929016895168,0.6871009771986971,0.0032839304654406687,0.6807817589576547,0.6905537459283387,0.5126058631921824,0.003078305152138571,0.50814332247557,0.5211726384364821,0.49965980458605735,0.002251959691269511,0.4954062076844023,0.5024369569824115,3.0,0.0,3,3,0.9677419354838713,3.3306690738754696e-16,0.967741935483871,0.967741935483871
vertebral,zscore_3.5,standard,correlation,1180.7403550613492,2.051033257254873,1177.991770291146,1182.9422070032338,0.4871809628891266,0.0007746411355582524,0.48434854453928505,0.48770376017684536,0.2368471123458278,0.0036259884111715093,0.2314284856637152,0.24450406717081224,0.20995817975227568,0.002426341811333722,0.20799661695921964,0.21694196291943876,0.6532899022801304,0.001743203669089206,0.6514657980456026,0.6579804560260586,0.6229641693811075,0.0026210874494186982,0.6188925081433225,0.6286644951140065,0.47558787129521785,0.0014759507402422652,0.47404298066228967,0.47954911433172304,3.0,0.0,3,3,0.9677419354838713,3.3306690738754696e-16,0.967741935483871,0.967741935483871
vertebral,zscore_3.5,standard,hamming,3364.3290685157745,66.44120322725888,3159.117479585967,3555.15290501461,0.002324847568321734,0.0008096572732925746,0.0004785987770729873,0.004466665920813651,-0.0030354210894163584,0.006064406874072931,-0.014310133798587248,0.01545471803322199,0.018902317127057595,0.006135953535166223,0.008920362383315991,0.04305084645557532,0.48280130293159607,0.004211412731959347,0.4788273615635179,0.495114006514658,0.47452768729641703,0.00850506002364435,0.4560260586319218,0.495114006514658,0.2286301519682337,0.012770304628987716,0.21585903083700442,0.26465015103248485,3.0,0.0,3,3,0.9677419354838713,3.3306690738754696e-16,0.967741935483871,0.967741935483871
vertebral,zscore_3.5,robust,euclidean,515.3482270863401,0.0122922900252388,515.346471044908,515.4342731165168,0.3064488355650482,0.0008076762047362406,0.30079510213189453,0.30656421788001054,0.27171109623273265,9.561910648531623e-05,0.2710417624873355,0.2717247561050878,0.3500062194885827,0.00020982290049727858,0.3499762447885114,0.35147497979206344,0.7100325732899025,0.0004560260586319221,0.7068403908794788,0.7100977198697068,0.5176547231270356,0.001824104234527689,0.504885993485342,0.5179153094462541,0.5164257174998903,0.0004752293196568581,0.5130991122622922,0.5164936074026983,3.0,0.0,3,3,0.9677419354838713,3.3306690738754696e-16,0.967741935483871,0.967741935483871
vertebral,zscore_3.5,robust,manhattan,537.4308033655524,0.4509134843458215,535.4741136369339,537.8367036304932,0.31970465585981683,0.00395036816192064,0.3145597938577941,0.3247114889481335,0.2369891878591932,0.005258505047893379,0.22502741692150674,0.24749631648856454,0.3308785647104472,0.005348706849911669,0.3180019300833388,0.33960595654404396,0.6806514657980455,0.0028738429967573665,0.6742671009771987,0.6840390879478827,0.48644951140065146,0.009599122497004384,0.4723127035830619,0.498371335504886,0.49377761410082016,0.002915646039655367,0.4887195162293412,0.4978515153510215,3.0,0.0,3,3,0.9677419354838713,3.3306690738754696e-16,0.967741935483871,0.967741935483871
vertebral,zscore_3.5,robust,cosine,557.1469474524646,1.1368683772161603e-13,557.1469474524645,557.1469474524645,0.4813513401944769,1.1102230246251565e-16,0.4813513401944768,0.4813513401944768,0.2704422160849882,1.1102230246251565e-16,0.2704422160849883,0.2704422160849883,0.2786872649407076,4.965068306494546e-17,0.27868726494070756,0.2786872649407076,0.6970684039087952,4.440892098500626e-16,0.6970684039087948,0.6970684039087948,0.5407166123778503,1.1102230246251565e-16,0.5407166123778502,0.5407166123778502,0.5034688164819169,0.0,0.5034688164819169,0.5034688164819169,3.0,0.0,3,3,0.9677419354838713,3.3306690738754696e-16,0.967741935483871,0.967741935483871
vertebral,zscore_3.5,robust,minkowski,518.2339281381646,0.09259157315995341,518.1842552409819,518.8796451654332,0.3022890751844565,0.001006027378506922,0.2986522929140418,0.3038940647756787,0.2840563224202296,0.004806119962568593,0.27612576288806556,0.2916099137117998,0.3583920445662362,0.0041807180918950115,0.35167581319701063,0.36539792146901084,0.7191205211726384,0.0016516296200765118,0.7166123778501629,0.7231270358306189,0.5398697068403908,0.0020404507835004343,0.5276872964169381,0.5439739413680782,0.5243742867801169,0.0009749929647560093,0.5213851804760896,0.5274346249956006,3.0,0.0,3,3,0.9677419354838713,3.3306690738754696e-16,0.967741935483871,0.967741935483871
vertebral,zscore_3.5,robust,chebyshev,553.0176190432251,0.07576822451105995,552.6617900550752,553.0363728301742,0.27287008320438577,0.0005803363963888951,0.269829626168221,0.27424614816433845,0.2331105220252258,0.0010561988508684867,0.22712135816626294,0.2337422623418015,0.2890948350068594,0.0014102842092526848,0.28145148822928734,0.29175639432150474,0.7002280130293158,0.0005556587006264491,0.6970684039087948,0.7003257328990228,0.5276872964169381,0.0015957587900867615,0.5211726384364821,0.5342019543973942,0.5113986827303025,0.00037691486780294013,0.5092554540674064,0.5114649681528662,3.0,0.0,3,3,0.9677419354838713,3.3306690738754696e-16,0.967741935483871,0.967741935483871
vertebral,zscore_3.5,robust,correlation,692.2764881857497,0.03520157143801899,692.168886038364,692.3034830446377,0.5221623869983801,0.0009234611400649279,0.5214089499074409,0.5234911506692098,0.27514335929506467,0.004673555746740726,0.27138097672441497,0.285119663047037,0.21800737351282445,0.0022340048352390827,0.21620964326326803,0.2228039652281899,0.6644951140065147,1.1102230246251565e-16,0.6644951140065146,0.6644951140065146,0.6574267100977198,0.0033553650905647045,0.6547231270358306,0.6644951140065146,0.4892138012706379,0.025035495273359788,0.48481098109810983,0.6315716535157165,3.0,0.0,3,3,0.9677419354838713,3.3306690738754696e-16,0.967741935483871,0.967741935483871
vertebral,zscore_3.5,robust,hamming,1918.165835583646,65.3519576883922,1762.4394946125503,2023.4542626923399,0.0023428291811497465,0.000769918252334145,0.0004785987770729873,0.004466665920813651,-0.0024208333695097703,0.006346060767905829,-0.012394192567380728,0.01545471803322199,0.018807743450085162,0.006316371791095858,0.005554937622249545,0.04305084645557532,0.48280130293159607,0.004211412731959347,0.4788273615635179,0.495114006514658,0.4746905537459284,0.008289950275998088,0.4592833876221498,0.495114006514658,0.2286450897611109,0.013033129014729309,0.21585903083700442,0.26465015103248485,3.0,0.0,3,3,0.9677419354838713,3.3306690738754696e-16,0.967741935483871,0.967741935483871
vertebral,iqr,none,euclidean,148808.1520549965,0.3539278050459689,148808.10149388143,148810.62954963176,0.3826872295239938,0.00020135975512243777,0.38127771123813675,0.382715995203297,0.3128822377945212,0.00010213282958566273,0.3121673079874215,0.31289682819874765,0.4150290519592413,3.345735568351937e-05,0.41502427233700084,0.415263253449026,0.7132616487455194,2.220446049250313e-16,0.7132616487455197,0.7132616487455197,0.551899641577061,0.0005017921146953453,0.5483870967741935,0.5519713261648745,0.5317841367390052,0.0,0.5317841367390052,0.5317841367390052,31.0,0.0,31,31,10.0,0.0,10.0,10.0
vertebral,iqr,none,manhattan,154064.91700999998,224.47046999999725,154032.8498,155636.21029999998,0.3820203769047555,0.0002745361876242713,0.3800986235913857,0.3820595963601305,0.2754569330562704,1.9784014270459728e-05,0.2754541067685175,0.27559542115616364,0.367344185485298,0.0015359004427603095,0.356592882385976,0.3675635998342639,0.6953405017921146,1.1102230246251565e-16,0.6953405017921147,0.6953405017921147,0.5340501792114695,1.1102230246251565e-16,0.5340501792114696,0.5340501792114696,0.5175976148951716,0.0,0.5175976148951716,0.5175976148951716,31.0,0.0,31,31,10.0,0.0,10.0,10.0
vertebral,iqr,none,cosine,158494.21996210658,2.9103830456733704e-11,158494.21996210655,158494.21996210655,0.548159908440644,0.0,0.548159908440644,0.548159908440644,0.33543483073077135,5.551115123125783e-17,0.3354348307307714,0.3354348307307714,0.42786037129728277,5.551115123125783e-17,0.4278603712972828,0.4278603712972828,0.7168458781362004,3.3306690738754696e-16,0.7168458781362007,0.7168458781362007,0.5232974910394266,0.0,0.5232974910394266,0.5232974910394266,0.5305555555555558,2.220446049250313e-16,0.5305555555555556,0.5305555555555556,31.0,0.0,31,31,10.0,0.0,10.0,10.0
vertebral,iqr,none,minkowski,149791.65369763583,17.805106634657133,149789.11011097376,149916.28944407846,0.3841385320249979,0.00019691423868848143,0.3827601323541785,0.3841666626305248,0.33423207316065645,0.0025891185306711846,0.33386219908484616,0.3523559028753546,0.43216763230555544,0.0026187460923974316,0.43179352572092716,0.45049885495233744,0.7205734767025089,0.001003584229390675,0.7204301075268817,0.7275985663082437,0.566379928315412,0.0005017921146953452,0.5663082437275986,0.5698924731182796,0.5366629868578257,0.0006671923536439594,0.5365676736644479,0.5413333333333333,31.0,0.0,31,31,10.0,0.0,10.0,10.0
vertebral,iqr,none,chebyshev,154734.9728878095,0.0,154734.9728878095,154734.9728878095,0.37329902188505926,1.1102230246251565e-16,0.37329902188505915,0.37329902188505915,0.40967067608217983,1.1102230246251565e-16,0.40967067608217994,0.40967067608217994,0.5136084155093119,1.4936523181711915e-16,0.513608415509312,0.5136084155093121,0.7526881720430108,0.0,0.7526881720430108,0.7526881720430108,0.5913978494623658,2.220446049250313e-16,0.5913978494623656,0.5913978494623656,0.5597102886979524,1.1102230246251565e-16,0.5597102886979525,0.5597102886979525,31.0,0.0,31,31,10.0,0.0,10.0,10.0
vertebral,iqr,none,correlation,177285.3186907877,487.77037362536396,176689.06771404407,178699.38792647672,0.46370774778783563,0.013990014337560443,0.42528910122461944,0.522259287038404,0.24828604456556178,0.02065926264322787,0.23366880009158073,0.32952338792119434,0.32010164607369185,0.014506941099377259,0.3133572527885188,0.3782704003714074,0.6363440860215053,0.01187045693496953,0.6308243727598566,0.6845878136200717,0.5402508960573477,0.022296413324734327,0.5125448028673835,0.6272401433691757,0.4693463276106118,0.01167993160398423,0.46405901526848514,0.5098993002218809,31.0,0.0,31,31,10.0,0.0,10.0,10.0
vertebral,iqr,none,hamming,755279.338291,9511.096191650153,714044.201,792644.7532999999,0.0019697563258672585,0.0009057673329432829,-0.0009134768226873108,0.004226999333600667,-0.000491655963598358,0.0046905158904388625,-0.008113114192719711,0.022472054383455172,0.017308011323739363,0.005664403071017064,0.008962933079223039,0.04390702852418813,0.4448387096774193,0.0046703760535800574,0.43727598566308246,0.46236559139784944,0.4407526881720429,0.005833711839902144,0.4265232974910394,0.46236559139784944,0.22468743104504021,0.011690624604685956,0.2028262676641729,0.26944444444444443,31.0,0.0,31,31,10.0,0.0,10.0,10.0
vertebral,iqr,minmax,euclidean,30.550512533270712,0.0001853575699735446,30.550493904134004,30.552356817805684,0.32785462236195456,6.771445842103626e-05,0.3278478168028194,0.32852837271634877,0.2752968507359994,0.0004733068425280542,0.27524928160850337,0.2800061943581197,0.3524247034508148,0.00038551577088949906,0.35238595765800257,0.3562605369392301,0.6882078853046596,0.00035662632154358367,0.6881720430107527,0.6917562724014337,0.5376702508960572,0.0003566263215435947,0.5376344086021505,0.5412186379928315,0.5088499736353436,0.0002950298282809465,0.5088203220219385,0.5117854833624563,31.0,0.0,31,31,10.0,0.0,10.0,10.0
vertebral,iqr,minmax,manhattan,31.295169276623106,0.01717604361735731,31.26941151871224,31.312938135093475,0.33732864101139515,0.004971533332957639,0.33150161092019265,0.3423805624858887,0.24245948317889315,0.0008460213679591643,0.24009895384706129,0.2432814144948317,0.3139247244896396,0.0006285521453280276,0.3109033829601104,0.314503406602675,0.6630824372759857,0.0,0.6630824372759857,0.6630824372759857,0.4899283154121864,0.011296806467260159,0.4767025089605735,0.5017921146953405,0.48860912935186485,7.878226182270316e-05,0.4885202509738364,0.4886789623631729,31.0,0.0,31,31,10.0,0.0,10.0,10.0
vertebral,iqr,minmax,cosine,37.73245292198353,0.18717224175067929,37.040694485471725,38.128596587995105,0.4009953972026969,0.015677498582919662,0.38616438968433003,0.45666764565115436,0.43256243020901153,0.007507458430013771,0.4044158708418496,0.44746714480073835,0.4025004071194737,0.02166159254095371,0.33605691777960156,0.42394620608345196,0.7107885304659496,0.0037828480662116712,0.6989247311827957,0.7168458781362007,0.6760573476702512,0.015995303841846782,0.6379928315412187,0.7060931899641577,0.5403114213791886,0.026692627340970124,0.5267247267759563,0.6708610291869131,31.0,0.0,31,31,10.0,0.0,10.0,10.0
vertebral,iqr,minmax,minkowski,30.747491603451476,7.105427357601002e-15,30.74749160345147,30.74749160345147,0.31651122542954085,0.0,0.31651122542954085,0.31651122542954085,0.2661383350561396,0.0,0.2661383350561396,0.2661383350561396,0.33744294061494806,5.551115123125783e-17,0.3374429406149481,0.3374429406149481,0.6881720430107527,0.0,0.6881720430107527,0.6881720430107527,0.5340501792114695,1.1102230246251565e-16,0.5340501792114696,0.5340501792114696,0.5083902047370534,0.0,0.5083902047370534,0.5083902047370534,31.0,0.0,31,31,10.0,0.0,10.0,10.0
vertebral,iqr,minmax,chebyshev,32.28905867153321,0.03838288313668189,32.252787562791454,32.33556710207376,0.29523507214263184,0.0011682629252552337,0.29373718120722275,0.29914199769494176,0.24507169905065965,0.011550933902065337,0.23565278513254545,0.2659310033562547,0.31092115409715765,0.011984217572539075,0.3014203168641231,0.33292321912394784,0.6817562724014334,0.005513076119460763,0.6774193548387096,0.6917562724014337,0.533942652329749,0.006319942719718636,0.5268817204301075,0.5483870967741935,0.5042076185276898,0.004457360755428816,0.5008430349257327,0.5123931623931623,31.0,0.0,31,31,10.0,0.0,10.0,10.0
vertebral,iqr,minmax,correlation,39.383742484938665,1.5291952655171275,38.02215647580373,41.70875434006286,0.5066764268265376,0.041865881554113804,0.44108439063458205,0.5392342624835267,0.2682927759630696,0.005567811474229857,0.2624558469757443,0.2778835565715278,0.3115878430689433,0.00795381138265517,0.3008004923040036,0.3220841277810621,0.672831541218638,0.021499879823264016,0.6344086021505376,0.6917562724014337,0.6006810035842294,0.0020335566956995533,0.5949820788530465,0.6093189964157706,0.5009567971840856,0.018542073562535857,0.4767112712300567,0.5168803418803418,31.0,0.0,31,31,10.0,0.0,10.0,10.0
vertebral,iqr,minmax,hamming,122.01430155638255,2.4868494176576985,113.64156041198183,129.5257899005007,0.0021977256902509113,0.0008125539221481433,0.0006198408021365633,0.004114897019633817,-0.0007277884816249697,0.004382655846868594,-0.008113114192719711,0.018445049050295984,0.01808007074011242,0.005751732423987827,0.008962933079223039,0.03877854625943099,0.44405017921146944,0.004911702203957187,0.43727598566308246,0.45878136200716846,0.43899641577060927,0.0072483008801517085,0.41935483870967744,0.45878136200716846,0.22220253117313923,0.01290715355975078,0.2028262676641729,0.2589718269441772,31.0,0.0,31,31,10.0,0.0,10.0,10.0
vertebral,iqr,standard,euclidean,753.7047253508962,0.004304247187610217,753.7042927577774,753.7475520696751,0.3143083965364516,6.078034558634814e-05,0.3137036397336375,0.31431450519102555,0.2732863873819938,0.0004449486676301156,0.26885920403750097,0.27333110640567565,0.3550252345537423,0.00035465944229438396,0.3514964176584008,0.35506087916884677,0.688136200716846,0.0003566263215435946,0.6845878136200717,0.6881720430107527,0.5232616487455197,0.00035662632154359467,0.5197132616487455,0.5232974910394266,0.5087905969265686,0.0002957609645973861,0.5058478124849594,0.5088203220219385,31.0,0.0,31,31,10.0,0.0,10.0,10.0
vertebral,iqr,standard,manhattan,768.2535195713363,2.1131223270081785,766.3985289737313,770.9412796613503,0.3342884076881913,0.0013325702489178151,0.3251698113280399,0.33539123988071645,0.24089952080706303,0.0017461171938990723,0.23526493339797933,0.24308616355186954,0.31109383688852055,0.0026446228351361613,0.30716198734543404,0.314503406602675,0.6629749103942654,0.0006114237315136969,0.6594982078853047,0.6630824372759857,0.49577060931899636,0.003686010073744061,0.4731182795698925,0.4982078853046595,0.48849681181264537,0.0004882920843516061,0.4855035168982673,0.4886789623631729,31.0,0.0,31,31,10.0,0.0,10.0,10.0
vertebral,iqr,standard,cosine,800.5658925921141,0.18440193938373858,800.1771094147676,800.6547580599665,0.49519255483153357,0.001282659739042788,0.49457138040432297,0.4979927078630965,0.2785544123291994,0.003438360003882874,0.2769153908799655,0.2914608190419652,0.3127043553457068,0.0026539260575989317,0.3114270012972581,0.32102762790394745,0.688888888888889,0.0015206597444871709,0.6881720430107527,0.6953405017921147,0.5267383512544803,0.007113047487544595,0.5232974910394266,0.5448028673835126,0.5094059333007567,0.0012283439285214184,0.5088203220219385,0.5140085457744408,31.0,0.0,31,31,10.0,0.0,10.0,10.0
vertebral,iqr,standard,minkowski,757.1615775094608,0.3307848723907158,756.8499581280159,758.1383395539514,0.3029781571376007,0.0008036443762247838,0.3014809379071681,0.30358862263800934,0.26454258884380466,0.002148731097833298,0.2605199705600602,0.2686167984408505,0.33868097669562863,0.0019908374658838216,0.3352628313938134,0.3441859612790172,0.6874193548387098,0.0014598861544384582,0.6845878136200717,0.6881720430107527,0.5250537634408602,0.0021799069820121514,0.5197132616487455,0.5268817204301075,0.507740110403702,0.0011972945419698562,0.5054302422723476,0.5083902047370534,31.0,0.0,31,31,10.0,0.0,10.0,10.0
vertebral,iqr,standard,chebyshev,803.2639986576173,0.5486752752561471,802.5248329089814,804.1677141730597,0.2799575375297856,0.0008723462652202584,0.2770465307577182,0.28101145348107004,0.2322703655140439,0.004303700104038568,0.2232145312039708,0.23811075176976385,0.2989421696755176,0.0034201243050205536,0.29177325824625355,0.30359513601862387,0.6767741935483869,0.0031402431704386237,0.6702508960573477,0.6810035842293907,0.5262365591397848,0.0031402431704386237,0.5197132616487455,0.5304659498207885,0.500786435733539,0.002575854237905993,0.49549043222266825,0.5042444458699511,31.0,0.0,31,31,10.0,0.0,10.0,10.0
vertebral,iqr,standard,correlation,1004.2519474247181,5.609520249220136,995.0378781465907,1009.0577219280714,0.5010415385990036,0.0016009714363736645,0.49858215324079386,0.5027944785492249,0.37771314783322957,0.0038929222591566857,0.36623323598366503,0.3897437460481573,0.2988101285052174,0.003779361992523469,0.28918886077976946,0.3104116540949988,0.7148028673835124,0.002224244657218686,0.7096774193548387,0.7204301075268817,0.7148028673835124,0.002224244657218686,0.7096774193548387,0.7204301075268817,0.6853185548274904,0.002486737000826876,0.6801297427514411,0.6919984545186929,31.0,0.0,31,31,10.0,0.0,10.0,10.0
vertebral,iqr,standard,hamming,2883.223735585908,90.4540710747005,2621.9957364793736,3051.461803343018,0.0021588591701435164,0.0008073832665841917,0.0006198408021365633,0.004114897019633817,-0.0005920818265026958,0.0046632202564593946,-0.008113114192719711,0.018445049050295984,0.018225718380183737,0.006161226362186443,0.0066353832457941506,0.03877854625943099,0.4441577060931899,0.004958169595925614,0.43727598566308246,0.45878136200716846,0.43903225806451607,0.007354136502561544,0.41935483870967744,0.45878136200716846,0.2223412115552066,0.012784344512176648,0.2028262676641729,0.2589718269441772,31.0,0.0,31,31,10.0,0.0,10.0,10.0
vertebral,iqr,robust,euclidean,402.9627998420471,0.0,402.9627998420471,402.9627998420471,0.3080801336050092,5.551115123125783e-17,0.30808013360500913,0.30808013360500913,0.27609261869256274,5.551115123125783e-17,0.2760926186925628,0.2760926186925628,0.3526437266000804,3.3306690738754695e-17,0.3526437266000804,0.3526437266000805,0.6917562724014337,0.0,0.6917562724014337,0.6917562724014337,0.5268817204301075,0.0,0.5268817204301075,0.5268817204301075,0.5109059280074939,2.220446049250313e-16,0.5109059280074937,0.5109059280074937,31.0,0.0,31,31,10.0,0.0,10.0,10.0
vertebral,iqr,robust,manhattan,418.93934492658894,0.12838793631606935,418.9207979807314,420.1368669846738,0.3259006773572509,9.951333615739228e-05,0.3258864369471226,0.3268334202006929,0.24342447522103114,0.0010864969224469799,0.23581911368850927,0.24363962497074065,0.3119293548766149,0.0010255758528404046,0.304771498732675,0.31208350667492396,0.6665949820788533,0.0005017921146953296,0.6630824372759857,0.6666666666666666,0.4981720430107528,0.0006197711994906982,0.4946236559139785,0.5017921146953405,0.4914808931285933,0.00032950458507727487,0.48917436103305234,0.49152796521217573,31.0,0.0,31,31,10.0,0.0,10.0,10.0
vertebral,iqr,robust,cosine,436.4785690616179,0.5485507310413694,435.69501591875655,437.3186005123865,0.4658110736992789,0.0005610678771869527,0.4650542420341882,0.4662398997502161,0.25565742417894677,0.001043958676056139,0.2521557866988429,0.2568015059430406,0.26804399826593717,0.0008902315931452747,0.26417775020715617,0.26830308628925553,0.6736559139784943,0.0007811646852223501,0.6702508960573477,0.6738351254480287,0.5208602150537636,0.0016719575325721445,0.5197132616487455,0.5232974910394266,0.49424190979212623,0.0006615259341751237,0.4913583850965255,0.4943936742497894,31.0,0.0,31,31,10.0,0.0,10.0,10.0
vertebral,iqr,robust,minkowski,404.8771608081269,1.7053025658242404e-13,404.87716080812675,404.87716080812675,0.3014868172586203,5.551115123125783e-17,0.30148681725862025,0.30148681725862025,0.29196649447847595,5.551115123125783e-17,0.291966494478476,0.291966494478476,0.3635553216591845,7.889616961715914e-17,0.3635553216591846,0.36355532165918464,0.7025089605734769,2.220446049250313e-16,0.7025089605734767,0.7025089605734767,0.5448028673835124,2.220446049250313e-16,0.5448028673835126,0.5448028673835126,0.5197682126285629,0.0,0.5197682126285629,0.5197682126285629,31.0,0.0,31,31,10.0,0.0,10.0,10.0
vertebral,iqr,robust,chebyshev,435.23219040447214,2.2761625337603264,430.97494662899237,445.08657199074173,0.27869956884297375,0.007790725395378235,0.2637810075923766,0.28788142144836465,0.27701261993810034,0.01699740257231178,0.20231482196734596,0.2900992925372141,0.3140423792611651,0.025881976243249692,0.2633019851556845,0.3445056225318445,0.6999641577060933,0.008209293832908563,0.6666666666666666,0.7060931899641577,0.5331541218637993,0.0049242407397971505,0.5161290322580645,0.5483870967741935,0.5192122168105681,0.006941536449083966,0.4935666495110653,0.5248762587472265,31.0,0.0,31,31,10.0,0.0,10.0,10.0
vertebral,iqr,robust,correlation,527.7298764913177,1.5691409908696439,525.9940037981413,530.2598277246408,0.5314891470600379,0.0011810310574461881,0.5293616835459598,0.5325433292707458,0.3370911986994836,0.005150218343780925,0.326185667409639,0.34848860915347935,0.25414768771553037,0.004420881492264421,0.2459025004705838,0.2641812631198563,0.6924014336917564,0.00425241288887853,0.6845878136200717,0.6989247311827957,0.6924014336917564,0.00425241288887853,0.6845878136200717,0.6989247311827957,0.6566464882121643,0.005246100366210067,0.6486140046905214,0.6651664660148295,31.0,0.0,31,31,10.0,0.0,10.0,10.0
vertebral,iqr,robust,hamming,1469.9507966464457,67.09395318187939,1306.3126398612371,1562.04619743568,0.0021333997232368075,0.0008208987889979685,0.0006198408021365633,0.004114897019633817,-0.000712580941533619,0.0047244496600569435,-0.008113114192719711,0.018445049050295984,0.01794269056068145,0.00575290500850882,0.0066353832457941506,0.03841568118262813,0.4437992831541218,0.004845475158744424,0.43727598566308246,0.45878136200716846,0.4386379928315412,0.007200287760336865,0.41935483870967744,0.45878136200716846,0.22141037634637756,0.012395335457827585,0.2028262676641729,0.2589718269441772,31.0,0.0,31,31,10.0,0.0,10.0,10.0
vertebral,iqr_1.2,none,euclidean,128100.0441102262,7.275957614183426e-11,128100.04411022627,128100.04411022627,0.37889799887201997,0.0,0.37889799887201997,0.37889799887201997,0.2986618278161002,5.551115123125783e-17,0.2986618278161001,0.2986618278161001,0.3902874949116676,0.0,0.3902874949116676,0.3902874949116676,0.6884615384615386,1.1102230246251565e-16,0.6884615384615385,0.6884615384615385,0.5615384615384614,1.1102230246251565e-16,0.5615384615384615,0.5615384615384615,0.5222585172737172,1.1102230246251565e-16,0.5222585172737171,0.5222585172737171,50.0,0.0,50,50,16.12903225806452,3.552713678800501e-15,16.129032258064516,16.129032258064516
vertebral,iqr_1.2,none,manhattan,132713.831506,263.7815905915903,132603.4939,134282.2783,0.35103656853839765,0.0036942394751374955,0.34940739616571703,0.37542245150937437,0.27048144680955316,0.005257825319997275,0.2481991944301285,0.274642374135123,0.34607731325046914,0.0066607871960388055,0.32462363076277195,0.35263037222075133,0.6610384615384614,0.0026454717367719455,0.65,0.6730769230769231,0.5131538461538462,0.005683465065251048,0.5038461538461538,0.55,0.49600013496630857,0.0024006430508607206,0.4886039886039886,0.5097196296924787,50.0,0.0,50,50,16.12903225806452,3.552713678800501e-15,16.129032258064516,16.129032258064516
vertebral,iqr_1.2,none,cosine,134396.0483276778,257.14969477763015,134056.10940468017,134697.93815542426,0.5277323174961301,0.00443484101369836,0.5154129271345376,0.5318403494512434,0.3063308815094466,0.0038110080108435776,0.2950425713410978,0.3129993514798447,0.3913207357863528,0.003202374350783814,0.3817026819688353,0.3962098938082278,0.6758846153846154,0.005127227470910723,0.6615384615384615,0.6807692307692308,0.535,0.0021414478318576933,0.5307692307692308,0.5423076923076923,0.5069249298175237,0.004461515904563196,0.49418666466530325,0.5110944527736132,50.0,0.0,50,50,16.12903225806452,3.552713678800501e-15,16.129032258064516,16.129032258064516
vertebral,iqr_1.2,none,minkowski,128667.42438539429,16.61910434088647,128664.50169794422,128761.92461294611,0.3730216240067392,0.00016692369971455027,0.37299226828501886,0.37397079234236436,0.368956440436944,0.0010071345387231245,0.36877932262021534,0.3746832498445065,0.46254949652132865,0.0009981334246698054,0.46237396166855144,0.46822512342778805,0.7155000000000001,0.00065610469650892,0.7153846153846154,0.7192307692307692,0.5808846153846151,0.0006561046965089201,0.5807692307692308,0.5846153846153846,0.5408782135727485,0.0005409799767198447,0.5407830751491453,0.5439543559359228,50.0,0.0,50,50,16.12903225806452,3.552713678800501e-15,16.129032258064516,16.129032258064516
vertebral,iqr_1.2,none,chebyshev,133392.35015794152,215.0846320844946,133350.9161779486,134624.5216100403,0.375025481930664,0.0026184900679936942,0.3513659646685162,0.37544422339329714,0.4078802401218676,0.003528207869493065,0.3750985367690604,0.40843005867584553,0.501059665875258,0.0034064167834240715,0.47219511822123716,0.501668416128172,0.7344999999999999,0.0011480624274307224,0.7230769230769231,0.7346153846153847,0.6069615384615384,0.004855759710577104,0.5615384615384615,0.6076923076923076,0.5559798810865488,0.0009919583029840225,0.5461412706465979,0.5560932743307284,50.0,0.0,50,50,16.12903225806452,3.552713678800501e-15,16.129032258064516,16.129032258064516
vertebral,iqr_1.2,none,correlation,144877.7476599372,27.070823187100718,144874.15532630865,145124.656168165,0.4594567555604829,0.0010331268064823593,0.45931394855268687,0.46829892310427,0.33538142677342414,0.00562444501712304,0.27943872151919197,0.335961699081096,0.37198658974603155,0.0038993467082095194,0.333197990130502,0.3732328150512031,0.6728076923076923,0.0026788123306716698,0.6461538461538462,0.6730769230769231,0.6305,0.0026788123306716698,0.6038461538461538,0.6307692307692307,0.5157243072017,0.002078185752295523,0.49504662004662,0.5159331727285191,50.0,0.0,50,50,16.12903225806452,3.552713678800501e-15,16.129032258064516,16.129032258064516
vertebral,iqr_1.2,none,hamming,582674.954908,10950.6951392223,538583.8295,600910.6529,0.002541566818375218,0.0009620933426862642,0.0006726249500521187,0.004541354097266501,-0.002030683482540493,0.003977505448589504,-0.007433391339764263,0.016731799062311894,0.019058493555022052,0.006582881056194001,0.002091139846700032,0.04175189553329192,0.40892307692307694,0.005753311369635427,0.4,0.4269230769230769,0.40453846153846157,0.007465502515614799,0.38461538461538464,0.4269230769230769,0.21510902031044274,0.013439918750141677,0.19047619047619047,0.2574958515544065,50.0,0.0,50,50,16.12903225806452,3.552713678800501e-15,16.129032258064516,16.129032258064516
vertebral,iqr_1.2,minmax,euclidean,33.960461649485076,0.005419993298305694,33.95688719811743,33.971710439637405,0.3062558569723039,0.00893347021673874,0.287203482393692,0.31104234659730046,0.25695777750162646,0.005260715001655909,0.24292074728396232,0.2595830911749825,0.3308728454140031,0.0077338372642048485,0.31811657637967355,0.3361589162632782,0.6624230769230769,0.004346494200423991,0.6538461538461539,0.6653846153846154,0.5196153846153845,0.005029498781008502,0.5115384615384615,0.5230769230769231,0.4977869474624329,0.004015209182879934,0.4908795602198901,0.5005749712514375,50.0,0.0,50,50,16.12903225806452,3.552713678800501e-15,16.129032258064516,16.129032258064516
vertebral,iqr_1.2,minmax,manhattan,34.79161226721672,0.05816311681044991,34.72591569061595,34.94711757939117,0.3193109710875838,0.0032866908020465642,0.3126643069035502,0.3365437797474596,0.24236949478323255,0.004555299245796195,0.23329170048888792,0.24822557810905999,0.31129874240187627,0.006091357153279333,0.2933200191126544,0.3225411311142139,0.6451923076923077,0.00341312295178825,0.6384615384615384,0.65,0.48511538461538456,0.007685670213274769,0.47307692307692306,0.5230769230769231,0.4833045549771022,0.002972403198278492,0.4772995780590717,0.487456271864068,50.0,0.0,50,50,16.12903225806452,3.552713678800501e-15,16.129032258064516,16.129032258064516
vertebral,iqr_1.2,minmax,cosine,39.00315989027202,0.04689127577428745,38.83738276392401,39.04264088133381,0.39888400159304926,0.003488761618629782,0.39263193994489026,0.40717185801873995,0.38312606716593495,0.004316799335847558,0.3762477791470256,0.3914785462655734,0.38651729030120696,0.0032229638855103496,0.38225126046612046,0.3985026499130011,0.6927692307692308,0.0012498520622516818,0.6923076923076923,0.6961538461538461,0.6566923076923077,0.008349255006980992,0.6423076923076924,0.6653846153846154,0.5304974991634988,0.0009098217788110994,0.530030959752322,0.5331705331705332,50.0,0.0,50,50,16.12903225806452,3.552713678800501e-15,16.129032258064516,16.129032258064516
vertebral,iqr_1.2,minmax,minkowski,34.12561722934733,0.007037635901017019,34.11333200408269,34.136326803880706,0.3004566875985338,0.0020013124407545924,0.29769776908720563,0.3022531075765093,0.26340301730959237,0.004487307689801004,0.2598291413035877,0.27762393018323206,0.3349333526816264,0.004650643723215026,0.3301233718435711,0.3476292302025444,0.6690384615384615,0.002997780243869237,0.6653846153846154,0.676923076923077,0.5251153846153845,0.003459614850130361,0.5230769230769231,0.5346153846153846,0.5017475211220767,0.0026095770597235673,0.4982785015777799,0.5076961519240379,50.0,0.0,50,50,16.12903225806452,3.552713678800501e-15,16.129032258064516,16.129032258064516
vertebral,iqr_1.2,minmax,chebyshev,34.59928736601222,0.005968755642306418,34.59868748349916,34.65867573480476,0.2807820769056875,0.00023582508534450766,0.27843564693296363,0.28080577821854324,0.25648261741435907,0.0005102819969561346,0.25140537565082877,0.2565339026846978,0.3248524034576053,0.00024225608142167045,0.32244198588183287,0.32487675110988584,0.6691923076923076,0.00038268747581023707,0.6653846153846154,0.6692307692307692,0.523,0.0007653749516204852,0.5153846153846153,0.5230769230769231,0.5006690420506532,0.00031081478644115327,0.49757647397289406,0.5007002801120448,50.0,0.0,50,50,16.12903225806452,3.552713678800501e-15,16.129032258064516,16.129032258064516
vertebral,iqr_1.2,minmax,correlation,40.683468812892286,0.06405139539256728,40.63332343708832,41.11895573152758,0.47193704660657576,0.004326478333428007,0.4593733716344995,0.4759592936611856,0.3174211577368631,0.013218400989654858,0.3089752000944756,0.37729054622225866,0.337201901841097,0.002477463229306724,0.32055737190175204,0.33971173218844014,0.6593076923076925,0.009778311951220644,0.6538461538461539,0.7115384615384616,0.6358076923076923,0.015217311459234108,0.6269230769230769,0.7115384615384616,0.5097004063711509,0.031635298862558114,0.5011077702168064,0.6957457457457457,50.0,0.0,50,50,16.12903225806452,3.552713678800501e-15,16.129032258064516,16.129032258064516
vertebral,iqr_1.2,minmax,hamming,124.31977164580604,3.852376473707091,112.09933823894663,130.50916056814592,0.0024463591632719103,0.0008652663080421604,0.0006726249500521187,0.0043212250136300525,-0.0018080819003935037,0.003351203478325147,-0.007433391339764263,0.007538821300092787,0.019692811643286668,0.006005109807635537,0.002091139846700032,0.04172028897532502,0.40738461538461535,0.005457745161558996,0.4,0.4230769230769231,0.4018846153846154,0.008113379263717621,0.38461538461538464,0.4230769230769231,0.21037561787917802,0.013510248074392044,0.19047619047619047,0.25160963403517295,50.0,0.0,50,50,16.12903225806452,3.552713678800501e-15,16.129032258064516,16.129032258064516
vertebral,iqr_1.2,standard,euclidean,734.3879484007823,0.07258783196751777,734.3231665291157,734.5252633440703,0.2939281387064368,0.0010532306105040248,0.2923443401164406,0.2953530489576392,0.2543045155244904,0.007953811115726026,0.24217236552970245,0.2669979991488255,0.3099629179744285,0.007117105307761445,0.29630994445973863,0.32318570417919346,0.6593076923076923,0.0036963119313027444,0.6538461538461539,0.6653846153846154,0.5093076923076925,0.003696311931302745,0.5038461538461538,0.5153846153846153,0.49453172860157013,0.002820861842612509,0.4901075147903118,0.49955022488755624,50.0,0.0,50,50,16.12903225806452,3.552713678800501e-15,16.129032258064516,16.129032258064516
vertebral,iqr_1.2,standard,manhattan,751.6976752458448,0.6813362050662911,750.687243723999,752.2537811289825,0.31649267940732684,0.0024004730081380815,0.3110010944440508,0.31919511059360756,0.22854753958220475,0.0045502604652018965,0.22127090291706947,0.2430078503807472,0.2970850669924286,0.005750673675191261,0.2892914590820703,0.3147627494337354,0.6381538461538462,0.001405820529422856,0.6346153846153846,0.6423076923076924,0.48034615384615387,0.0034783778440582664,0.47307692307692306,0.4846153846153846,0.4783584309073522,0.0011361818689027377,0.47408963585434166,0.4811066126855601,50.0,0.0,50,50,16.12903225806452,3.552713678800501e-15,16.129032258064516,16.129032258064516
vertebral,iqr_1.2,standard,cosine,774.5471315111597,0.32802264177063717,774.4878683990596,776.7327950499732,0.4797434562874338,0.00022046735386603157,0.4797075145120159,0.48126942879495777,0.26196070353927003,0.0004013415161313425,0.2604464952134344,0.2643575128621685,0.28102998043717387,0.00041095754868682654,0.2797872967404797,0.28364924822470333,0.6615384615384614,1.1102230246251565e-16,0.6615384615384615,0.6615384615384615,0.5346923076923076,0.0012138256798507267,0.5307692307692308,0.5423076923076923,0.49565152196731155,5.551115123125783e-17,0.4956515219673115,0.4956515219673115,50.0,0.0,50,50,16.12903225806452,3.552713678800501e-15,16.129032258064516,16.129032258064516
vertebral,iqr_1.2,standard,minkowski,735.4223531784359,0.1220188879643978,734.9620702864046,735.6673152381953,0.282654265577326,0.0007124565036704338,0.27932462243818584,0.2847495403514238,0.24641569344891018,0.0038688259792223523,0.24019315153341722,0.25332799329487926,0.2970887712551541,0.0035693926734999765,0.29454332342062783,0.3038584954933824,0.6583076923076923,0.002086870764038536,0.6538461538461539,0.6615384615384615,0.5080000000000001,0.0033388514483400963,0.49230769230769234,0.5115384615384615,0.4934143923354368,0.0015435204256912941,0.4898785425101215,0.49615192403798103,50.0,0.0,50,50,16.12903225806452,3.552713678800501e-15,16.129032258064516,16.129032258064516
vertebral,iqr_1.2,standard,chebyshev,781.2509982558804,2.1075569415196993,775.5049734115737,789.6033499343782,0.26129701710375974,0.01005655386304566,0.19309891531144863,0.2688661381396024,0.26985689338453756,0.030997930100583663,0.20681743553829834,0.2874931196951632,0.3060459209091194,0.01578986165529045,0.2723989369944889,0.3189690641210348,0.6751923076923078,0.01800209553876943,0.6038461538461538,0.6846153846153846,0.5192692307692307,0.009676650968413457,0.5,0.5769230769230769,0.507785279378168,0.014388585272466442,0.44598571640166657,0.5154061624649859,50.0,0.0,50,50,16.12903225806452,3.552713678800501e-15,16.129032258064516,16.129032258064516
vertebral,iqr_1.2,standard,correlation,883.888032559857,1.2286529541015692,882.9613042193507,887.6770371471039,0.508124475840786,0.0019005245065855326,0.5012539316242005,0.5097902076488448,0.36321599267861615,0.005393721961753969,0.35704461769693474,0.37624189306438843,0.29956321008608805,0.008845533238747892,0.2894704156128112,0.31243913871234014,0.7037307692307695,0.003098720866086096,0.7,0.7115384615384616,0.7037307692307695,0.003098720866086096,0.7,0.7115384615384616,0.6801974300621932,0.004937584666232228,0.6740719677860229,0.6922973104960799,50.0,0.0,50,50,16.12903225806452,3.552713678800501e-15,16.129032258064516,16.129032258064516
vertebral,iqr_1.2,standard,hamming,2626.3416321665995,115.06406120261373,2330.014431924896,2765.3059096582183,0.0024387223143112974,0.0008607537674572507,0.0006726249500521187,0.0043212250136300525,-0.0017864437182742862,0.0033552695676615984,-0.007433391339764263,0.007538821300092787,0.01964342900600722,0.006046116495160591,0.002091139846700032,0.04172028897532502,0.40734615384615386,0.005495964092111144,0.4,0.4230769230769231,0.4018076923076923,0.008149037043340017,0.38461538461538464,0.4230769230769231,0.21036337688160045,0.013521521406778435,0.19047619047619047,0.25160963403517295,50.0,0.0,50,50,16.12903225806452,3.552713678800501e-15,16.129032258064516,16.129032258064516
vertebral,iqr_1.2,robust,euclidean,373.82649709954677,5.684341886080802e-14,373.8264970995468,373.8264970995468,0.2879878504156261,5.551115123125783e-17,0.287987850415626,0.287987850415626,0.259657979967664,0.0,0.259657979967664,0.259657979967664,0.3137798959875935,2.989366980140908e-17,0.3137798959875934,0.3137798959875935,0.6653846153846154,0.0,0.6653846153846154,0.6653846153846154,0.5076923076923078,1.1102230246251565e-16,0.5076923076923077,0.5076923076923077,0.4995252373813093,5.551115123125783e-17,0.49952523738130933,0.49952523738130933,50.0,0.0,50,50,16.12903225806452,3.552713678800501e-15,16.129032258064516,16.129032258064516
vertebral,iqr_1.2,robust,manhattan,389.2845925482763,0.43752155682365784,387.88397784088704,389.66703644083606,0.31080556786336355,0.0037166590584216575,0.3077469461742695,0.3228648055195281,0.24082481444801174,0.004273945930444826,0.2294003467097128,0.24574339663169747,0.3083238945667982,0.004464123391278508,0.28894146067513304,0.31297491151887163,0.6456923076923077,0.003818361121843327,0.6423076923076924,0.65,0.4884230769230769,0.008539760815906926,0.4807692307692308,0.5115384615384615,0.4839597212146646,0.0031097699440354493,0.4811066126855601,0.487456271864068,50.0,0.0,50,50,16.12903225806452,3.552713678800501e-15,16.129032258064516,16.129032258064516
vertebral,iqr_1.2,robust,cosine,401.4637506178154,0.596290224407899,400.919153513096,403.17690707950084,0.4503568638785507,0.0005166404421141708,0.44949457449309754,0.4511100497796803,0.22734549109036498,0.0021616390435339173,0.22415496535784363,0.23382336884271604,0.23679073119535676,0.0032002441804967604,0.23238999031831062,0.24816443452152837,0.6385384615384615,0.0005384615384615521,0.6384615384615384,0.6423076923076924,0.5187307692307691,0.0026454717367719793,0.5153846153846153,0.5230769230769231,0.47548247047169345,0.0003708146842783214,0.4753601355804538,0.4780591909110881,50.0,0.0,50,50,16.12903225806452,3.552713678800501e-15,16.129032258064516,16.129032258064516
vertebral,iqr_1.2,robust,minkowski,374.9278435225049,0.3949926094330947,374.3071300434039,376.0708250817977,0.2867111426222374,0.0045752252654175435,0.2831407073647419,0.29669482933841795,0.269319207426773,0.005636927637370481,0.2549325045754668,0.28970145334570285,0.3224267538942419,0.011705077155153997,0.31042037608013084,0.3559940138166359,0.6750384615384616,0.0034613247797294568,0.6653846153846154,0.6884615384615385,0.5166153846153846,0.012112392792986766,0.5076923076923077,0.5461538461538461,0.5072230525572974,0.0028858509374754962,0.4992784992784993,0.5182072829131652,50.0,0.0,50,50,16.12903225806452,3.552713678800501e-15,16.129032258064516,16.129032258064516
vertebral,iqr_1.2,robust,chebyshev,401.3539504420994,3.057424701331222,391.25965413061147,405.1549429547898,0.2557912587658677,0.005843607446046891,0.24457909047635584,0.26458882166692527,0.2547198584808126,0.01486376211075809,0.2377356423702315,0.2979863632018135,0.2720857263390479,0.01640592208682523,0.24799124699980035,0.30815208565323904,0.6706923076923076,0.008527366318586372,0.6615384615384615,0.6923076923076923,0.5306923076923077,0.012462725489523504,0.5115384615384615,0.5576923076923077,0.5033219933895056,0.00683968558314977,0.4963924963924964,0.5200929674613884,50.0,0.0,50,50,16.12903225806452,3.552713678800501e-15,16.129032258064516,16.129032258064516
vertebral,iqr_1.2,robust,correlation,451.6996408603045,0.024165125585525877,451.6961989111721,451.94004917028025,0.534868683064988,5.624799589684137e-05,0.5347263364282622,0.5348913019545051,0.34218063689470535,0.0026357371065904613,0.3321370863862648,0.34323349310152146,0.27410249714918533,0.002229512840385391,0.2660539431358383,0.2749956260359426,0.6999615384615387,0.0003826874758102371,0.6961538461538461,0.7,0.6999615384615387,0.0003826874758102371,0.6961538461538461,0.7,0.6739946409153525,0.0004084796717486221,0.6705930235342,0.6746068896170315,50.0,0.0,50,50,16.12903225806452,3.552713678800501e-15,16.129032258064516,16.129032258064516
vertebral,iqr_1.2,robust,hamming,1292.4010026438002,66.80651017014671,1146.845333467692,1363.1044480467317,0.0023872003914818672,0.0009028800882282764,0.0006726249500521187,0.0043212250136300525,-0.001716062270147789,0.003615255600975092,-0.007433391339764263,0.01037686493085365,0.01924273993118077,0.006147434851571848,0.002091139846700032,0.04172028897532502,0.40715384615384614,0.005520805189537875,0.4,0.4230769230769231,0.401576923076923,0.008051149353797865,0.38461538461538464,0.4230769230769231,0.20994319014568752,0.013337744797589136,0.19047619047619047,0.25160963403517295,50.0,0.0,50,50,16.12903225806452,3.552713678800501e-15,16.129032258064516,16.129032258064516
vertebral,iqr_1.8,none,euclidean,173820.6334583457,2.9103830456733704e-11,173820.63345834572,173820.63345834572,0.37219289656399346,5.551115123125783e-17,0.3721928965639934,0.3721928965639934,0.3181377394753766,5.551115123125783e-17,0.31813773947537666,0.31813773947537666,0.42728763745587167,0.0,0.42728763745587167,0.42728763745587167,0.722033898305085,2.220446049250313e-16,0.7220338983050848,0.7220338983050848,0.5355932203389829,1.1102230246251565e-16,0.535593220338983,0.535593220338983,0.5338957288341692,1.1102230246251565e-16,0.5338957288341694,0.5338957288341694,15.0,0.0,15,15,4.838709677419353,1.7763568394002505e-15,4.838709677419355,4.838709677419355
vertebral,iqr_1.8,none,manhattan,180299.83619999996,5.820766091346741e-11,180299.83620000002,180299.83620000002,0.37250823946394185,5.551115123125783e-17,0.3725082394639419,0.3725082394639419,0.2832509900312342,5.551115123125783e-17,0.2832509900312343,0.2832509900312343,0.3819580262366211,5.551115123125783e-17,0.38195802623662106,0.38195802623662106,0.705084745762712,1.1102230246251565e-16,0.7050847457627119,0.7050847457627119,0.5186440677966101,1.1102230246251565e-16,0.5186440677966102,0.5186440677966102,0.5205941770647654,0.0,0.5205941770647654,0.5205941770647654,15.0,0.0,15,15,4.838709677419353,1.7763568394002505e-15,4.838709677419355,4.838709677419355
vertebral,iqr_1.8,none,cosine,185409.95671465658,14.688338532704021,185392.69587075413,185422.45594644794,0.5500029360683142,0.00041635807656432067,0.5495136573285112,0.5503572413626545,0.347701017478287,0.0041724065361037725,0.34415045413127626,0.3526041763860638,0.45068420329517017,0.004455629628911195,0.4468926275914661,0.45592018879076157,0.730237288135593,0.0016730796853224779,0.7288135593220338,0.7322033898305085,0.5288135593220337,2.220446049250313e-16,0.5288135593220339,0.5288135593220339,0.5378593643585752,0.0010922047975409957,0.5369299385492677,0.5391428571428571,15.0,0.0,15,15,4.838709677419353,1.7763568394002505e-15,4.838709677419355,4.838709677419355
vertebral,iqr_1.8,none,minkowski,174453.5009091974,2.9103830456733704e-11,174453.50090919738,174453.50090919738,0.3720630658605757,1.1102230246251565e-16,0.3720630658605758,0.3720630658605758,0.36388677996357854,0.0,0.36388677996357854,0.36388677996357854,0.47025774276705584,5.551115123125783e-17,0.4702577427670559,0.4702577427670559,0.7389830508474574,2.220446049250313e-16,0.7389830508474576,0.7389830508474576,0.5559322033898305,0.0,0.5559322033898305,0.5559322033898305,0.5449884181637439,0.0,0.5449884181637439,0.5449884181637439,15.0,0.0,15,15,4.838709677419353,1.7763568394002505e-15,4.838709677419355,4.838709677419355
vertebral,iqr_1.8,none,chebyshev,180869.49602848582,0.0,180869.49602848582,180869.49602848582,0.3612852493262557,1.6653345369377348e-16,0.36128524932625555,0.36128524932625555,0.3962814346876558,2.220446049250313e-16,0.3962814346876556,0.3962814346876556,0.500160772344105,7.928578270080921e-17,0.5001607723441049,0.500160772344105,0.7559322033898307,2.220446049250313e-16,0.7559322033898305,0.7559322033898305,0.5728813559322034,0.0,0.5728813559322034,0.5728813559322034,0.5577070342413304,1.1102230246251565e-16,0.5577070342413303,0.5577070342413303,15.0,0.0,15,15,4.838709677419353,1.7763568394002505e-15,4.838709677419355,4.838709677419355
vertebral,iqr_1.8,none,correlation,211820.76905821264,1592.7897099127867,210122.21231319002,213749.36746952942,0.5113322435108373,0.03349097304928075,0.44421306940034655,0.5389102846097387,0.2651188467564509,0.01579808415408397,0.2211116293573109,0.28221316391308005,0.3906637193582949,0.03558392727377258,0.3144805052383132,0.4195192053484876,0.6907118644067798,0.023622619516676116,0.6440677966101694,0.7084745762711865,0.5271525423728812,0.008351582049130295,0.5050847457627119,0.535593220338983,0.5116913499161242,0.020646825392585583,0.4706705584072621,0.5266226121301888,15.0,0.0,15,15,4.838709677419353,1.7763568394002505e-15,4.838709677419355,4.838709677419355
vertebral,iqr_1.8,none,hamming,908510.244411,14464.389349817622,842577.965,941986.7152,0.002277100949025777,0.000950196576814701,0.0006045915047798122,0.004406134099925965,-0.0002623282077714381,0.0057287588625390675,-0.01096494667838145,0.02495297277493188,0.01837022055354566,0.007448690788098145,0.007292091860937956,0.04550878243733771,0.4648813559322035,0.0047462469486609215,0.4576271186440678,0.48135593220338985,0.45962711864406786,0.006798195005214879,0.43728813559322033,0.48135593220338985,0.23116630440769442,0.012264260826588512,0.20930232558139536,0.2742487954898456,15.0,0.0,15,15,4.838709677419353,1.7763568394002505e-15,4.838709677419355,4.838709677419355
vertebral,iqr_1.8,minmax,euclidean,29.094650276860197,0.00014052097089453734,29.094625564404595,29.09544931292453,0.3155336161976201,0.00026974205503629096,0.31548617851970223,0.3170674344502992,0.2545551476837144,2.9016707975812034e-05,0.25439015169775303,0.2545602506523524,0.34367662282881056,0.00013711625264963394,0.3428969468119406,0.3437007365200538,0.6813559322033897,1.1102230246251565e-16,0.6813559322033899,0.6813559322033899,0.49840677966101693,0.0005782617664146343,0.49830508474576274,0.5016949152542373,0.49904521242228894,5.551115123125783e-17,0.4990452124222889,0.4990452124222889,15.0,0.0,15,15,4.838709677419353,1.7763568394002505e-15,4.838709677419355,4.838709677419355
vertebral,iqr_1.8,minmax,manhattan,29.905914806893616,0.05302377066446621,29.86171335541146,29.969521773660603,0.3319581619957945,0.00043465436210347023,0.3314367534799725,0.3323204967271284,0.254315384470043,0.0036501755518931482,0.2499366578703794,0.2573582283782838,0.3301531533213229,0.0034730856012685067,0.3259868626624268,0.33304837225377604,0.6765762711864407,0.0016672315426925757,0.6745762711864407,0.6779661016949152,0.4867457627118646,0.0016672315426926028,0.4847457627118644,0.488135593220339,0.4946788096393794,0.0010737013163165342,0.4933908045977011,0.4955738639903761,15.0,0.0,15,15,4.838709677419353,1.7763568394002505e-15,4.838709677419355,4.838709677419355
vertebral,iqr_1.8,minmax,cosine,36.53185749338653,0.05015228104238358,36.334142008538606,36.84214617088928,0.3875549657457493,0.004718618471158795,0.3641983852218976,0.4044267641762569,0.3116792934491931,0.03451329863234141,0.2819777736701684,0.46874109111184814,0.33309205678449816,0.019484941165214105,0.3163779803205346,0.42286674656927975,0.7096271186440678,0.005816696292556385,0.6745762711864407,0.7220338983050848,0.5644406779661016,0.025675566258052545,0.5220338983050847,0.6949152542372882,0.5198925022308213,0.005692047959126866,0.4893790849673203,0.5388907121759107,15.0,0.0,15,15,4.838709677419353,1.7763568394002505e-15,4.838709677419355,4.838709677419355
vertebral,iqr_1.8,minmax,minkowski,29.32707625085035,0.0,29.32707625085035,29.32707625085035,0.30882783321526114,5.551115123125783e-17,0.3088278332152611,0.3088278332152611,0.2816714786408919,5.551115123125783e-17,0.28167147864089187,0.28167147864089187,0.3610415737364319,1.825970952595682e-16,0.3610415737364321,0.36104157373643214,0.7016949152542373,0.0,0.7016949152542373,0.7016949152542373,0.5186440677966101,1.1102230246251565e-16,0.5186440677966102,0.5186440677966102,0.5140439737538852,1.1102230246251565e-16,0.5140439737538851,0.5140439737538851,15.0,0.0,15,15,4.838709677419353,1.7763568394002505e-15,4.838709677419355,4.838709677419355
vertebral,iqr_1.8,minmax,chebyshev,30.621769439653175,3.552713678800501e-15,30.62176943965317,30.62176943965317,0.290790478072193,5.551115123125783e-17,0.29079047807219305,0.29079047807219305,0.2786358644270342,5.551115123125783e-17,0.27863586442703414,0.27863586442703414,0.3514782952360018,3.3306690738754695e-17,0.3514782952360018,0.3514782952360019,0.705084745762712,1.1102230246251565e-16,0.7050847457627119,0.7050847457627119,0.5288135593220337,2.220446049250313e-16,0.5288135593220339,0.5288135593220339,0.5173906166875151,2.220446049250313e-16,0.5173906166875153,0.5173906166875153,15.0,0.0,15,15,4.838709677419353,1.7763568394002505e-15,4.838709677419355,4.838709677419355
vertebral,iqr_1.8,minmax,correlation,36.70448829573966,0.5325648813833568,36.51916892897802,39.23171936215085,0.5358677473230361,0.0026145433773416033,0.5227446023894468,0.5368753427023253,0.267470261060651,0.0038150573633387898,0.2448931174224306,0.2687533077809467,0.3144209943527988,0.003509772844981311,0.29910980560478406,0.315878913512842,0.6974237288135596,0.0024265125651760297,0.6847457627118644,0.6983050847457627,0.5895593220338984,0.002015738135229637,0.5796610169491525,0.6,0.5171291955889656,0.0018182188338952442,0.5077493437385777,0.517812810033086,15.0,0.0,15,15,4.838709677419353,1.7763568394002505e-15,4.838709677419355,4.838709677419355
vertebral,iqr_1.8,minmax,hamming,121.83401292193754,2.3092037486174393,113.64107742309606,124.55331147801165,0.002556548960695701,0.0008661876317204913,0.0006045915047798122,0.004406134099925965,-0.0026372077101436196,0.006172641773272254,-0.01096494667838145,0.02495297277493188,0.02076025335668645,0.007385040806679763,0.00487178054536949,0.04550878243733771,0.46237288135593224,0.0050960326706348865,0.4576271186440678,0.48135593220338985,0.45335593220338993,0.009014909926157383,0.43728813559322033,0.48135593220338985,0.2236301547465305,0.013761407603183081,0.20930232558139536,0.2742487954898456,15.0,0.0,15,15,4.838709677419353,1.7763568394002505e-15,4.838709677419355,4.838709677419355
vertebral,iqr_1.8,standard,euclidean,799.9870881627471,0.01985924604339206,799.9820708120853,800.0656933231172,0.3089281275359145,0.00023130552469734835,0.30801259389362173,0.3089865658535076,0.27092105466765565,7.124220391390076e-05,0.27090305563998945,0.271203039434425,0.35676136770457995,0.0001920012129882323,0.3567128594474704,0.3575213303992961,0.6915254237288138,2.220446049250313e-16,0.6915254237288135,0.6915254237288135,0.5048813559322034,0.00080504014149411,0.5016949152542373,0.5050847457627119,0.5062330155717552,1.1102230246251565e-16,0.5062330155717553,0.5062330155717553,15.0,0.0,15,15,4.838709677419353,1.7763568394002505e-15,4.838709677419355,4.838709677419355
vertebral,iqr_1.8,standard,manhattan,817.8086660376953,0.14845678692983177,817.6063535394544,817.9176035367484,0.3273900624947561,0.0008860901966148832,0.3261825251025529,0.32804027493671156,0.24343634624684146,2.7755575615628914e-17,0.2434363462468415,0.2434363462468415,0.31730091405481187,5.551115123125783e-17,0.3173009140548119,0.3173009140548119,0.6711864406779661,0.0,0.6711864406779661,0.6711864406779661,0.48135593220338996,1.1102230246251565e-16,0.48135593220338985,0.48135593220338985,0.49038793599631625,5.551115123125783e-17,0.4903879359963163,0.4903879359963163,15.0,0.0,15,15,4.838709677419353,1.7763568394002505e-15,4.838709677419355,4.838709677419355
vertebral,iqr_1.8,standard,cosine,849.0928741953659,1.2193389596794701,845.6398162503187,850.7252716013172,0.5037335753329927,0.001291782574837343,0.5017909478311959,0.50470957014322,0.2942345910459359,0.0020255774197233825,0.2899450512668354,0.2970503695204197,0.3234191346301057,0.0021666748159533352,0.3196441338344699,0.32733865768404957,0.7012203389830509,0.0011762272252812047,0.6983050847457627,0.7016949152542373,0.5515593220338983,0.005738633645394923,0.5423728813559322,0.5559322033898305,0.5144629144433972,0.0007653441562108447,0.5125822686798296,0.515419007222286,15.0,0.0,15,15,4.838709677419353,1.7763568394002505e-15,4.838709677419355,4.838709677419355
vertebral,iqr_1.8,standard,minkowski,803.4687146998226,0.14904052375035007,803.1393940576854,803.5361659156822,0.3020020473677772,0.0004550247790983989,0.3009966224761412,0.302207977767269,0.27120070630000115,0.0033174342849792014,0.26387048790377665,0.27270207633296273,0.3495865257207554,0.0025941838361965524,0.34385440491722447,0.35076057456003285,0.6971525423728816,0.0025466630469143,0.6915254237288135,0.6983050847457627,0.507322033898305,0.002546663046914299,0.5016949152542373,0.5084745762711864,0.510144780465588,0.00215291603265415,0.5053876870758129,0.5111191248948191,15.0,0.0,15,15,4.838709677419353,1.7763568394002505e-15,4.838709677419355,4.838709677419355
vertebral,iqr_1.8,standard,chebyshev,852.8077974640098,0.5013290981011276,849.132844485189,853.7580961310421,0.28411554471979833,0.00044784468453579494,0.28230128878564303,0.2881740787912915,0.24394436098152653,0.002979215751547614,0.2322425897628622,0.2464882144392603,0.3080408427370929,0.0025932852167523004,0.29865712220305213,0.31826772854252516,0.6871186440677968,0.0023239507120003623,0.6779661016949152,0.6915254237288135,0.5142711864406778,0.002411072800282472,0.5050847457627119,0.5220338983050847,0.5040946576841778,0.0019531095542925279,0.4964256889196357,0.5083027242118151,15.0,0.0,15,15,4.838709677419353,1.7763568394002505e-15,4.838709677419355,4.838709677419355
vertebral,iqr_1.8,standard,correlation,1101.5341762336484,4.547473508864641e-13,1101.5341762336489,1101.5341762336489,0.4824061327091902,1.6653345369377348e-16,0.48240613270919036,0.48240613270919036,0.23930740649309784,5.551115123125783e-17,0.23930740649309779,0.23930740649309779,0.2300038353268181,2.7755575615628914e-17,0.23000383532681803,0.2300038353268181,0.6610169491525423,1.1102230246251565e-16,0.6610169491525424,0.6610169491525424,0.6033898305084745,1.1102230246251565e-16,0.6033898305084746,0.6033898305084746,0.4851856668737927,5.551115123125783e-17,0.4851856668737928,0.4851856668737928,15.0,0.0,15,15,4.838709677419353,1.7763568394002505e-15,4.838709677419355,4.838709677419355
vertebral,iqr_1.8,standard,hamming,3167.751979279371,67.28336176109411,2958.9398725890055,3270.741200502567,0.002489138586376229,0.0008598785233435009,0.0006045915047798122,0.004406134099925965,-0.0025721926574156927,0.005420010156199122,-0.01096494667838145,0.02495297277493188,0.01998680830836555,0.006699914078002341,0.007292091860937956,0.0440364504103769,0.46271186440677975,0.005016491046423306,0.4576271186440678,0.48135593220338985,0.45477966101694917,0.00878378281625045,0.43728813559322033,0.48135593220338985,0.22417442364780565,0.013343583524647174,0.20930232558139536,0.2742487954898456,15.0,0.0,15,15,4.838709677419353,1.7763568394002505e-15,4.838709677419355,4.838709677419355
vertebral,iqr_1.8,robust,euclidean,454.26583142017336,1.1368683772161603e-13,454.26583142017324,454.26583142017324,0.30335447903857077,5.551115123125783e-17,0.3033544790385708,0.3033544790385708,0.28001613803996245,1.1102230246251565e-16,0.28001613803996256,0.28001613803996256,0.35919230965917803,0.0,0.35919230965917803,0.35919230965917803,0.7016949152542373,0.0,0.7016949152542373,0.7016949152542373,0.5084745762711864,0.0,0.5084745762711864,0.5084745762711864,0.5139998943947621,1.1102230246251565e-16,0.513999894394762,0.513999894394762,15.0,0.0,15,15,4.838709677419353,1.7763568394002505e-15,4.838709677419355,4.838709677419355
vertebral,iqr_1.8,robust,manhattan,475.828327577234,1.7053025658242404e-13,475.8283275772342,475.8283275772342,0.319154388800692,0.0,0.319154388800692,0.319154388800692,0.2540005531975302,0.0,0.2540005531975302,0.2540005531975302,0.32637004186414253,5.551115123125783e-17,0.3263700418641425,0.3263700418641425,0.6779661016949154,2.220446049250313e-16,0.6779661016949152,0.6779661016949152,0.4915254237288136,0.0,0.4915254237288136,0.4915254237288136,0.49547216146732675,5.551115123125783e-17,0.4954721614673267,0.4954721614673267,15.0,0.0,15,15,4.838709677419353,1.7763568394002505e-15,4.838709677419355,4.838709677419355
vertebral,iqr_1.8,robust,cosine,492.98911562883785,0.724782654123734,492.55085106149374,494.63563201467895,0.4711189689973936,0.00032716325790849436,0.47061483798058307,0.47169532273139053,0.26570991816232903,0.00038900351910199334,0.2645365795941659,0.26634856174134697,0.2715657513381024,0.00024249811321436492,0.2714213567783843,0.2721932298775158,0.6847457627118648,4.440892098500626e-16,0.6847457627118644,0.6847457627118644,0.5364067796610169,0.0014477394240042702,0.535593220338983,0.5389830508474577,0.498307656395892,2.7755575615628914e-16,0.4983076563958917,0.4983076563958917,15.0,0.0,15,15,4.838709677419353,1.7763568394002505e-15,4.838709677419355,4.838709677419355
vertebral,iqr_1.8,robust,minkowski,457.10095645395796,0.12202849441921536,456.6871376957106,457.13694069380574,0.2983589982207024,0.00028281561085704253,0.29827560044691054,0.29931807261930815,0.29405078032247317,0.0012968422600050762,0.2896529742507651,0.29443319824175224,0.35917205310387545,0.0013030144344376917,0.35475331617030936,0.35955629109809845,0.7115932203389833,0.0009196379638135811,0.7084745762711865,0.711864406779661,0.5322033898305083,2.220446049250313e-16,0.5322033898305085,0.5322033898305085,0.5222833376551023,0.000767220182297648,0.5196815674320743,0.5225095785440613,15.0,0.0,15,15,4.838709677419353,1.7763568394002505e-15,4.838709677419355,4.838709677419355
vertebral,iqr_1.8,robust,chebyshev,485.4362958034494,0.9710633445770587,485.07770689869125,488.06594777167544,0.2774691366005489,0.0001566057381709408,0.2770450462567866,0.2775269671019711,0.2602340490100376,0.00027277673445440524,0.25949536612117136,0.260334778494883,0.31948002811135473,0.0027757132830440534,0.3119633610074521,0.32050502817097787,0.7016949152542373,0.0,0.7016949152542373,0.7016949152542373,0.5258305084745762,0.0011015645294421468,0.5254237288135594,0.5288135593220339,0.516618502691629,1.1424697439176787e-05,0.5165875644647099,0.5166227215407543,15.0,0.0,15,15,4.838709677419353,1.7763568394002505e-15,4.838709677419355,4.838709677419355
vertebral,iqr_1.8,robust,correlation,617.5935250968189,0.29755558367325613,616.8191296814102,618.1511549420813,0.523503646431815,0.0008267489278412483,0.5224477509896305,0.5255638296153927,0.29245696513350805,0.00636518194617462,0.28923638289654957,0.30666661169051507,0.23202465964502975,0.004631603817428301,0.229926470446101,0.24606943367251266,0.6669830508474578,0.005053463092497427,0.6644067796610169,0.6779661016949152,0.6669830508474578,0.005053463092497427,0.6644067796610169,0.6779661016949152,0.6370444982564962,0.004960321108405696,0.6345142956060125,0.6485714285714286,15.0,0.0,15,15,4.838709677419353,1.7763568394002505e-15,4.838709677419355,4.838709677419355
vertebral,iqr_1.8,robust,hamming,1688.6282062650034,67.91639153470848,1529.2690813311065,1755.8773463548582,0.0025026922326024208,0.0008197688411328116,0.0006045915047798122,0.004406134099925965,-0.0023300418968240566,0.0062033587500153605,-0.01096494667838145,0.02495297277493188,0.020610730256288106,0.007363679263431031,0.00487178054536949,0.04550878243733771,0.46250847457627114,0.005258500184316022,0.4576271186440678,0.48135593220338985,0.4538983050847458,0.009264847707604378,0.43728813559322033,0.48135593220338985,0.22376447771684516,0.014067537932396611,0.20930232558139536,0.2742487954898456,15.0,0.0,15,15,4.838709677419353,1.7763568394002505e-15,4.838709677419355,4.838709677419355
vertebral,zscore_robust,none,euclidean,189349.5472001179,0.0,189349.5472001179,189349.5472001179,0.3651849727815984,5.551115123125783e-17,0.36518497278159834,0.36518497278159834,0.30534052285141217,5.551115123125783e-17,0.3053405228514122,0.3053405228514122,0.4175878897758375,4.263892432392673e-17,0.41758788977583744,0.41758788977583755,0.7227722772277225,2.220446049250313e-16,0.7227722772277227,0.7227722772277227,0.5313531353135312,1.1102230246251565e-16,0.5313531353135313,0.5313531353135313,0.531235431235431,1.1102230246251565e-16,0.5312354312354312,0.5312354312354312,7.0,0.0,7,7,2.258064516129032,4.440892098500626e-16,2.2580645161290325,2.2580645161290325
vertebral,zscore_robust,none,manhattan,194325.605,2.9103830456733704e-11,194325.60499999998,194325.60499999998,0.36778489181611573,5.551115123125783e-17,0.3677848918161158,0.3677848918161158,0.2720559234703785,5.551115123125783e-17,0.27205592347037855,0.27205592347037855,0.37353285291480104,1.8783779327167938e-16,0.3735328529148012,0.37353285291480126,0.7062706270627065,2.220446049250313e-16,0.7062706270627063,0.7062706270627063,0.5181518151815182,0.0,0.5181518151815182,0.5181518151815182,0.5183579497260107,1.1102230246251565e-16,0.5183579497260108,0.5183579497260108,7.0,0.0,7,7,2.258064516129032,4.440892098500626e-16,2.2580645161290325,2.2580645161290325
vertebral,zscore_robust,none,cosine,201371.6024855365,22.025289050881067,201262.5472539357,201377.8651056363,0.543389644013308,0.0008044691589535476,0.5407978236600912,0.5436847041901732,0.32364095237158386,0.0031257991534095766,0.3221533970049722,0.33408830877266504,0.4177713242656111,0.0032572507353563016,0.4163809641906215,0.42859717001584585,0.7262376237623767,0.0009762507892903524,0.7227722772277227,0.7293729372937293,0.5307920792079207,0.0016205259006192617,0.5247524752475248,0.5313531353135313,0.5311350228626023,0.0006651045451823897,0.5277239922548848,0.5326527019890864,7.0,0.0,7,7,2.258064516129032,4.440892098500626e-16,2.2580645161290325,2.2580645161290325
vertebral,zscore_robust,none,minkowski,190160.0496887418,0.0,190160.0496887418,190160.0496887418,0.3636766092435564,5.551115123125783e-17,0.36367660924355644,0.36367660924355644,0.3484395118649406,1.6653345369377348e-16,0.34843951186494077,0.34843951186494077,0.45656667965627584,4.0029660424867215e-17,0.4565666796562758,0.45656667965627584,0.7392739273927394,2.220446049250313e-16,0.7392739273927392,0.7392739273927392,0.547854785478548,2.220446049250313e-16,0.5478547854785478,0.5478547854785478,0.5419580890775553,1.1102230246251565e-16,0.5419580890775554,0.5419580890775554,7.0,0.0,7,7,2.258064516129032,4.440892098500626e-16,2.2580645161290325,2.2580645161290325
vertebral,zscore_robust,none,chebyshev,196449.75573904795,514.2828300866183,195862.01812598016,197336.10373430516,0.3570272406222752,0.0017021310823793127,0.3540745253339821,0.35848211330086005,0.36276462746474997,0.01087568425533854,0.3523377151721595,0.37991330302209625,0.47252440675668167,0.013199738024423329,0.4568116862927591,0.4910032176919713,0.7495379537953795,0.003902073305686974,0.7458745874587459,0.7557755775577558,0.5614191419141914,0.0039020733056869704,0.5577557755775577,0.5676567656765676,0.5506308883739459,0.002589694875431052,0.5479112833763997,0.5543831278215753,7.0,0.0,7,7,2.258064516129032,4.440892098500626e-16,2.2580645161290325,2.2580645161290325
vertebral,zscore_robust,none,correlation,227528.12278528325,493.88480176205286,227411.18385991617,230281.82285519264,0.5278639023800359,0.0014008022399525182,0.5257330053831563,0.5308759126089299,0.26354284880960716,0.010924599342748092,0.2550645136902102,0.3086182674716357,0.40677260643552315,0.008672655584849559,0.40018914741365685,0.44265084767289115,0.7062376237623763,0.003381670892509826,0.7029702970297029,0.7194719471947195,0.5313861386138615,0.01821767231009614,0.5247524752475248,0.6105610561056105,0.5221816564947666,0.0028612590199733586,0.5198761986546443,0.5339025143302055,7.0,0.0,7,7,2.258064516129032,4.440892098500626e-16,2.2580645161290325,2.2580645161290325
vertebral,zscore_robust,none,hamming,965316.3335080001,19585.807562670903,895635.7280000001,1013368.5017000001,0.0021660803031733553,0.0008517282870794227,0.0005875881441193229,0.004121466437271867,0.0013770325972342413,0.005977224883261527,-0.011958757433170712,0.017562843342105932,0.018439353556398485,0.006850144896052088,0.008124676544630425,0.037167662138824026,0.47947194719471947,0.004761634005774642,0.47194719471947194,0.49174917491749176,0.475082508250825,0.006523893531607524,0.4521452145214521,0.49174917491749176,0.2362997646865898,0.012708424508134374,0.21375186846038863,0.2767601918978066,7.0,0.0,7,7,2.258064516129032,4.440892098500626e-16,2.2580645161290325,2.2580645161290325
vertebral,zscore_robust,minmax,euclidean,26.666545619967756,0.0003630150161937753,26.666509135585876,26.670157573773693,0.3275625429500129,3.9642681160557433e-05,0.3271681032527331,0.32756652718937934,0.24038880897593579,2.9963497242269204e-05,0.24038579753115527,0.24068694200921423,0.33497427359179577,7.812517343353491e-05,0.33496642171643337,0.3357516092526773,0.67986798679868,1.1102230246251565e-16,0.6798679867986799,0.6798679867986799,0.4917161716171617,0.0003283786921143945,0.4884488448844885,0.49174917491749176,0.4952380952380952,5.551115123125783e-17,0.49523809523809526,0.49523809523809526,7.0,0.0,7,7,2.258064516129032,4.440892098500626e-16,2.2580645161290325,2.2580645161290325
vertebral,zscore_robust,minmax,manhattan,27.54465842546142,0.0,27.54465842546142,27.54465842546142,0.3378059310766681,1.1102230246251565e-16,0.33780593107666823,0.33780593107666823,0.2400178644019765,5.551115123125783e-17,0.24001786440197645,0.24001786440197645,0.3172699301258395,8.063460480619539e-17,0.31726993012583954,0.3172699301258396,0.6765676567656764,1.1102230246251565e-16,0.6765676567656765,0.6765676567656765,0.48514851485148514,0.0,0.48514851485148514,0.48514851485148514,0.49169928954617936,1.6653345369377348e-16,0.49169928954617953,0.49169928954617953,7.0,0.0,7,7,2.258064516129032,4.440892098500626e-16,2.2580645161290325,2.2580645161290325
vertebral,zscore_robust,minmax,cosine,32.273103812463205,0.1290930218771314,32.20491977544033,32.73996519993947,0.4055425279353237,0.0018664693088407131,0.4029767695500152,0.4131217793630089,0.28991676320924176,0.003213681043845765,0.28574393493639316,0.3003113222104405,0.3527539954435452,0.005808646411521601,0.32473819717175767,0.35512577307691856,0.7099669966996699,0.0011696399436745232,0.7062706270627063,0.7128712871287128,0.5453795379537953,0.005163197309294387,0.5313531353135313,0.5643564356435643,0.5172997939344594,0.0010000036528391302,0.5141400787755713,0.5197951893954827,7.0,0.0,7,7,2.258064516129032,4.440892098500626e-16,2.2580645161290325,2.2580645161290325
vertebral,zscore_robust,minmax,minkowski,26.68879351344708,0.029187478282816395,26.666509135585876,26.76757610005344,0.31559461613093015,0.002066223124742178,0.31183292999895673,0.3179660397606467,0.24035017615607188,0.0023990733243316555,0.2337888407203465,0.25478734805241265,0.33384620862849546,0.0029399921371674,0.3266756254158849,0.34776840210671883,0.6784488448844885,0.0018817670350031084,0.6732673267326733,0.6864686468646864,0.4906600660066006,0.0023362513904824442,0.48514851485148514,0.49834983498349833,0.49342513482056505,0.002274301262692407,0.4895896997107118,0.49947710820464764,7.0,0.0,7,7,2.258064516129032,4.440892098500626e-16,2.2580645161290325,2.2580645161290325
vertebral,zscore_robust,minmax,chebyshev,27.878364814128204,0.02106236476606774,27.836415319622986,27.918215397908202,0.2969421605000463,0.0016992039466277161,0.2943744609080199,0.30797907411308717,0.28067757276544325,0.003913910967253073,0.2773754158236423,0.299813287249146,0.3698933085078718,0.003975325903271374,0.36742310812965034,0.40346900270775427,0.7021452145214521,0.0026556892639325053,0.6996699669966997,0.7095709570957096,0.5175577557755775,0.0033455645933925145,0.5148514851485149,0.5379537953795379,0.5113361422036443,0.0020779292934531516,0.5093645166985835,0.518896447467876,7.0,0.0,7,7,2.258064516129032,4.440892098500626e-16,2.2580645161290325,2.2580645161290325
vertebral,zscore_robust,minmax,correlation,33.45896467338939,0.14170124047051655,33.381813387036665,33.758762451464705,0.5484680232753061,0.00020491915157846318,0.5482150163196965,0.5488687874179171,0.2522221373190019,0.006972619075791841,0.23899202933124156,0.26154695365724145,0.3739172218476419,0.005319688921563943,0.36362688376723035,0.38069707899707006,0.6958085808580861,0.0030979183855766356,0.6897689768976898,0.6996699669966997,0.5775907590759076,0.002007241082446885,0.5742574257425742,0.5808580858085809,0.5158918999153141,0.002067055012612493,0.5118601747815231,0.5184648416532475,7.0,0.0,7,7,2.258064516129032,4.440892098500626e-16,2.2580645161290325,2.2580645161290325
vertebral,zscore_robust,minmax,hamming,121.55207268776905,2.5092068379039825,113.30233943675361,128.86653628345067,0.00233530649070489,0.0008200090250531869,0.0005875881441193229,0.004535384161650548,-0.00218050679855651,0.007017602302115854,-0.011958757433170712,0.017562843342105932,0.019905676411061047,0.0065076146025630785,0.008584701700225803,0.04329916341299212,0.4767656765676566,0.004926675368168215,0.47194719471947194,0.49174917491749176,0.46811881188118803,0.009308100949294061,0.4521452145214521,0.4884488448844885,0.22876834351861924,0.014308388360432396,0.21375186846038863,0.26540059387599435,7.0,0.0,7,7,2.258064516129032,4.440892098500626e-16,2.2580645161290325,2.2580645161290325
vertebral,zscore_robust,standard,euclidean,829.6567002176425,0.09095645518074201,829.5302021979571,829.7261371396471,0.3073245453145648,0.00039140665957505745,0.30695999376190913,0.3080785860990024,0.26321552204418874,0.003009429110507073,0.2594940605935169,0.26689629164113743,0.3512737102369601,0.0028973735072754894,0.3470626100655511,0.35574156323437883,0.6952475247524754,0.0015633952847956638,0.693069306930693,0.6963696369636964,0.5038283828382838,0.0015633952847956638,0.5016501650165016,0.504950495049505,0.5064423183241938,0.0010211431073901506,0.5050302174935766,0.507762457930735,7.0,0.0,7,7,2.258064516129032,4.440892098500626e-16,2.2580645161290325,2.2580645161290325
vertebral,zscore_robust,standard,manhattan,846.5790233492744,0.27005228921675895,846.5170691051601,847.7561539874418,0.32372659994964836,3.891831730636781e-06,0.32372570710221577,0.32374356405086746,0.2370701042609351,9.423091446612019e-05,0.2370484862065395,0.2374808472944503,0.31528424626265794,0.0001682095871715154,0.31524565633677276,0.3160174548544732,0.673267326732673,3.3306690738754696e-16,0.6732673267326733,0.6732673267326733,0.47838283828382827,0.0007192902547096909,0.4752475247524752,0.47854785478547857,0.48885563340362354,1.6653345369377348e-16,0.48885563340362337,0.48885563340362337,7.0,0.0,7,7,2.258064516129032,4.440892098500626e-16,2.2580645161290325,2.2580645161290325
vertebral,zscore_robust,standard,cosine,872.2644112117652,1.3331690856454568,869.9128951356399,880.2388034772275,0.5028453891601445,0.0008077936581480387,0.4968769898090887,0.5041681284792012,0.29526539226154175,0.005200703364729598,0.26437359640316793,0.3031745210047658,0.33919717893647605,0.00615913376700737,0.30704560099591366,0.349282708890868,0.7103630363036302,0.003064867793067685,0.6963696369636964,0.7161716171617162,0.5573597359735972,0.004743298804811,0.5313531353135313,0.5643564356435643,0.5196223721699105,0.0025146676703504804,0.5091071356131597,0.5244648524545884,7.0,0.0,7,7,2.258064516129032,4.440892098500626e-16,2.2580645161290325,2.2580645161290325
vertebral,zscore_robust,standard,minkowski,834.5864194032619,1.1368683772161603e-13,834.5864194032617,834.5864194032617,0.29794483471155436,0.0,0.29794483471155436,0.29794483471155436,0.2553809251775024,1.1102230246251565e-16,0.2553809251775025,0.2553809251775025,0.3346913807519979,4.47545209131181e-17,0.33469138075199784,0.33469138075199795,0.6963696369636965,1.1102230246251565e-16,0.6963696369636964,0.6963696369636964,0.4983498349834985,1.6653345369377348e-16,0.49834983498349833,0.49834983498349833,0.5070028011204483,1.1102230246251565e-16,0.5070028011204482,0.5070028011204482,7.0,0.0,7,7,2.258064516129032,4.440892098500626e-16,2.2580645161290325,2.2580645161290325
vertebral,zscore_robust,standard,chebyshev,878.9181661503509,1.1368683772161603e-13,878.9181661503508,878.9181661503508,0.2805026609304164,0.0,0.2805026609304164,0.2805026609304164,0.23166173124024506,0.0,0.23166173124024506,0.23166173124024506,0.2992000157326776,4.370952418903846e-17,0.2992000157326776,0.2992000157326777,0.6864686468646864,0.0,0.6864686468646864,0.6864686468646864,0.5049504950495048,1.1102230246251565e-16,0.504950495049505,0.504950495049505,0.5004901960784313,1.1102230246251565e-16,0.5004901960784314,0.5004901960784314,7.0,0.0,7,7,2.258064516129032,4.440892098500626e-16,2.2580645161290325,2.2580645161290325
vertebral,zscore_robust,standard,correlation,1125.0480401002183,0.0,1125.0480401002183,1125.0480401002183,0.4918719043482387,1.6653345369377348e-16,0.49187190434823885,0.49187190434823885,0.2944626930028454,5.551115123125783e-17,0.29446269300284533,0.29446269300284533,0.26246301031932695,2.1499376424746292e-17,0.2624630103193269,0.26246301031932695,0.6765676567656764,1.1102230246251565e-16,0.6765676567656765,0.6765676567656765,0.66006600660066,1.1102230246251565e-16,0.6600660066006601,0.6600660066006601,0.495597138139791,1.6653345369377348e-16,0.49559713813979084,0.49559713813979084,7.0,0.0,7,7,2.258064516129032,4.440892098500626e-16,2.2580645161290325,2.2580645161290325
vertebral,zscore_robust,standard,hamming,3320.5428642540537,74.5654145596785,3062.7282681780357,3533.3520299354186,0.002331005452417544,0.0008146534293329284,0.0008176668066684993,0.004221671713366579,-0.0026844773621050445,0.006059191498814475,-0.011958757433170712,0.017562843342105932,0.018667134528357263,0.005721408624593978,0.009003286571065276,0.03705844878802306,0.47640264026402634,0.004437072494966589,0.47194719471947194,0.4884488448844885,0.4683168316831683,0.009116321661342002,0.4521452145214521,0.4884488448844885,0.22796489459277147,0.013679541923705246,0.21375186846038863,0.26540059387599435,7.0,0.0,7,7,2.258064516129032,4.440892098500626e-16,2.2580645161290325,2.2580645161290325
vertebral,zscore_robust,robust,euclidean,501.12544916177603,1.1368683772161603e-13,501.12544916177615,501.12544916177615,0.3009237613105822,0.0,0.3009237613105822,0.3009237613105822,0.27332580830513376,1.1102230246251565e-16,0.27332580830513364,0.27332580830513364,0.35261625517833717,5.551115123125783e-17,0.3526162551783371,0.3526162551783371,0.7062706270627065,2.220446049250313e-16,0.7062706270627063,0.7062706270627063,0.5082508250825082,1.1102230246251565e-16,0.5082508250825083,0.5082508250825083,0.514760348583878,0.0,0.514760348583878,0.514760348583878,7.0,0.0,7,7,2.258064516129032,4.440892098500626e-16,2.2580645161290325,2.2580645161290325
vertebral,zscore_robust,robust,manhattan,523.7433240677362,0.37803789875587246,523.4361947122769,524.7459187262552,0.3147763102143293,0.0006168786518543617,0.3137150692791389,0.3158286722112377,0.22711848253491426,0.004962219641789828,0.22301099498968988,0.24444277416677734,0.30141256956579127,0.0036182743821640737,0.29858352412630146,0.3186083382689111,0.6718481848184819,0.0023915440283158182,0.66996699669967,0.6798679867986799,0.48072607260726063,0.0020462046204620366,0.47854785478547857,0.48514851485148514,0.4885958980934909,0.0015335420720402903,0.48738947968870966,0.49373638344226584,7.0,0.0,7,7,2.258064516129032,4.440892098500626e-16,2.2580645161290325,2.2580645161290325
vertebral,zscore_robust,robust,cosine,534.7082712166537,0.4854202257767596,533.2308770785687,535.7386600327454,0.47691260375490074,0.00034193436659086894,0.4761566362924393,0.4772680869255713,0.26577462805021623,0.0025843353676037657,0.26192000132749593,0.2749320809169328,0.27501097932433693,0.002434679538544568,0.2690214457855207,0.28149629452967134,0.6933003300330032,0.0008420693611995529,0.693069306930693,0.6963696369636964,0.5347194719471948,0.0037333137273608623,0.5313531353135313,0.5478547854785478,0.5024574568878244,0.0007252165742840587,0.502252283278002,0.5050999816547422,7.0,0.0,7,7,2.258064516129032,4.440892098500626e-16,2.2580645161290325,2.2580645161290325
vertebral,zscore_robust,robust,minkowski,503.4382109235341,0.03302861547103858,503.4314689856329,503.6000174331634,0.29682088550916286,0.00015387645322963538,0.29678947560967617,0.2975747230968467,0.28299252532863456,0.0009399897353517643,0.2828006507273792,0.2875975157587659,0.34894976057105564,0.0008457237095420651,0.3487771279417429,0.35309294367455923,0.7130033003300327,0.0006467299650912759,0.7128712871287128,0.7161716171617162,0.5314851485148514,0.0006467299650912761,0.5313531353135313,0.5346534653465347,0.5204274097443414,0.0005418532751344186,0.5203168044077136,0.523081937823412,7.0,0.0,7,7,2.258064516129032,4.440892098500626e-16,2.2580645161290325,2.2580645161290325
vertebral,zscore_robust,robust,chebyshev,537.4008510486759,1.1733666365850641,536.7646332935792,541.6656547786881,0.2795758413489135,0.002776049134843179,0.270266724990919,0.29897289657779713,0.23468745910005467,0.0021798223493168104,0.2310147995908791,0.23654264248409576,0.28475914279479897,0.005218908693796116,0.2795044631795376,0.3032928384260384,0.6956765676567658,0.0017018314302777414,0.693069306930693,0.6996699669966997,0.5147194719471946,0.0028741308326174714,0.5115511551155115,0.5247524752475248,0.509798258189551,0.0014434323755992745,0.5076422764227643,0.5152651744303287,7.0,0.0,7,7,2.258064516129032,4.440892098500626e-16,2.2580645161290325,2.2580645161290325
vertebral,zscore_robust,robust,correlation,653.11369310188,1.1368683772161603e-13,653.1136931018801,653.1136931018801,0.5210030446360597,1.1102230246251565e-16,0.5210030446360598,0.5210030446360598,0.2761140719570862,5.551115123125783e-17,0.27611407195708626,0.27611407195708626,0.2380330566147806,8.985264785676209e-17,0.2380330566147805,0.23803305661478055,0.66996699669967,0.0,0.66996699669967,0.66996699669967,0.6534653465346536,1.1102230246251565e-16,0.6534653465346535,0.6534653465346535,0.4903627719618725,1.6653345369377348e-16,0.49036277196187267,0.49036277196187267,7.0,0.0,7,7,2.258064516129032,4.440892098500626e-16,2.2580645161290325,2.2580645161290325
vertebral,zscore_robust,robust,hamming,1853.2724976360396,68.04377048567406,1680.200190342119,1970.2371704348488,0.002228554804205939,0.0007468465187826314,0.0005875881441193229,0.004121466437271867,-0.002253960619120655,0.006026531890729386,-0.011958757433170712,0.017562843342105932,0.01811621625213974,0.006006525876370169,0.0031225892070936814,0.03705844878802306,0.4761386138613861,0.004399601130154417,0.47194719471947194,0.4884488448844885,0.4683828382838284,0.008627443990756175,0.4521452145214521,0.4884488448844885,0.22678431785334793,0.01331952607673351,0.21375186846038863,0.26540059387599435,7.0,0.0,7,7,2.258064516129032,4.440892098500626e-16,2.2580645161290325,2.2580645161290325
vertebral,zscore_robust_2.5,none,euclidean,171058.83129175025,2.9103830456733704e-11,171058.83129175022,171058.83129175022,0.3675334653741411,5.551115123125783e-17,0.36753346537414106,0.36753346537414106,0.3103954865956061,5.551115123125783e-17,0.31039548659560606,0.31039548659560606,0.4171515858184945,8.177303202714501e-17,0.4171515858184944,0.41715158581849443,0.7167235494880546,0.0,0.7167235494880546,0.7167235494880546,0.5460750853242322,1.1102230246251565e-16,0.5460750853242321,0.5460750853242321,0.5312085761523963,1.1102230246251565e-16,0.5312085761523964,0.5312085761523964,17.0,0.0,17,17,5.483870967741935,0.0,5.483870967741935,5.483870967741935
vertebral,zscore_robust_2.5,none,manhattan,178372.93313199998,123.08837361758188,178268.22350000002,178518.288,0.348091135486692,0.0013722250934147316,0.34644602610434816,0.3492425339258481,0.28067672398122784,0.002354943925897477,0.27543173752001754,0.283473314692599,0.36394787883000673,0.0013541761054825733,0.3564484484831108,0.36536846693445946,0.6874061433447096,0.0016786119627792654,0.6860068259385665,0.689419795221843,0.5017064846416383,0.0,0.5017064846416383,0.5017064846416383,0.5032087069725307,0.0010271941347287305,0.5022370059134765,0.5044408431031883,17.0,0.0,17,17,5.483870967741935,0.0,5.483870967741935,5.483870967741935
vertebral,zscore_robust_2.5,none,cosine,182410.36759547476,0.0,182410.36759547476,182410.36759547476,0.5318759123466686,2.220446049250313e-16,0.5318759123466684,0.5318759123466684,0.3337706679842959,5.551115123125783e-17,0.33377066798429583,0.33377066798429583,0.4277246865706198,6.821324464969807e-17,0.42772468657061985,0.4277246865706199,0.7201365187713309,2.220446049250313e-16,0.7201365187713311,0.7201365187713311,0.5255972696245736,2.220446049250313e-16,0.5255972696245734,0.5255972696245734,0.5298762921538723,1.1102230246251565e-16,0.5298762921538722,0.5298762921538722,17.0,0.0,17,17,5.483870967741935,0.0,5.483870967741935,5.483870967741935
vertebral,zscore_robust_2.5,none,minkowski,171522.22911538862,2.9103830456733704e-11,171522.2291153886,171522.2291153886,0.36568423741028255,1.1102230246251565e-16,0.36568423741028244,0.36568423741028244,0.3562081716647328,1.1102230246251565e-16,0.3562081716647329,0.3562081716647329,0.45918226509942117,3.764949453935611e-17,0.45918226509942117,0.4591822650994212,0.733788395904437,1.1102230246251565e-16,0.7337883959044369,0.7337883959044369,0.5631399317406143,1.1102230246251565e-16,0.5631399317406144,0.5631399317406144,0.5424193299366991,0.0,0.5424193299366991,0.5424193299366991,17.0,0.0,17,17,5.483870967741935,0.0,5.483870967741935,5.483870967741935
vertebral,zscore_robust_2.5,none,chebyshev,178588.3233734327,2.9103830456733704e-11,178588.32337343268,178588.32337343268,0.3562320448663376,1.1102230246251565e-16,0.35623204486633747,0.35623204486633747,0.3889483940950978,5.551115123125783e-17,0.38894839409509785,0.38894839409509785,0.48827622636229684,5.551115123125783e-17,0.4882762263622969,0.4882762263622969,0.7508532423208187,3.3306690738754696e-16,0.7508532423208191,0.7508532423208191,0.5802047781569967,1.1102230246251565e-16,0.5802047781569966,0.5802047781569966,0.5551953064690444,0.0,0.5551953064690444,0.5551953064690444,17.0,0.0,17,17,5.483870967741935,0.0,5.483870967741935,5.483870967741935
vertebral,zscore_robust_2.5,none,correlation,208015.72566155903,736.1416122974701,207635.93921293487,210165.44954091683,0.43899827059952484,0.020896498759663228,0.3995748710922828,0.49729905484116055,0.24672840433515617,0.021593140886489344,0.2350343717511711,0.3266966904516873,0.3199039439571634,0.02343383339744372,0.3074591209325998,0.38521240468118584,0.643617747440273,0.0157750083788325,0.6313993174061433,0.689419795221843,0.5376450511945392,0.024731454967728644,0.5017064846416383,0.6245733788395904,0.47263490486054843,0.014837427293299102,0.46105591272160523,0.5117588094687332,17.0,0.0,17,17,5.483870967741935,0.0,5.483870967741935,5.483870967741935
vertebral,zscore_robust_2.5,none,hamming,841514.7848229998,15662.809840825652,779262.5759999999,877730.1172999999,0.002169985669440497,0.0010069174585486266,0.0006040418628243748,0.004431398733939513,0.00015264883966583685,0.005984243419265323,-0.010428313128967569,0.024354364548511913,0.01948214810370665,0.007727225640189287,0.006492684495077102,0.04381564186479453,0.461467576791809,0.005182658755483765,0.4539249146757679,0.4778156996587031,0.45682593856655296,0.007758408137658238,0.43686006825938567,0.4778156996587031,0.23064754610954008,0.012766725379074351,0.2081377151799687,0.27310627792555503,17.0,0.0,17,17,5.483870967741935,0.0,5.483870967741935,5.483870967741935
vertebral,zscore_robust_2.5,minmax,euclidean,27.81593426128419,7.105427357601002e-15,27.815934261284184,27.815934261284184,0.333166226344312,5.551115123125783e-17,0.3331662263443119,0.3331662263443119,0.27300984408367457,1.1102230246251565e-16,0.2730098440836747,0.2730098440836747,0.3748899747639012,1.1102230246251565e-16,0.37488997476390107,0.37488997476390107,0.696245733788396,1.1102230246251565e-16,0.6962457337883959,0.6962457337883959,0.5255972696245736,2.220446049250313e-16,0.5255972696245734,0.5255972696245734,0.5151813271604936,2.220446049250313e-16,0.5151813271604938,0.5151813271604938,17.0,0.0,17,17,5.483870967741935,0.0,5.483870967741935,5.483870967741935
vertebral,zscore_robust_2.5,minmax,manhattan,28.590576249922705,0.0007721622895599764,28.59049864469265,28.5982591676979,0.3429458827798962,0.0001648128025113095,0.34130601610016537,0.3429624470897925,0.2590045879468411,3.269857749342639e-05,0.2586792412086689,0.2590078742775297,0.3333224983145404,5.121409318459664e-05,0.33331735110450805,0.33383207210775534,0.6825938566552903,1.1102230246251565e-16,0.6825938566552902,0.6825938566552902,0.5119112627986349,0.0003395861560090793,0.5085324232081911,0.5119453924914675,0.5021873790166475,1.1102230246251565e-16,0.5021873790166473,0.5021873790166473,17.0,0.0,17,17,5.483870967741935,0.0,5.483870967741935,5.483870967741935
vertebral,zscore_robust_2.5,minmax,cosine,33.52450606645317,0.058158858029548816,33.48967763624111,33.62651126553753,0.4232159939204424,0.0003432903389052468,0.4214262429478522,0.42373096104276337,0.4898057749711313,0.005715468187541965,0.4795281073955667,0.5033307842409747,0.43812058948305466,0.006723933252813074,0.42617983608956816,0.4577529451752625,0.7322525597269626,0.002911044728537876,0.726962457337884,0.7372013651877133,0.6721160409556315,0.005736530304913938,0.6689419795221843,0.6825938566552902,0.5464767442790293,0.0021694890959484386,0.5425395860178469,0.5503997219325686,17.0,0.0,17,17,5.483870967741935,0.0,5.483870967741935,5.483870967741935
vertebral,zscore_robust_2.5,minmax,minkowski,27.90097414526739,0.0019311037652049974,27.900717147398474,27.918530982953932,0.3277889683748103,0.00011319430251942047,0.3268665979140949,0.328444560867181,0.2977948850075868,0.00042070980944560317,0.29774531052358694,0.30190589232806087,0.4043236328894623,0.0002565048346716952,0.40408505861843175,0.40686692876149655,0.7098976109215017,0.0,0.7098976109215017,0.7098976109215017,0.5426962457337885,0.0003395861560090903,0.5426621160409556,0.5460750853242321,0.5261318879113985,5.777658843904489e-05,0.5255570181148415,0.5261376946770205,17.0,0.0,17,17,5.483870967741935,0.0,5.483870967741935,5.483870967741935
vertebral,zscore_robust_2.5,minmax,chebyshev,28.86652986345187,3.552713678800501e-15,28.866529863451866,28.866529863451866,0.30149046229930576,0.0,0.30149046229930576,0.30149046229930576,0.31826014314713713,5.551115123125783e-17,0.3182601431471372,0.3182601431471372,0.40500238445330156,2.0539125955565395e-16,0.40500238445330133,0.4050023844533014,0.7167235494880546,0.0,0.7167235494880546,0.7167235494880546,0.5358361774744028,1.1102230246251565e-16,0.5358361774744027,0.5358361774744027,0.5275038129130658,2.220446049250313e-16,0.5275038129130656,0.5275038129130656,17.0,0.0,17,17,5.483870967741935,0.0,5.483870967741935,5.483870967741935
vertebral,zscore_robust_2.5,minmax,correlation,34.93520545571503,0.18274279491174542,34.68191189364981,35.875346816125244,0.5379343763993915,0.0009906630872630502,0.5340865313484469,0.5393985639768847,0.2756671617753038,0.0074738218468238,0.2513581577163726,0.2859318455635682,0.38853528430197387,0.01021749445444794,0.3255872313419746,0.3979269473674303,0.7011604095563142,0.0021215386031290338,0.689419795221843,0.7030716723549488,0.5848122866894199,0.0068832914778493934,0.5767918088737202,0.5972696245733788,0.5235195633353183,0.0015005738386700412,0.5136188271604939,0.525006758583401,17.0,0.0,17,17,5.483870967741935,0.0,5.483870967741935,5.483870967741935
vertebral,zscore_robust_2.5,minmax,hamming,121.56615760587822,2.4132714340691526,114.32396572696565,127.88158353978768,0.0025375660003809073,0.0009495009294968199,0.0006040418628243748,0.004431398733939513,-0.002313428828805342,0.005938037779679304,-0.01068814715298778,0.0126413577760972,0.021682708466310277,0.006963601022477946,0.006492684495077102,0.037346604397247886,0.45911262798634817,0.005275880917116629,0.4539249146757679,0.47440273037542663,0.45040955631399315,0.0096949355984614,0.4334470989761092,0.4709897610921502,0.22334077520322346,0.013622872759657798,0.2081377151799687,0.2597250702513861,17.0,0.0,17,17,5.483870967741935,0.0,5.483870967741935,5.483870967741935
vertebral,zscore_robust_2.5,standard,euclidean,805.9157634490316,0.044107161529802145,805.896044677186,806.0632271657133,0.297047963174081,0.00044251442090208166,0.2961334149531008,0.29846841567108956,0.2738867614862434,0.0009569203713287695,0.2734997354427365,0.27631310778884477,0.34079558869932414,0.0018583497203131303,0.3394488283857058,0.34543176589239927,0.6928327645051193,1.1102230246251565e-16,0.6928327645051194,0.6928327645051194,0.508703071672355,0.0007438394101605114,0.5085324232081911,0.5119453924914675,0.5085032420565287,3.595917764285471e-05,0.5084887334887335,0.5085923661158428,17.0,0.0,17,17,5.483870967741935,0.0,5.483870967741935,5.483870967741935
vertebral,zscore_robust_2.5,standard,manhattan,820.197451460383,0.591945118058351,819.3345505834365,820.6035224612992,0.3242620673137029,7.1563069890999256e-06,0.32425163529325324,0.3242669764997967,0.23728742211465215,6.46137174210567e-05,0.23719323224514482,0.2373317467591262,0.3130552261601229,0.00035664182394326495,0.31253533583034715,0.3132998804329586,0.665529010238908,1.1102230246251565e-16,0.6655290102389079,0.6655290102389079,0.4857337883959043,0.001592068776749568,0.48464163822525597,0.4880546075085324,0.48760683760683776,1.1102230246251565e-16,0.48760683760683765,0.48760683760683765,17.0,0.0,17,17,5.483870967741935,0.0,5.483870967741935,5.483870967741935
vertebral,zscore_robust_2.5,standard,cosine,858.7262264811033,0.6349139783982243,857.0313482352167,858.9814364745023,0.5005386628465724,0.001197934708629336,0.5000565115301805,0.503758984390909,0.30557598063736335,0.004365901465203385,0.30384360008346123,0.3186584858101755,0.3366467138813844,0.0014201124708704976,0.3318680068598031,0.33775695414396206,0.7066894197952217,0.0008105352960435558,0.7064846416382252,0.7098976109215017,0.5637542662116042,0.010001572404886498,0.5597269624573379,0.590443686006826,0.5200633995733225,0.0006331120817208857,0.5197299499476196,0.5225610376768602,17.0,0.0,17,17,5.483870967741935,0.0,5.483870967741935,5.483870967741935
vertebral,zscore_robust_2.5,standard,minkowski,812.5233790242985,0.017898177307648963,812.421605679981,812.5265266535043,0.29538416430264064,0.00037508310986118847,0.29531820101873346,0.2975169771489701,0.26348762250026087,0.00038602093315354244,0.2634197356566833,0.2656826304425983,0.3399952619997583,0.0005347526347802432,0.3399012187359037,0.34303599419772357,0.6928327645051193,1.1102230246251565e-16,0.6928327645051194,0.6928327645051194,0.512047781569966,0.0005822089457075848,0.5119453924914675,0.515358361774744,0.5082226552256683,7.631807242129917e-06,0.5082213130722774,0.5082660515186467,17.0,0.0,17,17,5.483870967741935,0.0,5.483870967741935,5.483870967741935
vertebral,zscore_robust_2.5,standard,chebyshev,857.4745430827967,0.9936926158591954,854.779684517101,861.6376167086871,0.2769259752494151,0.0004617368439105558,0.2761800960799948,0.27748795207015775,0.2589165992424702,0.004533755605321038,0.24701436837982788,0.26294467178446157,0.322901740815309,0.0042695302391130285,0.3113670925970082,0.3264650797275935,0.6934470989761091,0.00295098516330613,0.6860068259385665,0.6962457337883959,0.5194539249146756,0.003014252855402013,0.5119453924914675,0.5255972696245734,0.5098848803328553,0.002464733194063021,0.5036524413687044,0.5122127587294655,17.0,0.0,17,17,5.483870967741935,0.0,5.483870967741935,5.483870967741935
vertebral,zscore_robust_2.5,standard,correlation,1087.965146587421,6.126489318098007,1050.5178186872104,1091.410188454013,0.49281317113851375,0.013958931107838956,0.41938378238647916,0.4986137340108994,0.35153152740074994,0.052616429034365024,0.272105868878528,0.41770784092691116,0.2938374152010527,0.03002624125353892,0.25465437797367796,0.3809260575292328,0.7063139931740616,0.029515278641524246,0.6621160409556314,0.7303754266211604,0.6929351535836179,0.04390531291045228,0.6313993174061433,0.7303754266211604,0.6190321714569262,0.09849166897460016,0.48753165789986364,0.7008891548685131,17.0,0.0,17,17,5.483870967741935,0.0,5.483870967741935,5.483870967741935
vertebral,zscore_robust_2.5,standard,hamming,3112.4927585928303,75.53634082814236,2869.6989494217696,3315.2097219457246,0.002448086339296217,0.0009329286113766542,0.0005060609626927018,0.004431398733939513,-0.002588506461937925,0.005306235254383059,-0.01068814715298778,0.01069152028193662,0.0207500299729571,0.007033081394892812,0.009076139868142966,0.037346604397247886,0.45890784982935157,0.0052302014346731944,0.4539249146757679,0.47440273037542663,0.45058020477815697,0.009507187231043466,0.4334470989761092,0.4709897610921502,0.22285593137231313,0.013798869173654103,0.2081377151799687,0.2597250702513861,17.0,0.0,17,17,5.483870967741935,0.0,5.483870967741935,5.483870967741935
vertebral,zscore_robust_2.5,robust,euclidean,469.6879747183395,5.684341886080802e-14,469.68797471833943,469.68797471833943,0.2936989392004527,5.551115123125783e-17,0.29369893920045276,0.29369893920045276,0.2731970983982188,0.0,0.2731970983982188,0.2731970983982188,0.3180448205235886,3.9642891350404606e-17,0.31804482052358857,0.3180448205235887,0.6996587030716725,2.220446049250313e-16,0.6996587030716723,0.6996587030716723,0.5119453924914676,1.1102230246251565e-16,0.5119453924914675,0.5119453924914675,0.514551940016015,1.1102230246251565e-16,0.5145519400160151,0.5145519400160151,17.0,0.0,17,17,5.483870967741935,0.0,5.483870967741935,5.483870967741935
vertebral,zscore_robust_2.5,robust,manhattan,487.8357497179479,0.21836694786830577,487.67439000450884,488.42093959149827,0.315418288138318,0.0003776369476065512,0.31485535813615817,0.31601423175339866,0.23384950457944548,0.005574499215602806,0.2300055431520582,0.2450133027858734,0.30213349846517745,0.007720199646663584,0.2965392876944868,0.316237252853454,0.6672696245733789,0.002530895650711581,0.6655290102389079,0.6723549488054608,0.4920136518771331,0.0013410841436442644,0.49146757679180886,0.49829351535836175,0.48929943896480765,0.0016411291158460724,0.4881706340540147,0.492596426263127,17.0,0.0,17,17,5.483870967741935,0.0,5.483870967741935,5.483870967741935
vertebral,zscore_robust_2.5,robust,cosine,503.168783688583,0.0,503.168783688583,503.168783688583,0.47295499435888383,1.6653345369377348e-16,0.47295499435888366,0.47295499435888366,0.25567655819261265,0.0,0.25567655819261265,0.25567655819261265,0.2631195167442131,6.911082593979285e-17,0.2631195167442131,0.2631195167442132,0.6791808873720135,1.1102230246251565e-16,0.6791808873720137,0.6791808873720137,0.5358361774744028,1.1102230246251565e-16,0.5358361774744027,0.5358361774744027,0.4953660637381569,1.6653345369377348e-16,0.4953660637381567,0.4953660637381567,17.0,0.0,17,17,5.483870967741935,0.0,5.483870967741935,5.483870967741935
vertebral,zscore_robust_2.5,robust,minkowski,470.2732202365623,0.07235756351119886,470.2509072590901,470.5655204237465,0.28778131945730095,0.0010675402412217377,0.28630863857714156,0.29070184282543904,0.29202726243494487,0.0019141528726336714,0.2853855609919592,0.29329139400855536,0.3367312431580433,0.0015468000531596363,0.3304933546003056,0.337907134697929,0.7118088737201365,0.0019498780692266944,0.7064846416382252,0.7133105802047781,0.5210238907849828,0.0016872637671410866,0.5187713310580204,0.5255972696245734,0.5244042631957361,0.0018431305318563397,0.5196573730314722,0.5263351375405705,17.0,0.0,17,17,5.483870967741935,0.0,5.483870967741935,5.483870967741935
vertebral,zscore_robust_2.5,robust,chebyshev,511.3475401586182,2.667300392202785,506.2042461095716,515.395958123134,0.27659290669306286,0.007124809952960085,0.2701701055887996,0.29573422102743807,0.2396571661403619,0.005783074182812347,0.20977702589736008,0.26253761567745076,0.2767175911662872,0.008949388879940085,0.2536236468390268,0.2980228036674735,0.6902389078498292,0.0028603859166903647,0.6791808873720137,0.6996587030716723,0.5283276450511944,0.005812077257995363,0.5119453924914675,0.5494880546075085,0.5095936184233523,0.0028370969191001856,0.5046071401033233,0.5172633530297763,17.0,0.0,17,17,5.483870967741935,0.0,5.483870967741935,5.483870967741935
vertebral,zscore_robust_2.5,robust,correlation,606.6386036797725,0.16781874605289854,606.2836765356308,607.3479720317924,0.5312252154287083,0.0008918322405397092,0.5299059230338261,0.533257330248997,0.3144677363488964,0.012123856941647315,0.30386735869827913,0.3422199612895374,0.25301786240238416,0.0008858593632257279,0.24970772243380632,0.2549306750597876,0.6818771331058022,0.00628014170625697,0.6757679180887372,0.6962457337883959,0.6818771331058022,0.00628014170625697,0.6757679180887372,0.6962457337883959,0.6499033988480947,0.003748101735436369,0.6454043812202241,0.6584658950997291,17.0,0.0,17,17,5.483870967741935,0.0,5.483870967741935,5.483870967741935
vertebral,zscore_robust_2.5,robust,hamming,1661.80753163348,67.08443920825148,1502.815493909958,1775.1758597766961,0.002290090952883463,0.0008855418363167316,0.0005060609626927018,0.004257967677645047,-0.002126101447373882,0.005521703404909739,-0.01068814715298778,0.0126413577760972,0.019611885910456782,0.0067075930413512085,0.006492684495077102,0.03639743879413823,0.45894197952218435,0.005319307252366106,0.4539249146757679,0.47440273037542663,0.4513310580204778,0.009496644526655938,0.4334470989761092,0.4709897610921502,0.22302503161350717,0.013994159941066259,0.2081377151799687,0.2597250702513861,17.0,0.0,17,17,5.483870967741935,0.0,5.483870967741935,5.483870967741935
vertebral,zscore_robust_3.5,none,euclidean,201829.29094520173,2.9103830456733704e-11,201829.29094520176,201829.29094520176,0.3680569710471543,0.0,0.3680569710471543,0.3680569710471543,0.3073074147421734,5.551115123125783e-17,0.30730741474217343,0.30730741474217343,0.4191570295697026,1.1102230246251565e-16,0.4191570295697027,0.4191570295697027,0.725490196078431,3.3306690738754696e-16,0.7254901960784313,0.7254901960784313,0.5359477124183005,1.1102230246251565e-16,0.5359477124183006,0.5359477124183006,0.5318580962416578,1.1102230246251565e-16,0.5318580962416579,0.5318580962416579,4.0,0.0,4,4,1.2903225806451615,2.220446049250313e-16,1.2903225806451613,1.2903225806451613
vertebral,zscore_robust_3.5,none,manhattan,206975.8733285,60.45174584353457,206888.0276,207073.72615,0.36698926621655503,0.0007379856761571762,0.366494649057604,0.3680966701249964,0.2735391353092219,0.0007922522481235603,0.26965807954262655,0.27370560426901386,0.37605705443224396,0.0009166680319300005,0.3716819599514821,0.37637130820680503,0.7090196078431373,0.0006403894752374298,0.7058823529411765,0.7091503267973857,0.513954248366013,0.0014508479006812931,0.5130718954248366,0.5163398692810458,0.5190227824234905,0.0005355341289974088,0.5163992117117117,0.5191320978698147,4.0,0.0,4,4,1.2903225806451615,2.220446049250313e-16,1.2903225806451613,1.2903225806451613
vertebral,zscore_robust_3.5,none,cosine,214652.00787563092,277.8406551618008,214417.77124840234,214996.9049648369,0.5462281868041818,0.0017905657312425555,0.5447053699786775,0.5483657996812162,0.33361421131521146,0.0012956429639715656,0.331051288036627,0.33523217500614455,0.43790379462249723,0.0017210380640468443,0.4355228462846244,0.4401255672711667,0.7332352941176468,0.0015777918568070164,0.7320261437908496,0.7352941176470589,0.5278758169934641,0.0019308720583950845,0.5228758169934641,0.5294117647058824,0.535728114054857,0.0013263403027778686,0.5347116651464477,0.5374588243583646,4.0,0.0,4,4,1.2903225806451615,2.220446049250313e-16,1.2903225806451613,1.2903225806451613
vertebral,zscore_robust_3.5,none,minkowski,202484.1847054904,2.9103830456733704e-11,202484.18470549036,202484.18470549036,0.3630153979465103,5.551115123125783e-17,0.3630153979465102,0.3630153979465102,0.3492757102398739,5.551115123125783e-17,0.34927571023987397,0.34927571023987397,0.45829161430812915,3.0907300956506524e-17,0.45829161430812915,0.4582916143081292,0.7418300653594773,1.1102230246251565e-16,0.7418300653594772,0.7418300653594772,0.5457516339869282,1.1102230246251565e-16,0.545751633986928,0.545751633986928,0.5424440483264013,0.0,0.5424440483264013,0.5424440483264013,4.0,0.0,4,4,1.2903225806451615,2.220446049250313e-16,1.2903225806451613,1.2903225806451613
vertebral,zscore_robust_3.5,none,chebyshev,209281.13706735565,619.5992365772024,208393.2170546644,210238.22212838603,0.35266676999547825,0.002015686155583756,0.3502285179458505,0.3569341130920236,0.3727468030653472,0.011667217295888219,0.35249993392155704,0.3906487380017245,0.4798105420485097,0.012880353985945418,0.4587021396084328,0.5108370850061268,0.755718954248366,0.004270305341624815,0.7483660130718954,0.761437908496732,0.5603267973856207,0.0044189000637608646,0.5522875816993464,0.5686274509803921,0.5532865391100918,0.0027948213200214437,0.5483836945630965,0.5577703949796973,4.0,0.0,4,4,1.2903225806451615,2.220446049250313e-16,1.2903225806451613,1.2903225806451613
vertebral,zscore_robust_3.5,none,correlation,237200.58030307226,1017.8608776147336,234844.73651317303,240559.05529275085,0.5272551394527264,0.0033234676956359448,0.5217611397689585,0.5362908387758004,0.26962512004561445,0.02568441283421911,0.2433788716843642,0.32699680961886535,0.4106073826183707,0.01908185538389917,0.3903017322743172,0.44909954152080267,0.7087581699346405,0.008127734147299273,0.6993464052287581,0.7254901960784313,0.5649673202614379,0.028006669411904314,0.5294117647058824,0.6176470588235294,0.5238379566539401,0.006432722296703015,0.5163752209910903,0.5362318840579711,4.0,0.0,4,4,1.2903225806451615,2.220446049250313e-16,1.2903225806451613,1.2903225806451613
vertebral,zscore_robust_3.5,none,hamming,1029634.2584330002,16907.676783313233,957529.7477000001,1065750.0729,0.002202482005150914,0.0009040691317567326,0.000577370316390193,0.004197585708834536,0.0005152136519424842,0.005932669925125544,-0.012288879084198687,0.014214620527819653,0.018423111283070198,0.0067609219778427465,0.006022263547789977,0.03810312930841885,0.48401960784313725,0.004596007606137457,0.477124183006536,0.49673202614379086,0.4792156862745097,0.007047315722449166,0.45751633986928103,0.4934640522875817,0.23696215918613078,0.01204902861373754,0.2153392330383481,0.26820526539627665,4.0,0.0,4,4,1.2903225806451615,2.220446049250313e-16,1.2903225806451613,1.2903225806451613
vertebral,zscore_robust_3.5,minmax,euclidean,25.283966120272133,0.0030580607801618635,25.28210915820037,25.28916685561383,0.3191175437837947,0.0006294213255113541,0.31802068013032636,0.31949746035714444,0.240855236633328,0.0012664922111657012,0.23802537888567438,0.24417945768806412,0.32888455203104433,0.0008452930984822151,0.32745863815036796,0.3339634842179049,0.6816339869281046,0.0024533757358331234,0.6764705882352942,0.6830065359477124,0.4855555555555554,0.0024533757358331234,0.4803921568627451,0.4869281045751634,0.49319718853946026,0.0024470271272468065,0.48814707305273347,0.49461503157012937,4.0,0.0,4,4,1.2903225806451615,2.220446049250313e-16,1.2903225806451613,1.2903225806451613
vertebral,zscore_robust_3.5,minmax,manhattan,26.016527656078214,0.0023918381833485415,26.009724186370622,26.017368534356685,0.33321366808355224,0.0010338972864866074,0.330272796531979,0.3335771465899266,0.25132654824791395,0.0016910717888295266,0.24651637514809177,0.2519210640242965,0.33170960295159985,0.002427635993247185,0.32480430808002,0.33256306636269395,0.6855555555555557,0.0020450310911322824,0.6797385620915033,0.6862745098039216,0.4858496732026144,0.003067546636698423,0.477124183006536,0.4869281045751634,0.49762971646522147,0.002021258894874799,0.4918803418803419,0.4983403133240267,4.0,0.0,4,4,1.2903225806451615,2.220446049250313e-16,1.2903225806451613,1.2903225806451613
vertebral,zscore_robust_3.5,minmax,cosine,29.751585938685892,7.105427357601002e-15,29.7515859386859,29.7515859386859,0.4415558383343052,1.1102230246251565e-16,0.4415558383343053,0.4415558383343053,0.3013800996428948,0.0,0.3013800996428948,0.3013800996428948,0.3365112469061988,0.0,0.3365112469061988,0.3365112469061988,0.7124183006535948,0.0,0.7124183006535948,0.7124183006535948,0.568627450980392,1.1102230246251565e-16,0.5686274509803921,0.5686274509803921,0.5177427030104113,0.0,0.5177427030104113,0.5177427030104113,4.0,0.0,4,4,1.2903225806451615,2.220446049250313e-16,1.2903225806451613,1.2903225806451613
vertebral,zscore_robust_3.5,minmax,minkowski,25.357390196154093,0.0012446013010177777,25.354820416066456,25.357992984075892,0.30656366984072847,0.0014382325788135921,0.30586710201091116,0.30953324848363417,0.24225081497425474,0.0024415221792939835,0.24106833181337078,0.2472919273969706,0.331690457428389,0.002075429352437904,0.33068528111597384,0.33597568276026335,0.6783333333333331,0.00384608730312411,0.6764705882352942,0.6862745098039216,0.48552287581699344,0.0038460873031241315,0.48366013071895425,0.4934640522875817,0.48927144120247557,0.003954226627827376,0.4873563218390804,0.49743589743589745,4.0,0.0,4,4,1.2903225806451615,2.220446049250313e-16,1.2903225806451613,1.2903225806451613
vertebral,zscore_robust_3.5,minmax,chebyshev,26.161822684125944,0.0,26.161822684125944,26.161822684125944,0.28420370283554425,0.0,0.28420370283554425,0.28420370283554425,0.2502730394335116,5.551115123125783e-17,0.25027303943351153,0.25027303943351153,0.33339154084723455,5.551115123125783e-17,0.3333915408472345,0.3333915408472345,0.6895424836601309,2.220446049250313e-16,0.6895424836601307,0.6895424836601307,0.49346405228758156,1.6653345369377348e-16,0.4934640522875817,0.4934640522875817,0.4974009096816115,5.551115123125783e-17,0.49740090968161144,0.49740090968161144,4.0,0.0,4,4,1.2903225806451615,2.220446049250313e-16,1.2903225806451613,1.2903225806451613
vertebral,zscore_robust_3.5,minmax,correlation,30.679392673971265,0.0,30.679392673971265,30.679392673971265,0.5502067775755206,1.1102230246251565e-16,0.5502067775755207,0.5502067775755207,0.23953307190135173,0.0,0.23953307190135173,0.23953307190135173,0.34345613293460375,2.989366980140908e-17,0.3434561329346037,0.34345613293460375,0.6928104575163401,2.220446049250313e-16,0.6928104575163399,0.6928104575163399,0.5784313725490196,1.1102230246251565e-16,0.5784313725490197,0.5784313725490197,0.5123115632862925,1.1102230246251565e-16,0.5123115632862926,0.5123115632862926,4.0,0.0,4,4,1.2903225806451615,2.220446049250313e-16,1.2903225806451613,1.2903225806451613
vertebral,zscore_robust_3.5,minmax,hamming,112.21504054075551,1.9386277512894354,105.91113885811365,118.05882520827059,0.0024352945430480403,0.0009089344532641196,0.000577370316390193,0.00448642197212918,-0.00475700458018119,0.005419651012726704,-0.015373974386161466,0.009151997032332227,0.01925134650634974,0.006504295669564394,0.007230039855667324,0.04440171730919272,0.48026143790849674,0.004053341629729048,0.477124183006536,0.49673202614379086,0.4705882352941176,0.008267392575603614,0.4542483660130719,0.49019607843137253,0.2253737442965137,0.012330918145381642,0.2153392330383481,0.2609275942609276,4.0,0.0,4,4,1.2903225806451615,2.220446049250313e-16,1.2903225806451613,1.2903225806451613
vertebral,zscore_robust_3.5,standard,euclidean,839.2664742156044,0.016729360919511962,839.2487263584387,839.2895180963485,0.30571464913600904,0.0008787389119925359,0.30487122752717355,0.3070169350863312,0.2535505397894482,0.00863592300724484,0.24526141641677152,0.26628284691627147,0.3416118292409635,0.008382137493387612,0.3335644815562757,0.35351745058622946,0.6893137254901961,0.006572690838263822,0.6830065359477124,0.6993464052287581,0.4899673202614379,0.006572690838263849,0.48366013071895425,0.5,0.4993050152590099,0.005684838700192444,0.49384967460487733,0.5079534346396516,4.0,0.0,4,4,1.2903225806451615,2.220446049250313e-16,1.2903225806451613,1.2903225806451613
vertebral,zscore_robust_3.5,standard,manhattan,857.889157980084,0.06618891344690798,857.5648998509356,857.9026687354651,0.3241257117700389,2.0322377238644154e-05,0.3241215634821559,0.3242252706792289,0.23933236455889165,0.001432911866709466,0.23231255871925743,0.23962485646887646,0.31821788718169736,0.0013450689672030625,0.31162842190469764,0.3184924482349057,0.6763398692810457,0.0006403894752374299,0.673202614379085,0.6764705882352942,0.47385620915032683,5.551115123125783e-17,0.4738562091503268,0.4738562091503268,0.48972138069984744,0.00040695488774571305,0.4877277170532302,0.48980445001845646,4.0,0.0,4,4,1.2903225806451615,2.220446049250313e-16,1.2903225806451613,1.2903225806451613
vertebral,zscore_robust_3.5,standard,cosine,884.2176509291799,0.5177054458963858,882.254564140096,884.5500260603002,0.5064577895164608,0.0008238257881180245,0.5033407313037266,0.5070224694176776,0.29671595822556984,0.0013739279658253425,0.29043464484721127,0.29735295879962753,0.34120361290715434,0.0006719774486965916,0.33964907506049713,0.34207885609016914,0.7124183006535948,0.0,0.7124183006535948,0.7124183006535948,0.5568954248366014,0.0033357353898051416,0.5424836601307189,0.5588235294117647,0.5197290813418692,1.1102230246251565e-16,0.5197290813418691,0.5197290813418691,4.0,0.0,4,4,1.2903225806451615,2.220446049250313e-16,1.2903225806451613,1.2903225806451613
vertebral,zscore_robust_3.5,standard,minkowski,843.1133728418667,1.1368683772161603e-13,843.1133728418669,843.1133728418669,0.29782076305576183,5.551115123125783e-17,0.2978207630557619,0.2978207630557619,0.24922474838335135,2.7755575615628914e-17,0.24922474838335137,0.24922474838335137,0.33047159430445766,5.551115123125783e-17,0.3304715943044576,0.3304715943044577,0.6928104575163401,2.220446049250313e-16,0.6928104575163399,0.6928104575163399,0.49346405228758156,1.6653345369377348e-16,0.4934640522875817,0.4934640522875817,0.5023242508760638,0.0,0.5023242508760638,0.5023242508760638,4.0,0.0,4,4,1.2903225806451615,2.220446049250313e-16,1.2903225806451613,1.2903225806451613
vertebral,zscore_robust_3.5,standard,chebyshev,882.2643602829553,2.2737367544323206e-13,882.2643602829555,882.2643602829555,0.28002247185708296,1.1102230246251565e-16,0.28002247185708284,0.28002247185708284,0.23257400812777715,2.7755575615628914e-17,0.23257400812777712,0.23257400812777712,0.30208040894222704,4.4408920985006264e-17,0.30208040894222704,0.3020804089422271,0.6862745098039217,1.1102230246251565e-16,0.6862745098039216,0.6862745098039216,0.4967320261437908,5.551115123125783e-17,0.49673202614379086,0.49673202614379086,0.49807782466010303,1.1102230246251565e-16,0.49807782466010314,0.49807782466010314,4.0,0.0,4,4,1.2903225806451615,2.220446049250313e-16,1.2903225806451613,1.2903225806451613
vertebral,zscore_robust_3.5,standard,correlation,1128.0504514633644,2.2737367544323206e-13,1128.0504514633642,1128.0504514633642,0.48685655254001864,5.551115123125783e-17,0.4868565525400187,0.4868565525400187,0.27306418304697416,5.551115123125783e-17,0.2730641830469742,0.2730641830469742,0.24218545970832228,5.551115123125783e-17,0.24218545970832223,0.24218545970832223,0.6797385620915033,0.0,0.6797385620915033,0.6797385620915033,0.6372549019607843,0.0,0.6372549019607843,0.6372549019607843,0.4964010386535174,1.1102230246251565e-16,0.49640103865351753,0.49640103865351753,4.0,0.0,4,4,1.2903225806451615,2.220446049250313e-16,1.2903225806451613,1.2903225806451613
vertebral,zscore_robust_3.5,standard,hamming,3354.210921775047,61.62070707450189,3150.6272494916,3547.709703365793,0.002233408610871207,0.0008433265661922511,0.000577370316390193,0.004305386922068159,-0.0031318446987906646,0.005392438707918236,-0.012288879084198687,0.009151997032332227,0.01751337687177096,0.005551940272621388,0.007230039855667324,0.03697642377357505,0.48094771241830064,0.004160863573913591,0.477124183006536,0.4934640522875817,0.4735294117647058,0.008490445135141559,0.45751633986928103,0.49019607843137253,0.22794938110410456,0.01293381335110755,0.2153392330383481,0.2562833324703568,4.0,0.0,4,4,1.2903225806451615,2.220446049250313e-16,1.2903225806451613,1.2903225806451613
vertebral,zscore_robust_3.5,robust,euclidean,509.9649186829718,1.1368683772161603e-13,509.9649186829719,509.9649186829719,0.3000851205391443,5.551115123125783e-17,0.3000851205391444,0.3000851205391444,0.2713232230656715,5.551115123125783e-17,0.2713232230656716,0.2713232230656716,0.3520646858445954,5.551115123125783e-17,0.35206468584459544,0.35206468584459544,0.7058823529411764,1.1102230246251565e-16,0.7058823529411765,0.7058823529411765,0.5032679738562092,1.1102230246251565e-16,0.5032679738562091,0.5032679738562091,0.5128218838700479,1.1102230246251565e-16,0.5128218838700478,0.5128218838700478,4.0,0.0,4,4,1.2903225806451615,2.220446049250313e-16,1.2903225806451613,1.2903225806451613
vertebral,zscore_robust_3.5,robust,manhattan,532.0684332467962,1.1368683772161603e-13,532.0684332467963,532.0684332467963,0.3177933484135935,5.551115123125783e-17,0.31779334841359347,0.31779334841359347,0.24071054067865835,0.0,0.24071054067865835,0.24071054067865835,0.33391847680225467,8.063460480619539e-17,0.3339184768022547,0.3339184768022548,0.6797385620915033,0.0,0.6797385620915033,0.6797385620915033,0.48039215686274495,1.6653345369377348e-16,0.4803921568627451,0.4803921568627451,0.4925707017473638,0.0,0.4925707017473638,0.4925707017473638,4.0,0.0,4,4,1.2903225806451615,2.220446049250313e-16,1.2903225806451613,1.2903225806451613
vertebral,zscore_robust_3.5,robust,cosine,548.5455286055056,2.2737367544323206e-13,548.5455286055054,548.5455286055054,0.48173561575592394,5.551115123125783e-17,0.4817356157559239,0.4817356157559239,0.2678531070470572,1.1102230246251565e-16,0.26785310704705734,0.26785310704705734,0.2773897540362258,5.551115123125783e-17,0.27738975403622584,0.27738975403622584,0.6960784313725493,3.3306690738754696e-16,0.696078431372549,0.696078431372549,0.5359477124183005,1.1102230246251565e-16,0.5359477124183006,0.5359477124183006,0.5031703327159408,1.1102230246251565e-16,0.5031703327159409,0.5031703327159409,4.0,0.0,4,4,1.2903225806451615,2.220446049250313e-16,1.2903225806451613,1.2903225806451613
vertebral,zscore_robust_3.5,robust,minkowski,511.59688666330936,2.8421709430404007e-13,511.5968866633091,511.5968866633091,0.2969597054046561,5.551115123125783e-17,0.29695970540465605,0.29695970540465605,0.2840975933168591,0.0,0.2840975933168591,0.2840975933168591,0.35170314268048436,4.611102534756203e-17,0.3517031426804843,0.35170314268048436,0.715686274509804,1.1102230246251565e-16,0.7156862745098039,0.7156862745098039,0.5261437908496732,0.0,0.5261437908496732,0.5261437908496732,0.5211232560206167,1.1102230246251565e-16,0.5211232560206168,0.5211232560206168,4.0,0.0,4,4,1.2903225806451615,2.220446049250313e-16,1.2903225806451613,1.2903225806451613
vertebral,zscore_robust_3.5,robust,chebyshev,549.123455245196,2.2737367544323206e-13,549.1234552451963,549.1234552451963,0.2737534282592961,1.1102230246251565e-16,0.273753428259296,0.273753428259296,0.23823664458724447,0.0,0.23823664458724447,0.23823664458724447,0.2920892246179956,1.1102230246251565e-16,0.29208922461799547,0.29208922461799547,0.7026143790849672,1.1102230246251565e-16,0.7026143790849673,0.7026143790849673,0.5359477124183005,1.1102230246251565e-16,0.5359477124183006,0.5359477124183006,0.5138023508692344,1.1102230246251565e-16,0.5138023508692345,0.5138023508692345,4.0,0.0,4,4,1.2903225806451615,2.220446049250313e-16,1.2903225806451613,1.2903225806451613
vertebral,zscore_robust_3.5,robust,correlation,678.8582770143081,0.24403159339623515,678.4465823470816,679.0029264919821,0.5173774524777665,0.00010896214149643924,0.5173128652797141,0.5175612775799154,0.2624400455797354,0.005039276208090331,0.2594530197556967,0.27094158061738377,0.22599812595675062,0.002338961054357173,0.2246117091813476,0.22994408139443603,0.6707843137254906,0.0014334452417949003,0.6699346405228758,0.673202614379085,0.6430718954248364,0.004300335725384603,0.6405228758169934,0.6503267973856209,0.49001188583657407,0.0013151265891397778,0.48923234589444237,0.49223057644110274,4.0,0.0,4,4,1.2903225806451615,2.220446049250313e-16,1.2903225806451613,1.2903225806451613
vertebral,zscore_robust_3.5,robust,hamming,1901.7215383059643,64.41960807457514,1737.3110268282485,2011.040541610211,0.002225590750719192,0.0008906086781964517,0.000577370316390193,0.004305386922068159,-0.002330550876516547,0.0061431587604079225,-0.012288879084198687,0.015259560108797381,0.01803954306890374,0.006600742443073624,0.005570717889878189,0.04440171730919272,0.4812745098039216,0.00447736271488996,0.477124183006536,0.49673202614379086,0.4738562091503267,0.008658589084635147,0.45751633986928103,0.4934640522875817,0.22863301339996106,0.01326172493907792,0.2153392330383481,0.2562833324703568,4.0,0.0,4,4,1.2903225806451615,2.220446049250313e-16,1.2903225806451613,1.2903225806451613
