dataset,outlier_method,norm,metric,inertia_mean,inertia_std,inertia_min,inertia_max,silhouette_mean,silhouette_std,silhouette_min,silhouette_max,ari_mean,ari_std,ari_min,ari_max,nmi_mean,nmi_std,nmi_min,nmi_max,acc_mean,acc_std,acc_min,acc_max,hungarian_acc_mean,hungarian_acc_std,hungarian_acc_min,hungarian_acc_max,macro_f1_mean,macro_f1_std,macro_f1_min,macro_f1_max,removed_count_mean,removed_count_std,removed_count_min,removed_count_max,removed_pct_mean,removed_pct_std,removed_pct_min,removed_pct_max
wine,none,none,euclidean,2370689.6867829673,9.313225746154785e-10,2370689.686782968,2370689.686782968,0.571138193786884,0.0,0.571138193786884,0.571138193786884,0.37111371823084743,1.1102230246251565e-16,0.37111371823084754,0.37111371823084754,0.42875685976453537,1.3218183103392464e-16,0.42875685976453537,0.4287568597645356,0.7022471910112361,1.1102230246251565e-16,0.702247191011236,0.702247191011236,0.7022471910112361,1.1102230246251565e-16,0.702247191011236,0.702247191011236,0.7031609899534428,0.0,0.7031609899534428,0.7031609899534428,0.0,0.0,0,0,0.0,0.0,0.0,0.0
wine,none,none,manhattan,2526864.4630025295,0.0,2526864.4630025295,2526864.4630025295,0.5385443329304518,0.0,0.5385443329304518,0.5385443329304518,0.3715000782119531,5.551115123125783e-17,0.37150007821195313,0.37150007821195313,0.41930221497047826,6.353541660708338e-17,0.41930221497047815,0.41930221497047826,0.7078651685393258,0.0,0.7078651685393258,0.7078651685393258,0.7078651685393258,0.0,0.7078651685393258,0.7078651685393258,0.7082306966661166,0.0,0.7082306966661166,0.7082306966661166,0.0,0.0,0,0,0.0,0.0,0.0,0.0
wine,none,none,cosine,3774788.804371106,11346.323059743849,3768160.46476362,3795718.5032211705,0.6740744595805053,0.0025310697012316586,0.669335982581148,0.675542581791171,0.34177854284738446,0.014708015404857255,0.31620777747767037,0.3504858405734726,0.382324783289943,0.011731417037375638,0.3617105328332671,0.38926197969970344,0.6855056179775282,0.00936636653769325,0.6685393258426966,0.6910112359550562,0.6855056179775282,0.00936636653769325,0.6685393258426966,0.6910112359550562,0.6898822809658717,0.008693172498505944,0.6740655401945724,0.6949855959380865,0.0,0.0,0,0,0.0,0.0,0.0,0.0
wine,none,none,minkowski,2370689.6867829673,9.313225746154785e-10,2370689.686782968,2370689.686782968,0.5749881498327883,1.1102230246251565e-16,0.5749881498327882,0.5749881498327882,0.37111371823084743,1.1102230246251565e-16,0.37111371823084754,0.37111371823084754,0.42875685976453537,1.3218183103392464e-16,0.42875685976453537,0.4287568597645356,0.7022471910112361,1.1102230246251565e-16,0.702247191011236,0.702247191011236,0.7022471910112361,1.1102230246251565e-16,0.702247191011236,0.702247191011236,0.7031609899534428,0.0,0.7031609899534428,0.7031609899534428,0.0,0.0,0,0,0.0,0.0,0.0,0.0
wine,none,none,chebyshev,2370689.6867829673,9.313225746154785e-10,2370689.686782968,2370689.686782968,0.5769851900608064,0.0,0.5769851900608064,0.5769851900608064,0.37111371823084743,1.1102230246251565e-16,0.37111371823084754,0.37111371823084754,0.42875685976453537,1.3218183103392464e-16,0.42875685976453537,0.4287568597645356,0.7022471910112361,1.1102230246251565e-16,0.702247191011236,0.702247191011236,0.7022471910112361,1.1102230246251565e-16,0.702247191011236,0.702247191011236,0.7031609899534428,0.0,0.7031609899534428,0.7031609899534428,0.0,0.0,0,0,0.0,0.0,0.0,0.0
wine,none,none,correlation,3790344.279169462,1.862645149230957e-09,3790344.279169464,3790344.279169464,0.6652724525180814,0.0,0.6652724525180814,0.6652724525180814,0.32505446290817713,0.0,0.32505446290817713,0.32505446290817713,0.3770365910304634,1.6653345369377348e-16,0.37703659103046355,0.37703659103046355,0.6741573033707867,2.220446049250313e-16,0.6741573033707865,0.6741573033707865,0.6741573033707867,2.220446049250313e-16,0.6741573033707865,0.6741573033707865,0.6807563866387393,4.440892098500626e-16,0.6807563866387397,0.6807563866387397,0.0,0.0,0,0,0.0,0.0,0.0,0.0
wine,none,none,hamming,18462558.595928818,720449.5241993372,16950355.8960601,20440830.876401402,0.0049388621125535095,0.0013038194571124656,0.0016674916639281428,0.008173357013837868,0.018712260254772347,0.016944059811355314,-0.009950108716109083,0.06568397662384634,0.04465800523195594,0.02339088467329501,0.0029858628685098623,0.11078441622023964,0.4291573033707865,0.021123819625872967,0.398876404494382,0.4943820224719101,0.41443820224719097,0.024870006688230754,0.3595505617977528,0.47191011235955055,0.31963115478326165,0.05339547638027779,0.19009370816599733,0.43790827456229947,0.0,0.0,0,0,0.0,0.0,0.0,0.0
wine,none,minmax,euclidean,48.95656353327607,0.0031612619758205128,48.95403581962662,48.96051713667649,0.30116986190520234,0.00022069489628613058,0.3008938518500134,0.3013463273503232,0.8627384659517204,0.007258823823376272,0.8536602842727952,0.8685425493202144,0.8485417208546318,0.00548663099012248,0.8416799159471821,0.8529287764511979,0.952865168539326,0.0027401681793836467,0.949438202247191,0.9550561797752809,0.952865168539326,0.0027401681793836467,0.949438202247191,0.9550561797752809,0.9527124127106182,0.002781038932858751,0.9492343317841528,0.9549361037947518,0.0,0.0,0,0,0.0,0.0,0.0,0.0
wine,none,minmax,manhattan,50.233636058482034,1.4210854715202004e-14,50.23363605848202,50.23363605848202,0.3255916557391422,0.0,0.3255916557391422,0.3255916557391422,0.8974949815093208,1.1102230246251565e-16,0.8974949815093207,0.8974949815093207,0.8758935341223071,2.220446049250313e-16,0.8758935341223069,0.8758935341223069,0.9662921348314607,0.0,0.9662921348314607,0.9662921348314607,0.9662921348314607,0.0,0.9662921348314607,0.9662921348314607,0.9669286447361316,2.220446049250313e-16,0.9669286447361314,0.9669286447361314,0.0,0.0,0,0,0.0,0.0,0.0,0.0
wine,none,minmax,cosine,50.67666403458306,0.011063996572043272,50.66992865958982,50.71853072702178,0.4572198869224466,0.0005284131430662941,0.45556860386095915,0.4577313491047108,0.7170178266917029,0.007996351911157095,0.6983594738216348,0.7262962442495577,0.7108865442969617,0.007031768948463761,0.6920381934834651,0.7185679012641965,0.9006741573033711,0.003264233493558199,0.8932584269662921,0.9044943820224719,0.9006741573033711,0.003264233493558199,0.8932584269662921,0.9044943820224719,0.9031066520661194,0.0033707282500080745,0.8959926065658809,0.9071311749506004,0.0,0.0,0,0,0.0,0.0,0.0,0.0
wine,none,minmax,minkowski,49.29032414874859,0.07476571840664774,49.193335688285885,49.45356958769915,0.2818409067622336,0.0005821208187339078,0.28123016926603656,0.2839957881252977,0.7872103383877956,0.016514797539002795,0.7724235562270082,0.8332601032778996,0.7722919776590861,0.01666726240160387,0.7586073862601578,0.8199919275217613,0.9264606741573036,0.005679161215541144,0.9213483146067416,0.9438202247191011,0.9264606741573036,0.005679161215541144,0.9213483146067416,0.9438202247191011,0.927362220703944,0.005485491920483904,0.9224786527178193,0.9446956890811032,0.0,0.0,0,0,0.0,0.0,0.0,0.0
wine,none,minmax,chebyshev,52.206533566769984,7.105427357601002e-15,52.20653356676999,52.20653356676999,0.24717907791548183,2.7755575615628914e-17,0.2471790779154818,0.2471790779154818,0.6660205381641938,3.3306690738754696e-16,0.6660205381641942,0.6660205381641942,0.6978702005609473,3.8024125602706314e-16,0.6978702005609476,0.6978702005609477,0.8764044943820228,3.3306690738754696e-16,0.8764044943820225,0.8764044943820225,0.8764044943820228,3.3306690738754696e-16,0.8764044943820225,0.8764044943820225,0.875511489962837,2.220446049250313e-16,0.8755114899628372,0.8755114899628372,0.0,0.0,0,0,0.0,0.0,0.0,0.0
wine,none,minmax,correlation,50.725626981249896,2.1316282072803006e-14,50.72562698124992,50.72562698124992,0.47885614423346595,5.551115123125783e-17,0.4788561442334659,0.4788561442334659,0.6843018505555112,1.1102230246251565e-16,0.6843018505555113,0.6843018505555113,0.6781231635737264,2.9790409838967276e-16,0.678123163573726,0.6781231635737262,0.8876404494382024,2.220446049250313e-16,0.8876404494382022,0.8876404494382022,0.8876404494382024,2.220446049250313e-16,0.8876404494382022,0.8876404494382022,0.8908338747315782,4.440892098500626e-16,0.8908338747315777,0.8908338747315777,0.0,0.0,0,0,0.0,0.0,0.0,0.0
wine,none,minmax,hamming,127.4537164236803,4.242351750797596,118.3186019023946,139.64608028460788,0.0044967918973928414,0.0011518223261867881,0.0021632596494135336,0.0070293206240621756,0.024738251197014192,0.022131442453112108,-0.007892299348279945,0.12030058359576083,0.05093539027320971,0.025904464329103594,0.0033019349847318745,0.14208486838960246,0.4365730337078651,0.024913624298208075,0.398876404494382,0.5,0.4261235955056179,0.030111258993807403,0.3651685393258427,0.5,0.33733584312800735,0.061974384393912806,0.19009370816599733,0.4640933140933141,0.0,0.0,0,0,0.0,0.0,0.0,0.0
wine,none,standard,euclidean,1277.928488844642,0.0,1277.928488844642,1277.928488844642,0.28485891918989864,5.551115123125783e-17,0.2848589191898987,0.2848589191898987,0.8974949815093208,1.1102230246251565e-16,0.8974949815093207,0.8974949815093207,0.8758935341223071,2.220446049250313e-16,0.8758935341223069,0.8758935341223069,0.9662921348314607,0.0,0.9662921348314607,0.9662921348314607,0.9662921348314607,0.0,0.9662921348314607,0.9662921348314607,0.9669286447361316,2.220446049250313e-16,0.9669286447361314,0.9669286447361314,0.0,0.0,0,0,0.0,0.0,0.0,0.0
wine,none,standard,manhattan,1319.0802350061242,2.2737367544323206e-13,1319.0802350061244,1319.0802350061244,0.3151143264772758,5.551115123125783e-17,0.31511432647727583,0.31511432647727583,0.8803997758776982,2.220446049250313e-16,0.8803997758776985,0.8803997758776985,0.860945671454212,2.560743305106871e-16,0.8609456714542116,0.8609456714542119,0.9606741573033711,3.3306690738754696e-16,0.9606741573033708,0.9606741573033708,0.9606741573033711,3.3306690738754696e-16,0.9606741573033708,0.9606741573033708,0.961686077533072,1.1102230246251565e-16,0.9616860775330721,0.9616860775330721,0.0,0.0,0,0,0.0,0.0,0.0,0.0
wine,none,standard,cosine,1282.8336947017106,1.0078212852542094,1280.2024812647958,1284.6740739385716,0.47254845197207906,0.0004993308269276275,0.47154110424674056,0.4732081875839766,0.8321687062035876,0.014731416687534613,0.7855540944809761,0.8665957604928709,0.819493530085715,0.011713114544998769,0.7847399606002874,0.8484289241052021,0.9432022471910113,0.00508077662615254,0.9269662921348315,0.9550561797752809,0.9432022471910113,0.00508077662615254,0.9269662921348315,0.9550561797752809,0.9439348451467479,0.004817741223814878,0.9287425974048125,0.9553333895126284,0.0,0.0,0,0,0.0,0.0,0.0,0.0
wine,none,standard,minkowski,1287.3974907692368,1.116379417934955,1283.5564261311197,1289.5174364585087,0.2659089379409766,0.0009268553754708308,0.26280489501534,0.2662203895887588,0.8479750789902737,0.005501759910225821,0.8301065705611242,0.8497777046575704,0.8317313248060916,0.005592026143589341,0.8128287457955818,0.8335668799331365,0.948932584269663,0.0016077626990173277,0.9438202247191011,0.949438202247191,0.948932584269663,0.0016077626990173277,0.9438202247191011,0.949438202247191,0.9497248394589165,0.001050151313441202,0.9446956890811032,0.9512833250538169,0.0,0.0,0,0,0.0,0.0,0.0,0.0
wine,none,standard,chebyshev,1385.8773641393586,2.151274643749912,1381.2216808199823,1393.5483374914027,0.21067229958955708,0.0014216207469096218,0.20842293308426416,0.21851446984091302,0.5837407030575398,0.010687423399906838,0.5658273841538123,0.6327106325953553,0.6177930057284405,0.005561891237833654,0.5940420564930132,0.6350684835791608,0.8397191011235955,0.005415159184764426,0.8314606741573034,0.8651685393258427,0.8397191011235955,0.005415159184764426,0.8314606741573034,0.8651685393258427,0.8377881544142433,0.005790559049369104,0.8298109010011122,0.865271533106776,0.0,0.0,0,0,0.0,0.0,0.0,0.0
wine,none,standard,correlation,1325.0560762105306,0.5014892683100302,1324.9410266820132,1327.2420172523643,0.45928692479073974,0.00018696184088290248,0.458471977020033,0.45932981677867185,0.7111399783179574,0.0029320488182598904,0.6983594738216348,0.7118126364493429,0.7023084957889216,0.0023561689404787566,0.6920381934834651,0.7028490380155242,0.8985955056179779,0.0012244098156013155,0.8932584269662921,0.898876404494382,0.8985955056179779,0.0012244098156013155,0.8932584269662921,0.898876404494382,0.901680864211425,0.001304975802197431,0.8959926065658809,0.9019802461927698,0.0,0.0,0,0,0.0,0.0,0.0,0.0
wine,none,standard,hamming,3092.78632142308,95.05198822239602,2843.9722314613887,3263.4699919604664,0.004506534356981857,0.0012395466308218852,0.0022532314242366108,0.008132372522924421,0.023748511218638173,0.02123507637310838,-0.007892299348279945,0.12030058359576083,0.051149606608004355,0.025261916877829763,0.007639094270828124,0.14208486838960246,0.437752808988764,0.02351081644881001,0.398876404494382,0.5,0.4262359550561797,0.02948935216608457,0.3651685393258427,0.5,0.3406307607130963,0.05977260687041505,0.19009370816599733,0.4640933140933141,0.0,0.0,0,0,0.0,0.0,0.0,0.0
wine,none,robust,euclidean,676.3523917613104,0.004852242726745235,676.3505999519346,676.3655316967303,0.2638320036064087,0.000390414629775426,0.2636878334497711,0.2648892514217511,0.8803023207544984,0.005448983919886676,0.8782901500894346,0.8950582389649661,0.8589598051897582,0.008532285816676094,0.8558090498418485,0.8820653444077604,0.961348314606742,0.0018256266077833663,0.9606741573033708,0.9662921348314607,0.961348314606742,0.0018256266077833663,0.9606741573033708,0.9662921348314607,0.963758787682571,0.0016797440335949133,0.9631385010898944,0.9683075560288653,0.0,0.0,0,0,0.0,0.0,0.0,0.0
wine,none,robust,manhattan,703.2931079545822,0.0,703.2931079545822,703.2931079545822,0.30430356002732856,0.0,0.30430356002732856,0.30430356002732856,0.8803997758776982,2.220446049250313e-16,0.8803997758776985,0.8803997758776985,0.860945671454212,2.5219419200973695e-16,0.8609456714542116,0.8609456714542119,0.9606741573033711,3.3306690738754696e-16,0.9606741573033708,0.9606741573033708,0.9606741573033711,3.3306690738754696e-16,0.9606741573033708,0.9606741573033708,0.961686077533072,1.1102230246251565e-16,0.9616860775330721,0.9616860775330721,0.0,0.0,0,0,0.0,0.0,0.0,0.0
wine,none,robust,cosine,685.1329304548162,1.1368683772161603e-13,685.1329304548163,685.1329304548163,0.4422831480038517,1.1102230246251565e-16,0.4422831480038518,0.4422831480038518,0.7340466763671979,1.1102230246251565e-16,0.7340466763671978,0.7340466763671978,0.7463473752282144,0.0,0.7463473752282144,0.7463473752282144,0.9044943820224721,2.220446049250313e-16,0.9044943820224719,0.9044943820224719,0.9044943820224721,2.220446049250313e-16,0.9044943820224719,0.9044943820224719,0.904269721636016,4.440892098500626e-16,0.9042697216360165,0.9042697216360165,0.0,0.0,0,0,0.0,0.0,0.0,0.0
wine,none,robust,minkowski,686.3942576656098,2.2737367544323206e-13,686.3942576656095,686.3942576656095,0.23659429268271506,0.0,0.23659429268271506,0.23659429268271506,0.7127678309871253,3.3306690738754696e-16,0.7127678309871256,0.7127678309871256,0.7346300311710597,3.3306690738754696e-16,0.7346300311710594,0.7346300311710594,0.8988764044943826,5.551115123125783e-16,0.898876404494382,0.898876404494382,0.8988764044943826,5.551115123125783e-16,0.898876404494382,0.898876404494382,0.9012358293193207,2.220446049250313e-16,0.9012358293193209,0.9012358293193209,0.0,0.0,0,0,0.0,0.0,0.0,0.0
wine,none,robust,chebyshev,738.4703553589858,3.6876895271202055,735.9985705918994,743.9720698405667,0.19713584298559245,0.0015582950609620836,0.19481100125463321,0.19818033709660315,0.5254121633947801,0.0054151834788083155,0.5173331770412187,0.5290418529159453,0.5363557316565765,0.003663714953684284,0.5308897851692622,0.53881144674508,0.8184831460674153,0.002598276647156675,0.8146067415730337,0.8202247191011236,0.8184831460674153,0.002598276647156675,0.8146067415730337,0.8202247191011236,0.8181037155507365,0.0026304764641208456,0.8141792717086834,0.8198668714797748,0.0,0.0,0,0,0.0,0.0,0.0,0.0
wine,none,robust,correlation,706.5541326801591,0.7308402089516042,703.5447641734053,708.3016582755508,0.421724867359693,0.00028403058820734736,0.4215463281006104,0.422786841449627,0.6603392559762912,0.007201305271474232,0.6569876343402694,0.6855061800335686,0.6513400728630482,0.009406520828751302,0.6472150434059158,0.6880192480864501,0.8777528089887645,0.0028778086460372275,0.8764044943820225,0.8876404494382022,0.8777528089887645,0.0028778086460372275,0.8764044943820225,0.8876404494382022,0.8799049855105393,0.002701990745159583,0.8786760525902003,0.8897028897028898,0.0,0.0,0,0,0.0,0.0,0.0,0.0
wine,none,robust,hamming,1533.5323990601612,44.22392897229622,1410.6016722258164,1618.0684779851545,0.004676464598951589,0.0011685950442979888,0.0022532314242366108,0.0070293206240621756,0.01823092086945659,0.01885512079820391,-0.007892299348279945,0.09984510331974417,0.04344826148155156,0.022960811192321726,0.0006220532891643797,0.10747853313592765,0.43432584269662916,0.023777986188774195,0.398876404494382,0.5,0.41988764044943816,0.029723508094906904,0.3651685393258427,0.5,0.32823525504661594,0.06024726896620298,0.19009370816599733,0.4640933140933141,0.0,0.0,0,0,0.0,0.0,0.0,0.0
wine,zscore,none,euclidean,2233318.232240561,4.656612873077393e-10,2233318.2322405605,2233318.2322405605,0.5763394801499357,1.1102230246251565e-16,0.5763394801499359,0.5763394801499359,0.39480918513195085,1.1102230246251565e-16,0.39480918513195096,0.39480918513195096,0.4615882057552374,1.6653345369377348e-16,0.46158820575523757,0.46158820575523757,0.714285714285714,3.3306690738754696e-16,0.7142857142857143,0.7142857142857143,0.714285714285714,3.3306690738754696e-16,0.7142857142857143,0.7142857142857143,0.7153569700739516,3.3306690738754696e-16,0.7153569700739513,0.7153569700739513,10.0,0.0,10,10,5.617977528089889,8.881784197001252e-16,5.617977528089888,5.617977528089888
wine,zscore,none,manhattan,2339011.4367128005,4.656612873077393e-10,2339011.4367128,2339011.4367128,0.5455165062997668,1.1102230246251565e-16,0.5455165062997667,0.5455165062997667,0.39480918513195085,1.1102230246251565e-16,0.39480918513195096,0.39480918513195096,0.4615882057552374,1.6653345369377348e-16,0.46158820575523757,0.46158820575523757,0.714285714285714,3.3306690738754696e-16,0.7142857142857143,0.7142857142857143,0.714285714285714,3.3306690738754696e-16,0.7142857142857143,0.7142857142857143,0.7153569700739516,3.3306690738754696e-16,0.7153569700739513,0.7153569700739513,10.0,0.0,10,10,5.617977528089889,8.881784197001252e-16,5.617977528089888,5.617977528089888
wine,zscore,none,cosine,3415277.628632887,11641.478304220913,3410009.049012645,3441000.6938375924,0.6889861636586625,0.007911304880818593,0.6715053071913337,0.692566580043537,0.37409997722724014,0.018126176876389524,0.3340482915633713,0.38230333453188803,0.40700786805950073,0.016959259685145254,0.3695346081087979,0.41468311407350006,0.7082142857142857,0.013415457122137812,0.6785714285714286,0.7142857142857143,0.7082142857142857,0.013415457122137812,0.6785714285714286,0.7142857142857143,0.7074220437849214,0.012400273838391478,0.6800223403996988,0.7130340312252681,10.0,0.0,10,10,5.617977528089889,8.881784197001252e-16,5.617977528089888,5.617977528089888
wine,zscore,none,minkowski,2233318.232240561,4.656612873077393e-10,2233318.2322405605,2233318.2322405605,0.5798028053313811,1.1102230246251565e-16,0.579802805331381,0.579802805331381,0.39480918513195085,1.1102230246251565e-16,0.39480918513195096,0.39480918513195096,0.4615882057552374,1.6653345369377348e-16,0.46158820575523757,0.46158820575523757,0.714285714285714,3.3306690738754696e-16,0.7142857142857143,0.7142857142857143,0.714285714285714,3.3306690738754696e-16,0.7142857142857143,0.7142857142857143,0.7153569700739516,3.3306690738754696e-16,0.7153569700739513,0.7153569700739513,10.0,0.0,10,10,5.617977528089889,8.881784197001252e-16,5.617977528089888,5.617977528089888
wine,zscore,none,chebyshev,2233318.232240561,4.656612873077393e-10,2233318.2322405605,2233318.2322405605,0.5814975053412043,1.1102230246251565e-16,0.5814975053412044,0.5814975053412044,0.39480918513195085,1.1102230246251565e-16,0.39480918513195096,0.39480918513195096,0.4615882057552374,1.6653345369377348e-16,0.46158820575523757,0.46158820575523757,0.714285714285714,3.3306690738754696e-16,0.7142857142857143,0.7142857142857143,0.714285714285714,3.3306690738754696e-16,0.7142857142857143,0.7142857142857143,0.7153569700739516,3.3306690738754696e-16,0.7153569700739513,0.7153569700739513,10.0,0.0,10,10,5.617977528089889,8.881784197001252e-16,5.617977528089888,5.617977528089888
wine,zscore,none,correlation,3532292.1581272157,22591.853366932206,3525078.829508863,3604051.775426117,0.6786358928629729,0.004709945035896877,0.6636654056774096,0.6814623389974512,0.3445367995441809,0.006212848721986091,0.3253703175841956,0.3614085378733671,0.3849011993418931,0.004310698592745649,0.3716119345974867,0.3967201721648167,0.694345238095238,0.006858165846311234,0.6726190476190477,0.7023809523809523,0.694345238095238,0.006858165846311234,0.6726190476190477,0.7023809523809523,0.6953556062387425,0.006092777743795404,0.6760474590269859,0.7022491883334675,10.0,0.0,10,10,5.617977528089889,8.881784197001252e-16,5.617977528089888,5.617977528089888
wine,zscore,none,hamming,17678993.86971523,569828.4383078725,16131831.428963799,18850073.3239401,0.0049189683064500426,0.0011876707586306427,0.002177033254550565,0.007542710528043804,0.018267037054201855,0.013672189830367682,-0.0061022543805072564,0.05074975815754796,0.04320804020844217,0.02078487166864715,0.004252987040208694,0.09880991052911783,0.4273809523809524,0.02096049626387977,0.375,0.48214285714285715,0.42,0.024006919826301855,0.36904761904761907,0.48214285714285715,0.349221071316003,0.044756565444485065,0.25831481264865286,0.43614857009997676,10.0,0.0,10,10,5.617977528089889,8.881784197001252e-16,5.617977528089888,5.617977528089888
wine,zscore,minmax,euclidean,52.64367787649931,0.0036353038906341644,52.64178277025917,52.654443694343975,0.3134993134313841,0.000666155129009528,0.3115847943273945,0.31389893008012626,0.9367567819195485,0.018490273044687894,0.8930985860859988,0.9484672118986744,0.9214564008563102,0.022966542320456126,0.8712900377877588,0.9362844803043553,0.9783928571428574,0.005931809691245301,0.9642857142857143,0.9821428571428571,0.9783928571428574,0.005931809691245301,0.9642857142857143,0.9821428571428571,0.9780031012019057,0.005627278993127531,0.9646206936382801,0.9815606403486715,10.0,0.0,10,10,5.617977528089889,8.881784197001252e-16,5.617977528089888,5.617977528089888
wine,zscore,minmax,manhattan,53.65611824990686,2.1316282072803006e-14,53.65611824990684,53.65611824990684,0.3382523731708957,5.551115123125783e-17,0.3382523731708956,0.3382523731708956,0.9112223307787132,0.0,0.9112223307787132,0.9112223307787132,0.88855131145675,1.1102230246251565e-16,0.8885513114567499,0.8885513114567499,0.9702380952380953,1.1102230246251565e-16,0.9702380952380952,0.9702380952380952,0.9702380952380953,1.1102230246251565e-16,0.9702380952380952,0.9702380952380952,0.9702668994521649,2.220446049250313e-16,0.9702668994521647,0.9702668994521647,10.0,0.0,10,10,5.617977528089889,8.881784197001252e-16,5.617977528089888,5.617977528089888
wine,zscore,minmax,cosine,53.938361689828106,0.004576960042057721,53.936836036480756,53.95209256995428,0.4632503283940382,0.0006802603673530026,0.4630235749382538,0.46529110949609714,0.82081528918982,0.009163175216384644,0.7933257635406662,0.823869680928615,0.7989891296244038,0.008365557714090416,0.7738924564821323,0.8017776488624337,0.9392857142857142,0.003571428571428559,0.9285714285714286,0.9404761904761905,0.9392857142857142,0.003571428571428559,0.9285714285714286,0.9404761904761905,0.9408823965689319,0.003827972860370887,0.9293984779878196,0.9421583875223892,10.0,0.0,10,10,5.617977528089889,8.881784197001252e-16,5.617977528089888,5.617977528089888
wine,zscore,minmax,minkowski,52.829999078253586,7.105427357601002e-15,52.82999907825359,52.82999907825359,0.29658897284392755,5.551115123125783e-17,0.2965889728439276,0.2965889728439276,0.8790373635645526,0.0,0.8790373635645526,0.8790373635645526,0.8602018420875248,3.159750121719031e-16,0.860201842087525,0.8602018420875251,0.9583333333333333,1.1102230246251565e-16,0.9583333333333334,0.9583333333333334,0.9583333333333333,1.1102230246251565e-16,0.9583333333333334,0.9583333333333334,0.9579074225136037,3.3306690738754696e-16,0.9579074225136041,0.9579074225136041,10.0,0.0,10,10,5.617977528089889,8.881784197001252e-16,5.617977528089888,5.617977528089888
wine,zscore,minmax,chebyshev,55.08627132124682,0.12554568044124523,54.83853025071983,55.422224852502026,0.2539989275659256,0.0010504736666125055,0.24893401317935981,0.2581710202864679,0.735068300874956,0.01213349708035618,0.683942828979793,0.7874812732400336,0.7424055543783271,0.014017213784810002,0.6868070392588095,0.7889564703548555,0.9003571428571427,0.004880952380952383,0.8809523809523809,0.9226190476190477,0.9003571428571427,0.004880952380952383,0.8809523809523809,0.9226190476190477,0.8986368555776713,0.004786130281448681,0.8807321703961923,0.92119727400831,10.0,0.0,10,10,5.617977528089889,8.881784197001252e-16,5.617977528089888,5.617977528089888
wine,zscore,minmax,correlation,54.07645067360543,0.013006393111781688,54.07236035220155,54.11780836779997,0.47753723105937496,8.157951858089813e-05,0.47751157548768014,0.47779663739539824,0.7756963806258277,0.004184446346308919,0.7623906892725945,0.7770123281223014,0.7534636063166854,0.003468166738329764,0.7424355389542083,0.7545542942975898,0.9220833333333335,0.0017034628596731428,0.9166666666666666,0.9226190476190477,0.9220833333333335,0.0017034628596731428,0.9166666666666666,0.9226190476190477,0.9233335190990363,0.0018194953211282594,0.9175478927203065,0.9239057239057239,10.0,0.0,10,10,5.617977528089889,8.881784197001252e-16,5.617977528089888,5.617977528089888
wine,zscore,minmax,hamming,151.5386365504193,5.566983719350799,139.59767047379296,163.95671351543393,0.004360995877014707,0.0012573005951491997,0.0017940170844571188,0.007635869066797053,0.02429156055269662,0.018632018118664537,-0.009032888672305502,0.09045084430479026,0.04676842654684001,0.022204726804159254,0.0025379084359550084,0.11139027978565944,0.430952380952381,0.022287672889106016,0.38095238095238093,0.4880952380952381,0.42482142857142846,0.026721550132741148,0.35714285714285715,0.4880952380952381,0.3547959293753474,0.05034261098964967,0.2549748354626404,0.4395604395604396,10.0,0.0,10,10,5.617977528089889,8.881784197001252e-16,5.617977528089888,5.617977528089888
wine,zscore,standard,euclidean,1134.0062972518315,4.547473508864641e-13,1134.006297251831,1134.006297251831,0.299005425326516,5.551115123125783e-17,0.2990054253265159,0.2990054253265159,0.9296804877712134,4.440892098500626e-16,0.9296804877712138,0.9296804877712138,0.9086488977537924,1.1102230246251565e-16,0.9086488977537923,0.9086488977537923,0.9761904761904764,2.220446049250313e-16,0.9761904761904762,0.9761904761904762,0.9761904761904764,2.220446049250313e-16,0.9761904761904762,0.9761904761904762,0.9759127570518477,2.220446049250313e-16,0.9759127570518479,0.9759127570518479,10.0,0.0,10,10,5.617977528089889,8.881784197001252e-16,5.617977528089888,5.617977528089888
wine,zscore,standard,manhattan,1161.312837699414,2.2737367544323206e-13,1161.3128376994143,1161.3128376994143,0.3288359377205389,0.0,0.3288359377205389,0.3288359377205389,0.9112223307787132,0.0,0.9112223307787132,0.9112223307787132,0.88855131145675,1.1102230246251565e-16,0.8885513114567499,0.8885513114567499,0.9702380952380953,1.1102230246251565e-16,0.9702380952380952,0.9702380952380952,0.9702380952380953,1.1102230246251565e-16,0.9702380952380952,0.9702380952380952,0.9702668994521649,2.220446049250313e-16,0.9702668994521647,0.9702668994521647,10.0,0.0,10,10,5.617977528089889,8.881784197001252e-16,5.617977528089888,5.617977528089888
wine,zscore,standard,cosine,1138.4635978995666,4.547473508864641e-13,1138.463597899567,1138.463597899567,0.49387406973577536,0.0,0.49387406973577536,0.49387406973577536,0.881402733303791,2.220446049250313e-16,0.8814027333037913,0.8814027333037913,0.8677526128755226,3.21773202442742e-16,0.8677526128755229,0.867752612875523,0.9583333333333333,1.1102230246251565e-16,0.9583333333333334,0.9583333333333334,0.9583333333333333,1.1102230246251565e-16,0.9583333333333334,0.9583333333333334,0.9575431540137422,1.1102230246251565e-16,0.9575431540137421,0.9575431540137421,10.0,0.0,10,10,5.617977528089889,8.881784197001252e-16,5.617977528089888,5.617977528089888
wine,zscore,standard,minkowski,1140.3441033267625,0.9149626450752614,1138.4219639283651,1143.1483847371035,0.27856424039615635,0.0005096915663818158,0.277686597087389,0.27986261377135174,0.9096493708342911,0.014577590516350306,0.8790373635645526,0.9464059045206386,0.889330105308769,0.013422096690455252,0.8602018420875251,0.9254010834936308,0.9694047619047618,0.005391424702011529,0.9583333333333334,0.9821428571428571,0.9694047619047618,0.005391424702011529,0.9583333333333334,0.9821428571428571,0.9693136956872894,0.0056772719698744535,0.9579074225136041,0.9820764714057396,10.0,0.0,10,10,5.617977528089889,8.881784197001252e-16,5.617977528089888,5.617977528089888
wine,zscore,standard,chebyshev,1212.9021285723281,1.334042825532823,1211.0416101447126,1213.8908143299936,0.21972315232334225,0.00101474212352065,0.21897949021514834,0.2222376053928016,0.6752179907198379,0.006715303176251114,0.6704320941064217,0.6952891290240641,0.6723509075695165,0.004352899363567734,0.6692550387679771,0.6854917046889651,0.8773214285714286,0.00324882239261789,0.875,0.8869047619047619,0.8773214285714286,0.00324882239261789,0.875,0.8869047619047619,0.8747264658600881,0.003452690507710307,0.872258886419181,0.8849009576282304,10.0,0.0,10,10,5.617977528089889,8.881784197001252e-16,5.617977528089888,5.617977528089888
wine,zscore,standard,correlation,1166.9783259136962,0.0,1166.9783259136962,1166.9783259136962,0.4680156160416528,5.551115123125783e-17,0.46801561604165276,0.46801561604165276,0.7623906892725943,1.1102230246251565e-16,0.7623906892725945,0.7623906892725945,0.7424355389542083,1.3687748718835772e-16,0.7424355389542083,0.7424355389542086,0.9166666666666667,1.1102230246251565e-16,0.9166666666666666,0.9166666666666666,0.9166666666666667,1.1102230246251565e-16,0.9166666666666666,0.9166666666666666,0.9175478927203068,3.3306690738754696e-16,0.9175478927203065,0.9175478927203065,10.0,0.0,10,10,5.617977528089889,8.881784197001252e-16,5.617977528089888,5.617977528089888
wine,zscore,standard,hamming,3034.2756075939965,96.33154860690892,2818.4815476132235,3242.3837983670082,0.004485848067545354,0.001338216819611257,0.0017940170844571188,0.008753644858663008,0.024263322858424804,0.018191698087344683,-0.009032888672305502,0.09045084430479026,0.047183647804024564,0.021547025777331332,0.0025379084359550084,0.11139027978565944,0.43250000000000005,0.02345298524723031,0.38095238095238093,0.5119047619047619,0.4271428571428571,0.027729663545791743,0.35714285714285715,0.5119047619047619,0.3586872818534105,0.05039770437607194,0.2549748354626404,0.480011616801248,10.0,0.0,10,10,5.617977528089889,8.881784197001252e-16,5.617977528089888,5.617977528089888
wine,zscore,robust,euclidean,574.5980745308184,0.008416662920408295,574.5962446678177,574.6514958152084,0.2755625824178183,0.0003713647846114005,0.2736251119924484,0.27565371634147134,0.9288738772897244,0.0036346469600556258,0.9112223307787132,0.9296804877712138,0.9073178499170331,0.005586747940428494,0.8810987460894449,0.9086488977537923,0.975952380952381,0.0011664236870396047,0.9702380952380952,0.9761904761904762,0.975952380952381,0.0011664236870396047,0.9702380952380952,0.9761904761904762,0.9757180013234757,0.0011020063404042321,0.9703934597113478,0.9772135653142519,10.0,0.0,10,10,5.617977528089889,8.881784197001252e-16,5.617977528089888,5.617977528089888
wine,zscore,robust,manhattan,589.9826454224985,2.2737367544323206e-13,589.9826454224988,589.9826454224988,0.3157845944841161,5.551115123125783e-17,0.31578459448411605,0.31578459448411605,0.9112223307787132,0.0,0.9112223307787132,0.9112223307787132,0.88855131145675,1.1102230246251565e-16,0.8885513114567499,0.8885513114567499,0.9702380952380953,1.1102230246251565e-16,0.9702380952380952,0.9702380952380952,0.9702380952380953,1.1102230246251565e-16,0.9702380952380952,0.9702380952380952,0.9702668994521649,2.220446049250313e-16,0.9702668994521647,0.9702668994521647,10.0,0.0,10,10,5.617977528089889,8.881784197001252e-16,5.617977528089888,5.617977528089888
wine,zscore,robust,cosine,581.3849963620797,1.1368683772161603e-13,581.3849963620798,581.3849963620798,0.45912368099770867,5.551115123125783e-17,0.4591236809977087,0.4591236809977087,0.790497543700218,3.3306690738754696e-16,0.7904975437002183,0.7904975437002183,0.7969708095862832,6.473657049138938e-17,0.7969708095862831,0.7969708095862832,0.9226190476190478,1.1102230246251565e-16,0.9226190476190477,0.9226190476190477,0.9226190476190478,1.1102230246251565e-16,0.9226190476190477,0.9226190476190477,0.9210815649693704,1.1102230246251565e-16,0.9210815649693705,0.9210815649693705,10.0,0.0,10,10,5.617977528089889,8.881784197001252e-16,5.617977528089888,5.617977528089888
wine,zscore,robust,minkowski,581.2414191900323,0.7949533294883514,578.8402103310449,581.642291713523,0.24611198192674838,0.00107824016319234,0.2455207028788559,0.24909716047064814,0.7954649216047761,0.020820968130509453,0.7844426264200121,0.8634333562956366,0.7791459480481183,0.019934486486554197,0.768832840094965,0.847792585057864,0.9269642857142858,0.008111634305804881,0.9226190476190477,0.9523809523809523,0.9269642857142858,0.008111634305804881,0.9226190476190477,0.9523809523809523,0.9266728460916689,0.008067465868678785,0.9223424964971668,0.9517514124293784,10.0,0.0,10,10,5.617977528089889,8.881784197001252e-16,5.617977528089888,5.617977528089888
wine,zscore,robust,chebyshev,617.5534011295839,0.6575748279465409,616.9866911204633,618.9589572980926,0.2064032421633258,0.0016156569719877004,0.2033293607859727,0.2077924673863277,0.5814157314259464,0.009189172712518286,0.5646504569210515,0.5890292555001017,0.5511832742501411,0.006797149383964293,0.5383075053211501,0.5566819887508798,0.8416071428571427,0.004445994273429166,0.8333333333333334,0.8452380952380952,0.8416071428571427,0.004445994273429166,0.8333333333333334,0.8452380952380952,0.8413026009223884,0.004711874484268443,0.8320677820677821,0.8450794442938686,10.0,0.0,10,10,5.617977528089889,8.881784197001252e-16,5.617977528089888,5.617977528089888
wine,zscore,robust,correlation,591.5642924112449,0.6669731270888709,590.7641958319638,592.1202917290502,0.42362103214831387,0.0007832136198944114,0.4226814942379053,0.42427393137419117,0.7176743288923569,0.0015146339217897685,0.7164117061673372,0.7194912737893373,0.7291898569198483,0.0011247819645058407,0.7282522209349103,0.7305391379713444,0.8928571428571427,2.220446049250313e-16,0.8928571428571429,0.8928571428571429,0.8928571428571427,2.220446049250313e-16,0.8928571428571429,0.8928571428571429,0.8912213940742064,0.00045603302222340075,0.8908412377546261,0.8917684482901874,10.0,0.0,10,10,5.617977528089889,8.881784197001252e-16,5.617977528089888,5.617977528089888
wine,zscore,robust,hamming,1406.9318314573547,38.50399030848615,1297.5962329866352,1479.3981859833957,0.00456121142600308,0.001315094102652179,0.0017940170844571188,0.008753644858663008,0.020885681004092577,0.017838388839220353,-0.009032888672305502,0.09045084430479026,0.045961245559867005,0.02157675282692798,0.0025379084359550084,0.11139027978565944,0.4320238095238095,0.02517202718060173,0.38095238095238093,0.5119047619047619,0.42416666666666664,0.030440129334858325,0.35714285714285715,0.5119047619047619,0.35341037069250186,0.053232481326701685,0.2522614780679297,0.48666419134255384,10.0,0.0,10,10,5.617977528089889,8.881784197001252e-16,5.617977528089888,5.617977528089888
wine,zscore_2.5,none,euclidean,1849274.3687508265,4.656612873077393e-10,1849274.368750826,1849274.368750826,0.5783956611025003,1.1102230246251565e-16,0.5783956611025004,0.5783956611025004,0.3910601113803293,1.1102230246251565e-16,0.3910601113803294,0.3910601113803294,0.4579626654070437,0.0,0.4579626654070437,0.4579626654070437,0.7106918238993707,3.3306690738754696e-16,0.710691823899371,0.710691823899371,0.7106918238993707,3.3306690738754696e-16,0.710691823899371,0.710691823899371,0.7098249135719864,2.220446049250313e-16,0.7098249135719862,0.7098249135719862,19.0,0.0,19,19,10.674157303370787,0.0,10.674157303370787,10.674157303370787
wine,zscore_2.5,none,manhattan,2027916.2807227003,2.3283064365386963e-10,2027916.2807227,2027916.2807227,0.5388250352878179,1.1102230246251565e-16,0.538825035287818,0.538825035287818,0.4233958919168652,1.1102230246251565e-16,0.4233958919168651,0.4233958919168651,0.48172351548284015,5.551115123125783e-17,0.4817235154828401,0.4817235154828402,0.7358490566037733,2.220446049250313e-16,0.7358490566037735,0.7358490566037735,0.7358490566037733,2.220446049250313e-16,0.7358490566037735,0.7358490566037735,0.7362711864406779,0.0,0.7362711864406779,0.7362711864406779,19.0,0.0,19,19,10.674157303370787,0.0,10.674157303370787,10.674157303370787
wine,zscore_2.5,none,cosine,3040985.991653272,9.313225746154785e-10,3040985.991653273,3040985.991653273,0.6985597642156138,3.3306690738754696e-16,0.6985597642156135,0.6985597642156135,0.36213757915114786,0.0,0.36213757915114786,0.36213757915114786,0.3914000885906485,1.8955249679834943e-16,0.3914000885906483,0.39140008859064834,0.7044025157232706,2.220446049250313e-16,0.7044025157232704,0.7044025157232704,0.7044025157232706,2.220446049250313e-16,0.7044025157232704,0.7044025157232704,0.7027986993166568,1.1102230246251565e-16,0.702798699316657,0.702798699316657,19.0,0.0,19,19,10.674157303370787,0.0,10.674157303370787,10.674157303370787
wine,zscore_2.5,none,minkowski,1849274.3687508265,4.656612873077393e-10,1849274.368750826,1849274.368750826,0.5817736597077726,1.1102230246251565e-16,0.5817736597077725,0.5817736597077725,0.3910601113803293,1.1102230246251565e-16,0.3910601113803294,0.3910601113803294,0.4579626654070437,0.0,0.4579626654070437,0.4579626654070437,0.7106918238993707,3.3306690738754696e-16,0.710691823899371,0.710691823899371,0.7106918238993707,3.3306690738754696e-16,0.710691823899371,0.710691823899371,0.7098249135719864,2.220446049250313e-16,0.7098249135719862,0.7098249135719862,19.0,0.0,19,19,10.674157303370787,0.0,10.674157303370787,10.674157303370787
wine,zscore_2.5,none,chebyshev,1849274.3687508265,4.656612873077393e-10,1849274.368750826,1849274.368750826,0.5834168136667879,0.0,0.5834168136667879,0.5834168136667879,0.3910601113803293,1.1102230246251565e-16,0.3910601113803294,0.3910601113803294,0.4579626654070437,0.0,0.4579626654070437,0.4579626654070437,0.7106918238993707,3.3306690738754696e-16,0.710691823899371,0.710691823899371,0.7106918238993707,3.3306690738754696e-16,0.710691823899371,0.710691823899371,0.7098249135719864,2.220446049250313e-16,0.7098249135719862,0.7098249135719862,19.0,0.0,19,19,10.674157303370787,0.0,10.674157303370787,10.674157303370787
wine,zscore_2.5,none,correlation,3088234.2543599005,4.656612873077393e-10,3088234.2543599,3088234.2543599,0.6908116457826371,4.440892098500626e-16,0.6908116457826375,0.6908116457826375,0.3568523564317128,5.551115123125783e-17,0.35685235643171276,0.35685235643171276,0.3846789188980311,5.551115123125783e-17,0.384678918898031,0.384678918898031,0.6981132075471695,2.220446049250313e-16,0.6981132075471698,0.6981132075471698,0.6981132075471695,2.220446049250313e-16,0.6981132075471698,0.6981132075471698,0.696586041824137,1.1102230246251565e-16,0.6965860418241371,0.6965860418241371,19.0,0.0,19,19,10.674157303370787,0.0,10.674157303370787,10.674157303370787
wine,zscore_2.5,none,hamming,15860463.684958188,443832.31390806485,14147073.811043799,16886210.1188454,0.004998310190764538,0.001256368108703686,0.0018206891479383982,0.007793114753678947,0.02155455611433134,0.01801591571184001,-0.007559285954172378,0.08705158560568121,0.05109986769727822,0.026740945757003153,0.003389243783661315,0.1252263460773005,0.43918238993710695,0.026743318693370433,0.3836477987421384,0.5094339622641509,0.42534591194968546,0.030471097734737457,0.3522012578616352,0.5094339622641509,0.3373646136282749,0.049832007192450845,0.18484848484848485,0.471382917225658,19.0,0.0,19,19,10.674157303370787,0.0,10.674157303370787,10.674157303370787
wine,zscore_2.5,minmax,euclidean,51.93508138331261,0.0034868160684678492,51.93398817276003,51.948699730857285,0.3170733112956334,9.4054591618129e-05,0.316152877923205,0.3171402046389223,0.9441877728551958,0.005070911792439941,0.9257303344420608,0.9457805690509975,0.9320363306850572,0.005027136939950363,0.9045594764422937,0.9335656624315316,0.9805660377358489,0.0017998852856923498,0.9748427672955975,0.9811320754716981,0.9805660377358489,0.0017998852856923498,0.9748427672955975,0.9811320754716981,0.9797836981570279,0.0018354999056409765,0.9738857501569367,0.9803606835992825,19.0,0.0,19,19,10.674157303370787,0.0,10.674157303370787,10.674157303370787
wine,zscore_2.5,minmax,manhattan,53.00441809690051,1.4210854715202004e-14,53.004418096900494,53.004418096900494,0.33732002615530043,1.1102230246251565e-16,0.3373200261553003,0.3373200261553003,0.9060443989929685,0.0,0.9060443989929685,0.9060443989929685,0.8835352685242708,1.1102230246251565e-16,0.8835352685242709,0.8835352685242709,0.9685534591194965,3.3306690738754696e-16,0.9685534591194969,0.9685534591194969,0.9685534591194965,3.3306690738754696e-16,0.9685534591194969,0.9685534591194969,0.9685666497464247,3.3306690738754696e-16,0.968566649746425,0.968566649746425,19.0,0.0,19,19,10.674157303370787,0.0,10.674157303370787,10.674157303370787
wine,zscore_2.5,minmax,cosine,53.24290469657184,0.0700375300064668,53.22447098417077,53.519643708745505,0.46343327184121513,0.0007987947232773441,0.46320424168976715,0.4665225290148022,0.8283336002088987,0.008706669827126165,0.7956853898737377,0.8309395333073749,0.8043323031465351,0.006548197598411288,0.7805114922531475,0.806336072347093,0.9424528301886791,0.003128891311656037,0.9308176100628931,0.9433962264150944,0.9424528301886791,0.003128891311656037,0.9308176100628931,0.9433962264150944,0.9442229146639523,0.0029822445709470156,0.9333271616155728,0.9451332287729582,19.0,0.0,19,19,10.674157303370787,0.0,10.674157303370787,10.674157303370787
wine,zscore_2.5,minmax,minkowski,51.9486997308573,1.4210854715202004e-14,51.948699730857285,51.948699730857285,0.30221317873242387,0.0,0.30221317873242387,0.30221317873242387,0.925730334442061,2.220446049250313e-16,0.9257303344420608,0.9257303344420608,0.9045594764422935,2.220446049250313e-16,0.9045594764422937,0.9045594764422937,0.9748427672955978,3.3306690738754696e-16,0.9748427672955975,0.9748427672955975,0.9748427672955978,3.3306690738754696e-16,0.9748427672955975,0.9748427672955975,0.9744616069125684,1.1102230246251565e-16,0.9744616069125686,0.9744616069125686,19.0,0.0,19,19,10.674157303370787,0.0,10.674157303370787,10.674157303370787
wine,zscore_2.5,minmax,chebyshev,54.16653714037005,0.2536647477050725,53.90029794215907,54.528076478150524,0.26443860473210595,0.0028731062716399374,0.2591094046053485,0.26692462946181217,0.8003595606922985,0.022918956146426757,0.758743630344821,0.8214479153883862,0.7846868295664506,0.01084090916689509,0.7650825248672668,0.7959652630601411,0.9289937106918238,0.009083424645964764,0.9119496855345912,0.9371069182389937,0.9289937106918238,0.009083424645964764,0.9119496855345912,0.9371069182389937,0.9280407829290276,0.009334221646162976,0.9103719948018193,0.936269650754979,19.0,0.0,19,19,10.674157303370787,0.0,10.674157303370787,10.674157303370787
wine,zscore_2.5,minmax,correlation,53.41732318162387,0.0,53.41732318162387,53.41732318162387,0.4795110903236603,5.551115123125783e-17,0.47951109032366024,0.47951109032366024,0.7809737216850519,2.220446049250313e-16,0.7809737216850516,0.7809737216850516,0.7571725887166697,4.839349969133126e-17,0.7571725887166696,0.7571725887166697,0.9245283018867922,2.220446049250313e-16,0.9245283018867925,0.9245283018867925,0.9245283018867922,2.220446049250313e-16,0.9245283018867925,0.9245283018867925,0.9259482948351132,4.440892098500626e-16,0.9259482948351136,0.9259482948351136,19.0,0.0,19,19,10.674157303370787,0.0,10.674157303370787,10.674157303370787
wine,zscore_2.5,minmax,hamming,148.67572831922834,5.20474365654701,130.34818556238443,161.671185371823,0.004486688944689108,0.0012117626985813784,0.0018206891479383982,0.007695096437564663,0.02249138715292571,0.02319656542307078,-0.009549832558029814,0.10043145666028017,0.044912479696453504,0.025267651304406037,0.002895066294606588,0.11934832963515372,0.42842767295597484,0.02579812577266771,0.3836477987421384,0.4779874213836478,0.41955974842767296,0.03087909410252924,0.36477987421383645,0.4779874213836478,0.3427263602383421,0.05562245861839231,0.23925667828106856,0.44461866264029054,19.0,0.0,19,19,10.674157303370787,0.0,10.674157303370787,10.674157303370787
wine,zscore_2.5,standard,euclidean,1075.5248073045916,2.2737367544323206e-13,1075.5248073045914,1075.5248073045914,0.2987373441333676,5.551115123125783e-17,0.29873734413336755,0.29873734413336755,0.9457805690509974,1.1102230246251565e-16,0.9457805690509975,0.9457805690509975,0.9335656624315317,2.275280134513746e-16,0.9335656624315314,0.9335656624315316,0.9811320754716979,2.220446049250313e-16,0.9811320754716981,0.9811320754716981,0.9811320754716979,2.220446049250313e-16,0.9811320754716981,0.9811320754716981,0.9803606835992827,2.220446049250313e-16,0.9803606835992825,0.9803606835992825,19.0,0.0,19,19,10.674157303370787,0.0,10.674157303370787,10.674157303370787
wine,zscore_2.5,standard,manhattan,1099.2594145842334,2.2737367544323206e-13,1099.2594145842331,1099.2594145842331,0.32613140332200785,5.551115123125783e-17,0.3261314033220078,0.3261314033220078,0.9060443989929685,0.0,0.9060443989929685,0.9060443989929685,0.8835352685242708,1.1102230246251565e-16,0.8835352685242709,0.8835352685242709,0.9685534591194965,3.3306690738754696e-16,0.9685534591194969,0.9685534591194969,0.9685534591194965,3.3306690738754696e-16,0.9685534591194969,0.9685534591194969,0.9685666497464247,3.3306690738754696e-16,0.968566649746425,0.968566649746425,19.0,0.0,19,19,10.674157303370787,0.0,10.674157303370787,10.674157303370787
wine,zscore_2.5,standard,cosine,1083.0780640858318,2.2737367544323206e-13,1083.078064085832,1083.078064085832,0.4930133997184056,0.0,0.4930133997184056,0.4930133997184056,0.8466802269085616,0.0,0.8466802269085616,0.8466802269085616,0.8576807153163751,2.819616784322031e-16,0.8576807153163748,0.8576807153163749,0.9433962264150942,1.1102230246251565e-16,0.9433962264150944,0.9433962264150944,0.9433962264150942,1.1102230246251565e-16,0.9433962264150944,0.9433962264150944,0.9418723800652076,2.220446049250313e-16,0.9418723800652073,0.9418723800652073,19.0,0.0,19,19,10.674157303370787,0.0,10.674157303370787,10.674157303370787
wine,zscore_2.5,standard,minkowski,1080.4724546042476,1.2749169415459294,1078.734030781819,1086.0505788422195,0.2775672426721477,0.0006489794293693764,0.2763880900640328,0.27850396798853083,0.9033443134308525,0.025194564280059648,0.8466802269085616,0.9457805690509975,0.891754940218824,0.023671498598440137,0.8576807153163749,0.9335656624315316,0.9660377358490564,0.00924335751993652,0.9433962264150944,0.9811320754716981,0.9660377358490564,0.00924335751993652,0.9433962264150944,0.9811320754716981,0.9651522895134288,0.00948352679168265,0.9418723800652073,0.9810178780767016,19.0,0.0,19,19,10.674157303370787,0.0,10.674157303370787,10.674157303370787
wine,zscore_2.5,standard,chebyshev,1150.5512584590108,1.6337979447736377,1147.485589651997,1156.4352583312495,0.21698725091396448,0.0020222088753204283,0.21408436583109275,0.2219676001004209,0.6809100155441817,0.021276373953727418,0.6512340935659483,0.7350333473235218,0.6765871823203607,0.008578859147417862,0.6622940640435725,0.6978050693803396,0.8800628930817609,0.009954407358618531,0.8679245283018868,0.9056603773584906,0.8800628930817609,0.009954407358618531,0.8679245283018868,0.9056603773584906,0.8779357057596875,0.01060078124722439,0.8650202429149797,0.905426301265582,19.0,0.0,19,19,10.674157303370787,0.0,10.674157303370787,10.674157303370787
wine,zscore_2.5,standard,correlation,1110.5763571033945,0.0,1110.5763571033945,1110.5763571033945,0.46227680969484963,5.551115123125783e-17,0.4622768096948496,0.4622768096948496,0.7529002909570999,0.0,0.7529002909570999,0.7529002909570999,0.7424630644739897,2.220446049250313e-16,0.7424630644739895,0.7424630644739895,0.9119496855345911,1.1102230246251565e-16,0.9119496855345912,0.9119496855345912,0.9119496855345911,1.1102230246251565e-16,0.9119496855345912,0.9119496855345912,0.9116631036003934,2.220446049250313e-16,0.9116631036003936,0.9116631036003936,19.0,0.0,19,19,10.674157303370787,0.0,10.674157303370787,10.674157303370787
wine,zscore_2.5,standard,hamming,2848.2656880571735,91.77131494814783,2517.6409856977075,3080.8998371578946,0.004645937140753968,0.0013012658753885082,0.0018206891479383982,0.0076200090995066,0.022381722579026243,0.023168701290582305,-0.008533125015365472,0.10043145666028017,0.04745686265736054,0.02688674804825043,0.002895066294606588,0.1252263460773005,0.4315723270440251,0.027179418287561256,0.3836477987421384,0.49056603773584906,0.42138364779874216,0.03037156344062801,0.3710691823899371,0.4779874213836478,0.3421655280328151,0.0559029600630289,0.23925667828106856,0.44461866264029054,19.0,0.0,19,19,10.674157303370787,0.0,10.674157303370787,10.674157303370787
wine,zscore_2.5,robust,euclidean,536.7668232023203,1.1368683772161603e-13,536.7668232023202,536.7668232023202,0.2792324415669244,5.551115123125783e-17,0.27923244156692434,0.27923244156692434,0.9457805690509974,1.1102230246251565e-16,0.9457805690509975,0.9457805690509975,0.9335656624315317,2.42222067173519e-16,0.9335656624315314,0.9335656624315316,0.9811320754716979,2.220446049250313e-16,0.9811320754716981,0.9811320754716981,0.9811320754716979,2.220446049250313e-16,0.9811320754716981,0.9811320754716981,0.9803606835992827,2.220446049250313e-16,0.9803606835992825,0.9803606835992825,19.0,0.0,19,19,10.674157303370787,0.0,10.674157303370787,10.674157303370787
wine,zscore_2.5,robust,manhattan,549.1270440083189,1.1368683772161603e-13,549.1270440083188,549.1270440083188,0.3155109920105251,5.551115123125783e-17,0.31551099201052507,0.31551099201052507,0.9060443989929685,0.0,0.9060443989929685,0.9060443989929685,0.8835352685242708,1.1102230246251565e-16,0.8835352685242709,0.8835352685242709,0.9685534591194965,3.3306690738754696e-16,0.9685534591194969,0.9685534591194969,0.9685534591194965,3.3306690738754696e-16,0.9685534591194969,0.9685534591194969,0.9685666497464247,3.3306690738754696e-16,0.968566649746425,0.968566649746425,19.0,0.0,19,19,10.674157303370787,0.0,10.674157303370787,10.674157303370787
wine,zscore_2.5,robust,cosine,541.5595940576601,1.1368683772161603e-13,541.55959405766,541.55959405766,0.46147016189830053,1.6653345369377348e-16,0.4614701618983007,0.4614701618983007,0.827712744546148,2.220446049250313e-16,0.8277127445461482,0.8277127445461482,0.8290028830237991,5.551115123125783e-16,0.8290028830237985,0.8290028830237985,0.9371069182389941,3.3306690738754696e-16,0.9371069182389937,0.9371069182389937,0.9371069182389941,3.3306690738754696e-16,0.9371069182389937,0.9371069182389937,0.9356561448666711,1.1102230246251565e-16,0.9356561448666713,0.9356561448666713,19.0,0.0,19,19,10.674157303370787,0.0,10.674157303370787,10.674157303370787
wine,zscore_2.5,robust,minkowski,540.067695344783,0.5000972830517144,539.7310043063487,542.1858915074777,0.25433610310159027,0.0006511126937308043,0.25214550724985446,0.255297095689292,0.9072384307800228,0.023330157152188797,0.8346616316470373,0.9257303344420608,0.8878330603504669,0.021924312533547024,0.8077816613152129,0.9045594764422937,0.9681761006289307,0.00833517245636695,0.9433962264150944,0.9748427672955975,0.9681761006289307,0.00833517245636695,0.9433962264150944,0.9748427672955975,0.9676741526094452,0.008420350829738507,0.9428626394767218,0.9744616069125686,19.0,0.0,19,19,10.674157303370787,0.0,10.674157303370787,10.674157303370787
wine,zscore_2.5,robust,chebyshev,574.9474345617604,2.2820966693659503,571.5834594041885,581.2162648264596,0.21011999041253737,0.0029764907647261197,0.20095035118230217,0.2137289369858756,0.6335649211845047,0.010386977531318752,0.5983695791270442,0.6546585010433502,0.5938687650837723,0.00804131631752814,0.5727812351265114,0.6128123854993158,0.8655974842767296,0.004761218143720788,0.8490566037735849,0.8742138364779874,0.8655974842767296,0.004761218143720788,0.8490566037735849,0.8742138364779874,0.8661471625076319,0.005130481243343399,0.8479453282015136,0.8744717477833454,19.0,0.0,19,19,10.674157303370787,0.0,10.674157303370787,10.674157303370787
wine,zscore_2.5,robust,correlation,558.8894486965718,0.3685074243796306,558.7807817855554,560.1391181732588,0.42967526515921683,0.00045896069458921916,0.42811885371922276,0.4298106052844339,0.7045344842060121,0.00450864112135142,0.7032049584729472,0.7198240301362587,0.6994740423693366,0.0035721839578654623,0.6984206627883511,0.7115879075506719,0.8935849056603773,0.001706246536635287,0.8930817610062893,0.89937106918239,0.8935849056603773,0.001706246536635287,0.8930817610062893,0.89937106918239,0.8925794831453253,0.00169882193551559,0.8920785278866626,0.8983404686199443,19.0,0.0,19,19,10.674157303370787,0.0,10.674157303370787,10.674157303370787
wine,zscore_2.5,robust,hamming,1314.1323883702432,36.56217626740076,1185.5994494798083,1390.8292642280026,0.0047348158808932185,0.001315556498681345,0.0018206891479383982,0.008387841265965394,0.019239698655414663,0.020926606796206774,-0.008533125015365472,0.10043145666028017,0.04506140204011188,0.0235216077914381,0.005442599605552438,0.11177335885675417,0.4315723270440251,0.026155961655602453,0.3836477987421384,0.49056603773584906,0.4205031446540881,0.02984632925704353,0.3710691823899371,0.4779874213836478,0.3397940746652443,0.05430519563903198,0.23925667828106856,0.4460834590246355,19.0,0.0,19,19,10.674157303370787,0.0,10.674157303370787,10.674157303370787
wine,zscore_3.5,none,euclidean,2316497.221401234,4.656612873077393e-10,2316497.2214012337,2316497.2214012337,0.5746020776506819,2.220446049250313e-16,0.5746020776506822,0.5746020776506822,0.3810279842655968,1.6653345369377348e-16,0.38102798426559664,0.38102798426559664,0.4346405285525309,1.1102230246251565e-16,0.434640528552531,0.434640528552531,0.7085714285714285,0.0,0.7085714285714285,0.7085714285714285,0.7085714285714285,0.0,0.7085714285714285,0.7085714285714285,0.7085166002110138,0.0,0.7085166002110138,0.7085166002110138,3.0,0.0,3,3,1.6853932584269657,4.440892098500626e-16,1.6853932584269662,1.6853932584269662
wine,zscore_3.5,none,manhattan,2469084.8419627,4.656612873077393e-10,2469084.8419627002,2469084.8419627002,0.5432983738468231,1.1102230246251565e-16,0.5432983738468232,0.5432983738468232,0.3850861562331355,0.0,0.3850861562331355,0.3850861562331355,0.4375407910622059,5.551115123125783e-17,0.43754079106220584,0.43754079106220584,0.714285714285714,3.3306690738754696e-16,0.7142857142857143,0.7142857142857143,0.714285714285714,3.3306690738754696e-16,0.7142857142857143,0.7142857142857143,0.7147697232747143,0.0,0.7147697232747143,0.7147697232747143,3.0,0.0,3,3,1.6853932584269657,4.440892098500626e-16,1.6853932584269662,1.6853932584269662
wine,zscore_3.5,none,cosine,3584409.506044494,12195.027614293966,3578234.825577816,3613110.8542242115,0.6880444015215366,0.010010875779380268,0.6710881243245523,0.6951387541730732,0.3568848103967486,0.016349964685368746,0.3223854414877282,0.3662443740623437,0.3975088664986163,0.01678410153583397,0.36365922914434284,0.40822068788092847,0.7007428571428572,0.01251037120772607,0.6742857142857143,0.7085714285714285,0.7007428571428572,0.01251037120772607,0.6742857142857143,0.7085714285714285,0.7032439787747348,0.011721758371089847,0.6784031871651995,0.7106075373619234,3.0,0.0,3,3,1.6853932584269657,4.440892098500626e-16,1.6853932584269662,1.6853932584269662
wine,zscore_3.5,none,minkowski,2316497.221401234,4.656612873077393e-10,2316497.2214012337,2316497.2214012337,0.5782783897241892,1.1102230246251565e-16,0.5782783897241893,0.5782783897241893,0.3810279842655968,1.6653345369377348e-16,0.38102798426559664,0.38102798426559664,0.4346405285525309,1.1102230246251565e-16,0.434640528552531,0.434640528552531,0.7085714285714285,0.0,0.7085714285714285,0.7085714285714285,0.7085714285714285,0.0,0.7085714285714285,0.7085714285714285,0.7085166002110138,0.0,0.7085166002110138,0.7085166002110138,3.0,0.0,3,3,1.6853932584269657,4.440892098500626e-16,1.6853932584269662,1.6853932584269662
wine,zscore_3.5,none,chebyshev,2316497.221401234,4.656612873077393e-10,2316497.2214012337,2316497.2214012337,0.5800842309951676,1.1102230246251565e-16,0.5800842309951677,0.5800842309951677,0.3810279842655968,1.6653345369377348e-16,0.38102798426559664,0.38102798426559664,0.4346405285525309,1.1102230246251565e-16,0.434640528552531,0.434640528552531,0.7085714285714285,0.0,0.7085714285714285,0.7085714285714285,0.7085714285714285,0.0,0.7085714285714285,0.7085714285714285,0.7085166002110138,0.0,0.7085166002110138,0.7085166002110138,3.0,0.0,3,3,1.6853932584269657,4.440892098500626e-16,1.6853932584269662,1.6853932584269662
wine,zscore_3.5,none,correlation,3660264.629905368,71768.9293145763,3607275.948180014,3758020.558057094,0.6668707203067279,0.0005906418653925167,0.6663424257072045,0.6715769597907564,0.32662926860193714,0.006366125007209278,0.3179552860819221,0.3313187319881627,0.3758085753783598,0.004395650113281034,0.3698206077205089,0.38023977982339185,0.6780000000000003,0.0027255405754770205,0.6742857142857143,0.68,0.6780000000000003,0.0027255405754770205,0.6742857142857143,0.68,0.68342615225667,0.002359440912905277,0.6802108036890645,0.685254154280703,3.0,0.0,3,3,1.6853932584269657,4.440892098500626e-16,1.6853932584269662,1.6853932584269662
wine,zscore_3.5,none,hamming,18087724.55606932,496262.2560103569,16629928.9040614,19031477.9877438,0.005137719187090275,0.001265569614043169,0.0006261592175137245,0.008409267265288121,0.018462187031169988,0.017642651609671288,-0.009173410160929624,0.07725307274664052,0.04312987479295636,0.02283182110427654,0.0017291499443359939,0.09883050766278959,0.4274285714285714,0.022146082714372687,0.38857142857142857,0.49142857142857144,0.41428571428571415,0.026857142857142857,0.3657142857142857,0.49142857142857144,0.32966465906943293,0.05274788352696351,0.18655692729766804,0.4612024500322372,3.0,0.0,3,3,1.6853932584269657,4.440892098500626e-16,1.6853932584269662,1.6853932584269662
wine,zscore_3.5,minmax,euclidean,50.047395365226336,0.0,50.047395365226336,50.047395365226336,0.3023504653312995,5.551115123125783e-17,0.30235046533129945,0.30235046533129945,0.8847218422652332,1.1102230246251565e-16,0.8847218422652331,0.8847218422652331,0.8710272807609709,1.4686870114880517e-16,0.8710272807609707,0.8710272807609708,0.96,0.0,0.96,0.96,0.96,0.0,0.96,0.96,0.9595031811174085,2.220446049250313e-16,0.9595031811174083,0.9595031811174083,3.0,0.0,3,3,1.6853932584269657,4.440892098500626e-16,1.6853932584269662,1.6853932584269662
wine,zscore_3.5,minmax,manhattan,51.35871801773838,0.0,51.35871801773838,51.35871801773838,0.32432427678483355,5.551115123125783e-17,0.3243242767848336,0.3243242767848336,0.8791160646611739,1.1102230246251565e-16,0.8791160646611738,0.8791160646611738,0.8596280515878817,3.3306690738754696e-16,0.859628051587882,0.859628051587882,0.96,0.0,0.96,0.96,0.96,0.0,0.96,0.96,0.9608821728531985,2.220446049250313e-16,0.9608821728531983,0.9608821728531983,3.0,0.0,3,3,1.6853932584269657,4.440892098500626e-16,1.6853932584269662,1.6853932584269662
wine,zscore_3.5,minmax,cosine,51.42646922224067,7.105427357601002e-15,51.42646922224066,51.42646922224066,0.4507920616076089,1.6653345369377348e-16,0.45079206160760904,0.45079206160760904,0.7689196878225018,1.1102230246251565e-16,0.7689196878225016,0.7689196878225016,0.7487373212999816,1.336885555457667e-16,0.7487373212999814,0.7487373212999815,0.9200000000000002,1.1102230246251565e-16,0.92,0.92,0.9200000000000002,1.1102230246251565e-16,0.92,0.92,0.9214971963284404,2.220446049250313e-16,0.9214971963284402,0.9214971963284402,3.0,0.0,3,3,1.6853932584269657,4.440892098500626e-16,1.6853932584269662,1.6853932584269662
wine,zscore_3.5,minmax,minkowski,50.24653011947922,0.07931061973355627,50.1745561596958,50.66370595450928,0.28272609413152483,0.0008496103161505724,0.2793938574193648,0.2845514273985352,0.8247312255641738,0.014947599086489212,0.7861753167752326,0.8523195079077277,0.8047996562683276,0.014014784378598436,0.768955031685327,0.8402812800184551,0.9392571428571427,0.0052156749617017495,0.9257142857142857,0.9485714285714286,0.9392571428571427,0.0052156749617017495,0.9257142857142857,0.9485714285714286,0.9394312815452277,0.005117317361697892,0.9262861690275347,0.948168675517502,3.0,0.0,3,3,1.6853932584269657,4.440892098500626e-16,1.6853932584269662,1.6853932584269662
wine,zscore_3.5,minmax,chebyshev,54.12024113566179,2.1316282072803006e-14,54.120241135661814,54.120241135661814,0.2417558457596107,5.551115123125783e-17,0.24175584575961076,0.24175584575961076,0.6806209760848229,0.0,0.6806209760848229,0.6806209760848229,0.7090800370448668,3.236828524569469e-16,0.7090800370448663,0.7090800370448667,0.88,0.0,0.88,0.88,0.88,0.0,0.88,0.88,0.8780395256916996,0.0,0.8780395256916996,0.8780395256916996,3.0,0.0,3,3,1.6853932584269657,4.440892098500626e-16,1.6853932584269662,1.6853932584269662
wine,zscore_3.5,minmax,correlation,51.49953339011315,7.105427357601002e-15,51.49953339011314,51.49953339011314,0.47853689796601695,5.551115123125783e-17,0.4785368979660169,0.4785368979660169,0.7395643619583406,0.0,0.7395643619583406,0.7395643619583406,0.7216331688439351,1.3597399555105182e-16,0.7216331688439348,0.7216331688439351,0.9085714285714289,3.3306690738754696e-16,0.9085714285714286,0.9085714285714286,0.9085714285714289,3.3306690738754696e-16,0.9085714285714286,0.9085714285714286,0.9102248475593576,1.1102230246251565e-16,0.9102248475593577,0.9102248475593577,3.0,0.0,3,3,1.6853932584269657,4.440892098500626e-16,1.6853932584269662,1.6853932584269662
wine,zscore_3.5,minmax,hamming,127.21355159875577,3.4762870878428513,114.91351568833875,137.89848397465187,0.004650842629769811,0.0013567117580643635,0.0019796160828282894,0.007748127795955657,0.021255170602637,0.01722309425290975,-0.007921966803998022,0.0807033483674652,0.046715987086757546,0.019550992782311365,0.00659117733899461,0.09970385624741125,0.4320571428571428,0.023026444424989776,0.38857142857142857,0.5028571428571429,0.42177142857142863,0.026810841547586603,0.3657142857142857,0.5028571428571429,0.33891924540935336,0.05171935687088184,0.18655692729766804,0.48526897938662644,3.0,0.0,3,3,1.6853932584269657,4.440892098500626e-16,1.6853932584269662,1.6853932584269662
wine,zscore_3.5,standard,euclidean,1239.7140621838926,0.06631811389210288,1239.6973072057879,1239.9765568408666,0.2875720024426797,0.00014505773971579624,0.28699784736809375,0.2876086506389299,0.9128953699954239,0.004172488535385411,0.8963801845876205,0.9139495307661347,0.8905259498886265,0.003998852661030421,0.8746980350710472,0.8915362423237908,0.9710857142857146,0.0013570676670900377,0.9657142857142857,0.9714285714285714,0.9710857142857146,0.0013570676670900377,0.9657142857142857,0.9714285714285714,0.9712985354532894,0.001275512456646258,0.9662499117044572,0.9716207880330018,3.0,0.0,3,3,1.6853932584269657,4.440892098500626e-16,1.6853932584269662,1.6853932584269662
wine,zscore_3.5,standard,manhattan,1270.259477743424,4.547473508864641e-13,1270.2594777434235,1270.2594777434235,0.31712855862553174,0.0,0.31712855862553174,0.31712855862553174,0.8791160646611739,1.1102230246251565e-16,0.8791160646611738,0.8791160646611738,0.8596280515878817,3.3306690738754696e-16,0.859628051587882,0.859628051587882,0.96,0.0,0.96,0.96,0.96,0.0,0.96,0.96,0.9608821728531985,2.220446049250313e-16,0.9608821728531983,0.9608821728531983,3.0,0.0,3,3,1.6853932584269657,4.440892098500626e-16,1.6853932584269662,1.6853932584269662
wine,zscore_3.5,standard,cosine,1248.658444778206,4.547473508864641e-13,1248.6584447782056,1248.6584447782056,0.48020234746151685,1.6653345369377348e-16,0.480202347461517,0.480202347461517,0.8066499267418732,3.3306690738754696e-16,0.8066499267418735,0.8066499267418735,0.8031652945139716,1.7342238036525468e-16,0.8031652945139712,0.8031652945139715,0.931428571428571,3.3306690738754696e-16,0.9314285714285714,0.9314285714285714,0.931428571428571,3.3306690738754696e-16,0.9314285714285714,0.9314285714285714,0.9309060441025249,1.1102230246251565e-16,0.930906044102525,0.930906044102525,3.0,0.0,3,3,1.6853932584269657,4.440892098500626e-16,1.6853932584269662,1.6853932584269662
wine,zscore_3.5,standard,minkowski,1251.147819192561,2.4548917485115656,1247.5777269774553,1254.3500039370329,0.26631637108761747,0.000753130826844687,0.26508525201456257,0.2681576538643555,0.8530049419784745,0.018911891441314308,0.8302688649752432,0.8981021573486015,0.8380620127783501,0.016922843260843663,0.8187757418299175,0.8769983666284552,0.950342857142857,0.006794715834036491,0.9428571428571428,0.9657142857142857,0.950342857142857,0.006794715834036491,0.9428571428571428,0.9657142857142857,0.9509903310911534,0.0069471123843268265,0.9430081686590848,0.9657264957264958,3.0,0.0,3,3,1.6853932584269657,4.440892098500626e-16,1.6853932584269662,1.6853932584269662
wine,zscore_3.5,standard,chebyshev,1343.593570160948,4.029458117141386,1339.161108712981,1352.0258025583435,0.2090320821126027,0.0013594041540585286,0.20839539358730313,0.21513699964126415,0.6126609981299378,0.011207840757528557,0.6001276765265513,0.6598512403086652,0.642248733010092,0.008747990291374495,0.6319020050694419,0.6605826243671136,0.8504571428571427,0.004852434692912351,0.8457142857142858,0.8742857142857143,0.8504571428571427,0.004852434692912351,0.8457142857142858,0.8742857142857143,0.8476362920517698,0.005010547116194552,0.8429707407267014,0.8732174713483124,3.0,0.0,3,3,1.6853932584269657,4.440892098500626e-16,1.6853932584269662,1.6853932584269662
wine,zscore_3.5,standard,correlation,1274.9106499852642,0.0,1274.9106499852642,1274.9106499852642,0.46196182096599364,1.1102230246251565e-16,0.46196182096599353,0.46196182096599353,0.7535059781204028,0.0,0.7535059781204028,0.7535059781204028,0.7326152134258431,1.2947314098277876e-16,0.7326152134258429,0.7326152134258431,0.9142857142857143,0.0,0.9142857142857143,0.9142857142857143,0.9142857142857143,0.0,0.9142857142857143,0.9142857142857143,0.9162286896928356,0.0,0.9162286896928356,0.9162286896928356,3.0,0.0,3,3,1.6853932584269657,4.440892098500626e-16,1.6853932584269662,1.6853932584269662
wine,zscore_3.5,standard,hamming,2976.7663584818297,82.29009895792666,2689.161420786032,3160.5851372463776,0.00464640551145415,0.0013541997775641894,0.000764979272791659,0.0078003857956918015,0.019437705717902307,0.0161111617950345,-0.008093735115134594,0.0807033483674652,0.04480742652768959,0.018823044696494824,0.0065239262544057736,0.09970385624741125,0.4308571428571429,0.02394551638829367,0.38857142857142857,0.5028571428571429,0.4200571428571429,0.02754137518241919,0.3657142857142857,0.5028571428571429,0.33503591985602116,0.0538076121594773,0.18655692729766804,0.48526897938662644,3.0,0.0,3,3,1.6853932584269657,4.440892098500626e-16,1.6853932584269662,1.6853932584269662
wine,zscore_3.5,robust,euclidean,626.6517557234556,1.1368683772161603e-13,626.6517557234557,626.6517557234557,0.2715130071288182,1.1102230246251565e-16,0.2715130071288183,0.2715130071288183,0.9286481843752062,1.1102230246251565e-16,0.9286481843752064,0.9286481843752064,0.9099713139701078,1.631687946612622e-16,0.9099713139701078,0.909971313970108,0.9771428571428568,3.3306690738754696e-16,0.9771428571428571,0.9771428571428571,0.9771428571428568,3.3306690738754696e-16,0.9771428571428571,0.9771428571428571,0.9781981009722341,1.1102230246251565e-16,0.978198100972234,0.978198100972234,3.0,0.0,3,3,1.6853932584269657,4.440892098500626e-16,1.6853932584269662,1.6853932584269662
wine,zscore_3.5,robust,manhattan,643.7862160015717,1.1368683772161603e-13,643.7862160015716,643.7862160015716,0.30849082381399145,0.0,0.30849082381399145,0.30849082381399145,0.8791160646611739,1.1102230246251565e-16,0.8791160646611738,0.8791160646611738,0.8596280515878817,3.3306690738754696e-16,0.859628051587882,0.859628051587882,0.96,0.0,0.96,0.96,0.96,0.0,0.96,0.96,0.9608821728531985,2.220446049250313e-16,0.9608821728531983,0.9608821728531983,3.0,0.0,3,3,1.6853932584269657,4.440892098500626e-16,1.6853932584269662,1.6853932584269662
wine,zscore_3.5,robust,cosine,633.4900477885523,0.0,633.4900477885523,633.4900477885523,0.45103163925872275,0.0,0.45103163925872275,0.45103163925872275,0.7903129056696991,2.220446049250313e-16,0.7903129056696994,0.7903129056696994,0.7883247704685723,1.1537776118301385e-16,0.7883247704685721,0.7883247704685723,0.9257142857142857,0.0,0.9257142857142857,0.9257142857142857,0.9257142857142857,0.0,0.9257142857142857,0.9257142857142857,0.9252692573764142,3.3306690738754696e-16,0.9252692573764145,0.9252692573764145,3.0,0.0,3,3,1.6853932584269657,4.440892098500626e-16,1.6853932584269662,1.6853932584269662
wine,zscore_3.5,robust,minkowski,634.7908332332332,0.16000962898547189,634.3108043462767,634.8441697762282,0.24548563482042088,0.0003403206360242855,0.24446467291234797,0.24559907503242892,0.8315220716835916,0.005449273178987291,0.8151742521466292,0.8333384960765868,0.8166025963344903,0.01001484825375989,0.7865580515732103,0.8199408790857433,0.9422857142857142,0.0017142857142857014,0.9371428571428572,0.9428571428571428,0.9422857142857142,0.0017142857142857014,0.9371428571428572,0.9428571428571428,0.9425481428490261,0.0013800774301761189,0.9384079105584977,0.9430081686590848,3.0,0.0,3,3,1.6853932584269657,4.440892098500626e-16,1.6853932584269662,1.6853932584269662
wine,zscore_3.5,robust,chebyshev,692.9180302836481,4.45331992816703,684.2127901382214,701.7178389667203,0.1961594330443188,0.003199347465639417,0.19244747334800844,0.2006059182836945,0.5488598237639871,0.023413294113152478,0.5229732025362858,0.5940224389148103,0.5358976052210928,0.021497943109125752,0.5120631502474483,0.5800405706541736,0.8281142857142857,0.01014764474533627,0.8171428571428572,0.8457142857142858,0.8281142857142857,0.01014764474533627,0.8171428571428572,0.8457142857142858,0.8279739265347483,0.009933576880272535,0.8165832189291771,0.8448433024704212,3.0,0.0,3,3,1.6853932584269657,4.440892098500626e-16,1.6853932584269662,1.6853932584269662
wine,zscore_3.5,robust,correlation,647.741647451734,1.6203681965536851,644.7142423545215,650.4610341451819,0.42922404922759677,0.00037469056028966786,0.4280605257002919,0.429739565006549,0.7262640974414022,0.009351866251303631,0.7103481736195817,0.7548478580028408,0.710254897543029,0.010856262322268717,0.6854490327903314,0.7376934902474241,0.9029714285714284,0.003612224143835227,0.8971428571428571,0.9142857142857143,0.9029714285714284,0.003612224143835227,0.8971428571428571,0.9142857142857143,0.9040734833934891,0.0036036894727500966,0.8983174603174603,0.9154883548198844,3.0,0.0,3,3,1.6853932584269657,4.440892098500626e-16,1.6853932584269662,1.6853932584269662
wine,zscore_3.5,robust,hamming,1417.0094691292197,36.45713475438536,1290.2054920317423,1483.9430951110303,0.004587012350291412,0.0013211781815658814,0.000764979272791659,0.0078003857956918015,0.017456812970563583,0.014851477809429092,-0.008093735115134594,0.07614090610907019,0.04208779713865731,0.018405012181372256,0.0065239262544057736,0.09679572552732726,0.4285714285714286,0.022453580233586855,0.38857142857142857,0.4857142857142857,0.4177714285714286,0.026009668531968205,0.3657142857142857,0.4857142857142857,0.3342800213071762,0.0538122792459634,0.18655692729766804,0.4395073811271511,3.0,0.0,3,3,1.6853932584269657,4.440892098500626e-16,1.6853932584269662,1.6853932584269662
wine,iqr,none,euclidean,2214326.701551202,4.656612873077393e-10,2214326.7015512018,2214326.7015512018,0.571535199760289,2.220446049250313e-16,0.5715351997602888,0.5715351997602888,0.41152372914367336,5.551115123125783e-17,0.4115237291436733,0.4115237291436733,0.46952995429916883,7.28021923224409e-17,0.4695299542991687,0.46952995429916883,0.7204968944099377,2.220446049250313e-16,0.7204968944099379,0.7204968944099379,0.7204968944099377,2.220446049250313e-16,0.7204968944099379,0.7204968944099379,0.715990195371639,3.3306690738754696e-16,0.7159901953716387,0.7159901953716387,17.0,0.0,17,17,9.550561797752808,1.7763568394002505e-15,9.55056179775281,9.55056179775281
wine,iqr,none,manhattan,2352733.5434727003,4.656612873077393e-10,2352733.5434727,2352733.5434727,0.539574621393084,0.0,0.539574621393084,0.539574621393084,0.41167200077587046,5.551115123125783e-17,0.4116720007758704,0.4116720007758704,0.4715009878314656,1.4602703977091185e-16,0.4715009878314654,0.4715009878314656,0.7267080745341614,1.1102230246251565e-16,0.7267080745341615,0.7267080745341615,0.7267080745341614,1.1102230246251565e-16,0.7267080745341615,0.7267080745341615,0.7244763146458065,4.440892098500626e-16,0.7244763146458061,0.7244763146458061,17.0,0.0,17,17,9.550561797752808,1.7763568394002505e-15,9.55056179775281,9.55056179775281
wine,iqr,none,cosine,3189495.004722963,0.0,3189495.004722963,3189495.004722963,0.6639337183883556,1.1102230246251565e-16,0.6639337183883557,0.6639337183883557,0.32661228837674805,1.1102230246251565e-16,0.32661228837674794,0.32661228837674794,0.3779079755702488,1.5049563497322404e-16,0.3779079755702489,0.37790797557024897,0.6645962732919253,2.220446049250313e-16,0.6645962732919255,0.6645962732919255,0.6645962732919253,2.220446049250313e-16,0.6645962732919255,0.6645962732919255,0.6659067406730957,1.1102230246251565e-16,0.6659067406730959,0.6659067406730959,17.0,0.0,17,17,9.550561797752808,1.7763568394002505e-15,9.55056179775281,9.55056179775281
wine,iqr,none,minkowski,2214326.701551202,4.656612873077393e-10,2214326.7015512018,2214326.7015512018,0.5747107308153749,1.1102230246251565e-16,0.5747107308153748,0.5747107308153748,0.41152372914367336,5.551115123125783e-17,0.4115237291436733,0.4115237291436733,0.46952995429916883,7.28021923224409e-17,0.4695299542991687,0.46952995429916883,0.7204968944099377,2.220446049250313e-16,0.7204968944099379,0.7204968944099379,0.7204968944099377,2.220446049250313e-16,0.7204968944099379,0.7204968944099379,0.715990195371639,3.3306690738754696e-16,0.7159901953716387,0.7159901953716387,17.0,0.0,17,17,9.550561797752808,1.7763568394002505e-15,9.55056179775281,9.55056179775281
wine,iqr,none,chebyshev,2214326.701551202,4.656612873077393e-10,2214326.7015512018,2214326.7015512018,0.5762380042808166,0.0,0.5762380042808166,0.5762380042808166,0.41152372914367336,5.551115123125783e-17,0.4115237291436733,0.4115237291436733,0.46952995429916883,7.28021923224409e-17,0.4695299542991687,0.46952995429916883,0.7204968944099377,2.220446049250313e-16,0.7204968944099379,0.7204968944099379,0.7204968944099377,2.220446049250313e-16,0.7204968944099379,0.7204968944099379,0.715990195371639,3.3306690738754696e-16,0.7159901953716387,0.7159901953716387,17.0,0.0,17,17,9.550561797752808,1.7763568394002505e-15,9.55056179775281,9.55056179775281
wine,iqr,none,correlation,3446410.7546426435,2.3283064365386963e-09,3446410.754642641,3446410.754642641,0.6854931962693444,0.0,0.6854931962693444,0.6854931962693444,0.3584576008827721,5.551115123125783e-17,0.3584576008827722,0.3584576008827722,0.40042428622348925,1.6653345369377348e-16,0.4004242862234891,0.4004242862234891,0.6956521739130435,0.0,0.6956521739130435,0.6956521739130435,0.6956521739130435,0.0,0.6956521739130435,0.6956521739130435,0.6941961071947621,4.440892098500626e-16,0.6941961071947625,0.6941961071947625,17.0,0.0,17,17,9.550561797752808,1.7763568394002505e-15,9.55056179775281,9.55056179775281
wine,iqr,none,hamming,17903042.937784605,601800.7030560878,16082013.822741799,19817481.0334652,0.004941986319346636,0.0012195014787397785,0.0023323222843829234,0.008153609676428105,0.022608086645644145,0.02102182132373657,-0.010983914790226887,0.09812262694269491,0.05128953639898365,0.027760973254620912,0.009109066558745778,0.12190844514281353,0.44229813664596274,0.02571901117801173,0.391304347826087,0.5093167701863354,0.43037267080745345,0.03161356450554276,0.35403726708074534,0.5093167701863354,0.34560971966140647,0.04856501321554413,0.2531945502242532,0.458131679774148,17.0,0.0,17,17,9.550561797752808,1.7763568394002505e-15,9.55056179775281,9.55056179775281
wine,iqr,minmax,euclidean,51.97498641849791,2.1316282072803006e-14,51.974986418497934,51.974986418497934,0.3157287958234431,0.0,0.3157287958234431,0.3157287958234431,0.9477552270733064,1.1102230246251565e-16,0.9477552270733063,0.9477552270733063,0.9344542041630081,0.0,0.9344542041630081,0.9344542041630081,0.9813664596273292,0.0,0.9813664596273292,0.9813664596273292,0.9813664596273292,0.0,0.9813664596273292,0.9813664596273292,0.9801023857818995,4.440892098500626e-16,0.980102385781899,0.980102385781899,17.0,0.0,17,17,9.550561797752808,1.7763568394002505e-15,9.55056179775281,9.55056179775281
wine,iqr,minmax,manhattan,53.04004681136735,2.842170943040401e-14,53.04004681136732,53.04004681136732,0.33887615894962375,0.0,0.33887615894962375,0.33887615894962375,0.908070041872859,2.220446049250313e-16,0.9080700418728588,0.9080700418728588,0.8846143195966044,9.42055475210265e-17,0.8846143195966042,0.8846143195966044,0.9689440993788826,5.551115123125783e-16,0.968944099378882,0.968944099378882,0.9689440993788826,5.551115123125783e-16,0.968944099378882,0.968944099378882,0.9686110153672983,0.0,0.9686110153672983,0.9686110153672983,17.0,0.0,17,17,9.550561797752808,1.7763568394002505e-15,9.55056179775281,9.55056179775281
wine,iqr,minmax,cosine,53.2117486848467,0.02033886018297561,53.207597032396876,53.31138834364292,0.466268940485556,0.00022658174045979624,0.46622268968145947,0.46737895978387245,0.8322551272088927,0.00349334582728474,0.815141297665036,0.8329682034398868,0.8070135003562297,0.0026299649119142527,0.7941293562050024,0.8075503396958642,0.9438509316770184,0.0012171377603891586,0.937888198757764,0.9440993788819876,0.9438509316770184,0.0012171377603891586,0.937888198757764,0.9440993788819876,0.9455213283600333,0.0011306628019695534,0.9399822344880916,0.945752123938031,17.0,0.0,17,17,9.550561797752808,1.7763568394002505e-15,9.55056179775281,9.55056179775281
wine,iqr,minmax,minkowski,51.99204656510359,1.4210854715202004e-14,51.99204656510358,51.99204656510358,0.29873277486508154,5.551115123125783e-17,0.2987327748650816,0.2987327748650816,0.9277321602324514,2.220446049250313e-16,0.9277321602324512,0.9277321602324512,0.9055866202860418,2.541416664283335e-16,0.9055866202860413,0.9055866202860418,0.9751552795031055,0.0,0.9751552795031055,0.9751552795031055,0.9751552795031055,0.0,0.9751552795031055,0.9751552795031055,0.9743573092491856,2.220446049250313e-16,0.9743573092491854,0.9743573092491854,17.0,0.0,17,17,9.550561797752808,1.7763568394002505e-15,9.55056179775281,9.55056179775281
wine,iqr,minmax,chebyshev,54.15008077000363,0.12011056436004522,54.08017174105629,54.503589332686495,0.2585250260090357,0.0009164929287946636,0.25513941967316905,0.2596139128633636,0.8209713151226353,0.004891708173901475,0.8021097863082066,0.8227964212008559,0.7940841565625025,0.0014897295267276834,0.7799543807552345,0.7944915817744577,0.9375155279503101,0.001475073551184837,0.9316770186335404,0.937888198757764,0.9375155279503101,0.001475073551184837,0.9316770186335404,0.937888198757764,0.9368094067377215,0.001300024452450336,0.9318469325837165,0.9378290411123277,17.0,0.0,17,17,9.550561797752808,1.7763568394002505e-15,9.55056179775281,9.55056179775281
wine,iqr,minmax,correlation,53.42507244518385,0.01569826331732395,53.42284626419148,53.547566619578944,0.4766591376923057,1.8768154730813385e-05,0.4764833636652059,0.47666155654701275,0.7838234181562944,0.0022458551146549476,0.7670147237851818,0.7841434451259761,0.7586333960693733,0.0017865102136174977,0.7456745132210533,0.7588884413253107,0.9253416149068321,0.0008695652173913059,0.9192546583850931,0.9254658385093167,0.9253416149068321,0.0008695652173913059,0.9192546583850931,0.9254658385093167,0.9264515384427787,0.0008863447116440621,0.9198218520446527,0.9265778458041999,17.0,0.0,17,17,9.550561797752808,1.7763568394002505e-15,9.55056179775281,9.55056179775281
wine,iqr,minmax,hamming,149.61807255768767,5.573430578002234,134.847737388307,163.4139384442933,0.004577123967265448,0.0015202279028135254,0.0015357800942056733,0.008084945605171036,0.023911433292172046,0.023053901100356353,-0.011365543751616369,0.09172538554038945,0.04641736742073485,0.02369206487663787,0.002607668943823511,0.11455468735888961,0.43472049689440995,0.023626907925785798,0.391304347826087,0.4906832298136646,0.42211180124223596,0.029025822303644776,0.36024844720496896,0.4906832298136646,0.33997421858913746,0.04920869905303905,0.2499140006879945,0.44488708472587324,17.0,0.0,17,17,9.550561797752808,1.7763568394002505e-15,9.55056179775281,9.55056179775281
wine,iqr,standard,euclidean,1079.6561882739647,2.2737367544323206e-13,1079.656188273965,1079.656188273965,0.30101473370330095,5.551115123125783e-17,0.3010147337033009,0.3010147337033009,0.9477552270733064,1.1102230246251565e-16,0.9477552270733063,0.9477552270733063,0.9344542041630081,0.0,0.9344542041630081,0.9344542041630081,0.9813664596273292,0.0,0.9813664596273292,0.9813664596273292,0.9813664596273292,0.0,0.9813664596273292,0.9813664596273292,0.9801023857818995,4.440892098500626e-16,0.980102385781899,0.980102385781899,17.0,0.0,17,17,9.550561797752808,1.7763568394002505e-15,9.55056179775281,9.55056179775281
wine,iqr,standard,manhattan,1105.475041320696,2.2737367544323206e-13,1105.4750413206957,1105.4750413206957,0.3290655439140928,1.1102230246251565e-16,0.32906554391409293,0.32906554391409293,0.908070041872859,2.220446049250313e-16,0.9080700418728588,0.9080700418728588,0.8846143195966044,9.42055475210265e-17,0.8846143195966042,0.8846143195966044,0.9689440993788826,5.551115123125783e-16,0.968944099378882,0.968944099378882,0.9689440993788826,5.551115123125783e-16,0.968944099378882,0.968944099378882,0.9686110153672983,0.0,0.9686110153672983,0.9686110153672983,17.0,0.0,17,17,9.550561797752808,1.7763568394002505e-15,9.55056179775281,9.55056179775281
wine,iqr,standard,cosine,1088.0550542408664,0.0,1088.0550542408664,1088.0550542408664,0.4950649898155684,5.551115123125783e-17,0.49506498981556846,0.49506498981556846,0.8523181772051766,2.220446049250313e-16,0.8523181772051763,0.8523181772051763,0.8597606936794797,3.813741331030777e-16,0.8597606936794799,0.8597606936794802,0.9440993788819873,3.3306690738754696e-16,0.9440993788819876,0.9440993788819876,0.9440993788819873,3.3306690738754696e-16,0.9440993788819876,0.9440993788819876,0.9411932629174992,2.220446049250313e-16,0.9411932629174994,0.9411932629174994,17.0,0.0,17,17,9.550561797752808,1.7763568394002505e-15,9.55056179775281,9.55056179775281
wine,iqr,standard,minkowski,1084.989566651341,1.5998915997635375,1083.7899470843024,1088.957835793088,0.2797643112947758,0.00035228705838787495,0.2780708099706771,0.2806205429006338,0.9120703978632325,0.02213916592626213,0.8673458236701191,0.9648497451438997,0.9010325022676099,0.015865765899519976,0.869999839250191,0.9516570438549838,0.9682608695652176,0.008823155719405977,0.9503105590062112,0.9875776397515528,0.9682608695652176,0.008823155719405977,0.9503105590062112,0.9875776397515528,0.9666242596932269,0.009603045281675033,0.9476226798881261,0.9876738729679907,17.0,0.0,17,17,9.550561797752808,1.7763568394002505e-15,9.55056179775281,9.55056179775281
wine,iqr,standard,chebyshev,1155.8523229852583,1.0990184584775797,1152.140140744895,1156.6434148283727,0.22130963262890205,0.0023654514681744443,0.21825771249057302,0.22326002322621233,0.7202221644608048,0.023754189074200148,0.6902952105447899,0.7401225321757385,0.69304454876585,0.009081651456866815,0.6812637628858524,0.7004094857780994,0.8968944099378882,0.011850176415117361,0.8819875776397516,0.906832298136646,0.8968944099378882,0.011850176415117361,0.8819875776397516,0.906832298136646,0.8946808870856916,0.013193907721344673,0.8781184486373165,0.9057584572290455,17.0,0.0,17,17,9.550561797752808,1.7763568394002505e-15,9.55056179775281,9.55056179775281
wine,iqr,standard,correlation,1114.170220970296,2.2737367544323206e-13,1114.1702209702962,1114.1702209702962,0.4622459252614046,2.220446049250313e-16,0.4622459252614044,0.4622459252614044,0.769269469498594,2.220446049250313e-16,0.7692694694985938,0.7692694694985938,0.7465978438358023,1.1102230246251565e-16,0.7465978438358024,0.7465978438358024,0.9192546583850931,0.0,0.9192546583850931,0.9192546583850931,0.9192546583850931,0.0,0.9192546583850931,0.9192546583850931,0.9198218520446524,3.3306690738754696e-16,0.9198218520446527,0.9198218520446527,17.0,0.0,17,17,9.550561797752808,1.7763568394002505e-15,9.55056179775281,9.55056179775281
wine,iqr,standard,hamming,2897.9394370766795,93.20608303525493,2636.716165918413,3110.166643995918,0.004603267129197879,0.0015249680433505955,0.0014730254057643258,0.008084945605171036,0.02209539238276324,0.022329845214904144,-0.011365543751616369,0.09172538554038945,0.04759930779848012,0.024029984947439395,0.002607668943823511,0.11455468735888961,0.4369565217391304,0.02433284809931543,0.391304347826087,0.5031055900621118,0.4232919254658385,0.03171201330924068,0.36024844720496896,0.5031055900621118,0.342095484618262,0.050807287507532446,0.2499140006879945,0.47411739224604715,17.0,0.0,17,17,9.550561797752808,1.7763568394002505e-15,9.55056179775281,9.55056179775281
wine,iqr,robust,euclidean,557.5346716859746,0.03888429723051865,557.5156699306453,557.7036265038307,0.27384051235092893,0.0004888953689984994,0.27319022281088834,0.2748088877755208,0.9016444426301604,0.0159237885528877,0.8755021976698548,0.9277321602324512,0.8797614930654509,0.01461760115780193,0.8558059817384442,0.9055866202860418,0.9662111801242239,0.005913356638713984,0.9565217391304348,0.9751552795031055,0.9662111801242239,0.005913356638713984,0.9565217391304348,0.9751552795031055,0.965796703963016,0.0061326735188436485,0.9549362071101202,0.9744960852906881,17.0,0.0,17,17,9.550561797752808,1.7763568394002505e-15,9.55056179775281,9.55056179775281
wine,iqr,robust,manhattan,571.4214098314336,1.1368683772161603e-13,571.4214098314337,571.4214098314337,0.3148027932648723,1.1102230246251565e-16,0.3148027932648724,0.3148027932648724,0.908070041872859,2.220446049250313e-16,0.9080700418728588,0.9080700418728588,0.8846143195966044,9.678699938266252e-17,0.8846143195966042,0.8846143195966044,0.9689440993788826,5.551115123125783e-16,0.968944099378882,0.968944099378882,0.9689440993788826,5.551115123125783e-16,0.968944099378882,0.968944099378882,0.9686110153672983,0.0,0.9686110153672983,0.9686110153672983,17.0,0.0,17,17,9.550561797752808,1.7763568394002505e-15,9.55056179775281,9.55056179775281
wine,iqr,robust,cosine,561.229392144155,1.1368683772161603e-13,561.2293921441551,561.2293921441551,0.4539693297681384,0.0,0.4539693297681384,0.4539693297681384,0.8047839890775514,1.1102230246251565e-16,0.8047839890775516,0.8047839890775516,0.8126104382925916,1.1102230246251565e-16,0.8126104382925915,0.8126104382925915,0.9254658385093164,3.3306690738754696e-16,0.9254658385093167,0.9254658385093167,0.9254658385093164,3.3306690738754696e-16,0.9254658385093167,0.9254658385093167,0.9221908695592905,0.0,0.9221908695592905,0.9221908695592905,17.0,0.0,17,17,9.550561797752808,1.7763568394002505e-15,9.55056179775281,9.55056179775281
wine,iqr,robust,minkowski,561.1094201818084,0.08052982422599057,560.8484533011283,561.359163193091,0.24767994192978723,0.00044586090805058835,0.24760360138470217,0.2507881837559603,0.7915543452207414,0.007080318759755831,0.7820688362600805,0.8043161758015105,0.7793582389206616,0.005088569722791553,0.7730113730342171,0.7933849281327255,0.9234161490683226,0.0031737854139232903,0.9192546583850931,0.9316770186335404,0.9234161490683226,0.0031737854139232903,0.9192546583850931,0.9316770186335404,0.921823785679342,0.003357040217104904,0.9174952723224153,0.9316487055617491,17.0,0.0,17,17,9.550561797752808,1.7763568394002505e-15,9.55056179775281,9.55056179775281
wine,iqr,robust,chebyshev,601.709061829821,1.9374969399892321,599.9037109688926,606.5175795323996,0.20699583980471334,0.004042140668062104,0.19718491444144703,0.21080895264516544,0.5807920578279289,0.009794209793780413,0.5604470638037431,0.6021153225274516,0.5421372749226256,0.008450986641577115,0.5283003283152826,0.5632926381333184,0.842298136645963,0.00455538299336868,0.8322981366459627,0.8509316770186336,0.842298136645963,0.00455538299336868,0.8322981366459627,0.8509316770186336,0.8421857356926636,0.004833502450735796,0.830083857442348,0.8503337990995187,17.0,0.0,17,17,9.550561797752808,1.7763568394002505e-15,9.55056179775281,9.55056179775281
wine,iqr,robust,correlation,578.0692481924737,1.464416416893754,577.2501233243938,580.9503079190661,0.41980695918245653,0.0014365274431664026,0.41900377138815226,0.4226445013861283,0.6631985573603429,0.012602054483510419,0.6563817949736372,0.6917558397325068,0.6593756730548403,0.011264050624583756,0.6531858418060564,0.6837861431897166,0.8732919254658382,0.006804006925530026,0.8695652173913043,0.8881987577639752,0.8732919254658382,0.006804006925530026,0.8695652173913043,0.8881987577639752,0.8713878410172364,0.006775823004645838,0.8676898663317659,0.8863942773371031,17.0,0.0,17,17,9.550561797752808,1.7763568394002505e-15,9.55056179775281,9.55056179775281
wine,iqr,robust,hamming,1366.4483962774348,38.616658418130235,1247.4787430860351,1443.54593039976,0.004595032041455257,0.0014690630131032293,0.0014730254057643258,0.007907827272591633,0.01842857716684342,0.020729772384488525,-0.011365543751616369,0.0798629547036683,0.04577755086779829,0.02281146676612236,0.0006998297910408005,0.10500018778418597,0.43608695652173907,0.025219150567400744,0.38509316770186336,0.5031055900621118,0.4209316770186335,0.03232028624166175,0.36024844720496896,0.5031055900621118,0.3422612058741658,0.051560225175620714,0.2499140006879945,0.47411739224604715,17.0,0.0,17,17,9.550561797752808,1.7763568394002505e-15,9.55056179775281,9.55056179775281
wine,iqr_1.2,none,euclidean,1724814.6152601594,2.3283064365386963e-10,1724814.6152601596,1724814.6152601596,0.5636874954187422,0.0,0.5636874954187422,0.5636874954187422,0.39374234927418006,1.1102230246251565e-16,0.39374234927418017,0.39374234927418017,0.4565158793876456,5.551115123125783e-17,0.45651587938764554,0.45651587938764554,0.7050359712230216,1.1102230246251565e-16,0.7050359712230215,0.7050359712230215,0.7050359712230216,1.1102230246251565e-16,0.7050359712230215,0.7050359712230215,0.6964885965924391,4.440892098500626e-16,0.6964885965924387,0.6964885965924387,39.0,0.0,39,39,21.910112359550563,0.0,21.910112359550563,21.910112359550563
wine,iqr_1.2,none,manhattan,1895192.2023445994,15300.41933183167,1886990.1394659998,1937523.9922759999,0.5506443303403996,0.01071343301390327,0.5284608868209802,0.557712089836677,0.39444278288212137,0.012374734832276925,0.3802513371653215,0.4280079641046447,0.4698273534250648,0.007980374575213976,0.45487473017459573,0.48148648836400937,0.7257553956834532,0.00397705754275836,0.7194244604316546,0.7338129496402878,0.5887050359712229,0.048910864403471616,0.5683453237410072,0.7338129496402878,0.5724091752907169,0.05186552442776095,0.5501443001443002,0.7277950976552899,39.0,0.0,39,39,21.910112359550563,0.0,21.910112359550563,21.910112359550563
wine,iqr_1.2,none,cosine,2816436.0472948556,4.656612873077393e-10,2816436.047294856,2816436.047294856,0.7029273228191493,1.1102230246251565e-16,0.7029273228191494,0.7029273228191494,0.3585915011876336,5.551115123125783e-17,0.35859150118763355,0.35859150118763355,0.4021993564588837,1.5049563497322404e-16,0.40219935645888355,0.4021993564588836,0.697841726618705,0.0,0.697841726618705,0.697841726618705,0.697841726618705,0.0,0.697841726618705,0.697841726618705,0.6911747864128819,2.220446049250313e-16,0.6911747864128817,0.6911747864128817,39.0,0.0,39,39,21.910112359550563,0.0,21.910112359550563,21.910112359550563
wine,iqr_1.2,none,minkowski,1724814.6152601594,2.3283064365386963e-10,1724814.6152601596,1724814.6152601596,0.5669156454409291,1.1102230246251565e-16,0.5669156454409292,0.5669156454409292,0.39374234927418006,1.1102230246251565e-16,0.39374234927418017,0.39374234927418017,0.4565158793876456,5.551115123125783e-17,0.45651587938764554,0.45651587938764554,0.7050359712230216,1.1102230246251565e-16,0.7050359712230215,0.7050359712230215,0.7050359712230216,1.1102230246251565e-16,0.7050359712230215,0.7050359712230215,0.6964885965924391,4.440892098500626e-16,0.6964885965924387,0.6964885965924387,39.0,0.0,39,39,21.910112359550563,0.0,21.910112359550563,21.910112359550563
wine,iqr_1.2,none,chebyshev,1724814.6152601594,2.3283064365386963e-10,1724814.6152601596,1724814.6152601596,0.5684394870262995,0.0,0.5684394870262995,0.5684394870262995,0.39374234927418006,1.1102230246251565e-16,0.39374234927418017,0.39374234927418017,0.4565158793876456,5.551115123125783e-17,0.45651587938764554,0.45651587938764554,0.7050359712230216,1.1102230246251565e-16,0.7050359712230215,0.7050359712230215,0.7050359712230216,1.1102230246251565e-16,0.7050359712230215,0.7050359712230215,0.6964885965924391,4.440892098500626e-16,0.6964885965924387,0.6964885965924387,39.0,0.0,39,39,21.910112359550563,0.0,21.910112359550563,21.910112359550563
wine,iqr_1.2,none,correlation,2821894.4732868243,2643.6363655321175,2816436.047294856,2823174.8448158056,0.6938700511003273,0.0008542772172587683,0.6934563057603496,0.6956339128128642,0.3542611574207178,0.0020972812078640934,0.35324539777168823,0.35859150118763355,0.39416895286892456,0.0038893019693863446,0.39228527795276147,0.4021993564588836,0.6920143884892085,0.002822308668479556,0.6906474820143885,0.697841726618705,0.6920143884892085,0.002822308668479556,0.6906474820143885,0.697841726618705,0.6853607434207788,0.0028158695395528624,0.6839969555584341,0.6911747864128817,39.0,0.0,39,39,21.910112359550563,0.0,21.910112359550563,21.910112359550563
wine,iqr_1.2,none,hamming,14327606.767158397,487627.88761742634,12708429.214176,15477744.050175998,0.005152489291487188,0.00149398860500423,0.0021337248451530955,0.008600913564630079,0.022560048332382274,0.021833704042388827,-0.013148477022658587,0.09293863692594352,0.049044841677604235,0.027852624832341796,0.002568251822277218,0.11541400444358972,0.44978417266187043,0.028911197783551685,0.38848920863309355,0.5251798561151079,0.4305755395683453,0.03359604391842265,0.3669064748201439,0.5107913669064749,0.331804834917501,0.04735132896581448,0.2639613526570049,0.46291798291798286,39.0,0.0,39,39,21.910112359550563,0.0,21.910112359550563,21.910112359550563
wine,iqr_1.2,minmax,euclidean,49.029247919510674,7.105427357601002e-15,49.02924791951068,49.02924791951068,0.313944504076611,0.0,0.313944504076611,0.313944504076611,0.9170622271587229,3.3306690738754696e-16,0.9170622271587225,0.9170622271587225,0.894249253919063,2.8737410463596867e-16,0.8942492539190632,0.8942492539190633,0.9712230215827337,1.1102230246251565e-16,0.9712230215827338,0.9712230215827338,0.9712230215827337,1.1102230246251565e-16,0.9712230215827338,0.9712230215827338,0.9698587341825409,3.3306690738754696e-16,0.9698587341825412,0.9698587341825412,39.0,0.0,39,39,21.910112359550563,0.0,21.910112359550563,21.910112359550563
wine,iqr_1.2,minmax,manhattan,50.26383572913963,0.0,50.26383572913963,50.26383572913963,0.3384960807007385,5.551115123125783e-17,0.33849608070073856,0.33849608070073856,0.9170622271587229,3.3306690738754696e-16,0.9170622271587225,0.9170622271587225,0.894249253919063,2.905731728187178e-16,0.8942492539190632,0.8942492539190633,0.9712230215827337,1.1102230246251565e-16,0.9712230215827338,0.9712230215827338,0.9712230215827337,1.1102230246251565e-16,0.9712230215827338,0.9712230215827338,0.9698587341825409,3.3306690738754696e-16,0.9698587341825412,0.9698587341825412,39.0,0.0,39,39,21.910112359550563,0.0,21.910112359550563,21.910112359550563
wine,iqr_1.2,minmax,cosine,49.67856048580447,0.02051754755407587,49.6596236469021,49.700790687994186,0.46202910777143996,0.0002726309978811292,0.4617774807544656,0.462324496008758,0.827426506078487,0.008639123429359052,0.8180662518828771,0.8354000559488212,0.8131907765855039,0.006709782459458425,0.8059209106168872,0.8193836253735846,0.939136690647482,0.003585593034353159,0.935251798561151,0.9424460431654677,0.939136690647482,0.003585593034353159,0.935251798561151,0.9424460431654677,0.9373755969810764,0.003903618357632114,0.9331461331461331,0.9409784735812133,39.0,0.0,39,39,21.910112359550563,0.0,21.910112359550563,21.910112359550563
wine,iqr_1.2,minmax,minkowski,49.199218899985,0.03075367142072533,49.17362184735183,49.28457085769547,0.2961535623313171,0.000792184482059232,0.2942105977731325,0.2967301197088281,0.8829066452291177,0.017792111064295076,0.8448924370953814,0.8983339331172167,0.8653686654299461,0.01384300831107765,0.8366657145054776,0.8776750832553626,0.9579136690647482,0.007149139177824378,0.9424460431654677,0.9640287769784173,0.9579136690647482,0.007149139177824378,0.9424460431654677,0.9640287769784173,0.9555286406367361,0.0076486611190485785,0.9389859762675297,0.9620640057533262,39.0,0.0,39,39,21.910112359550563,0.0,21.910112359550563,21.910112359550563
wine,iqr_1.2,minmax,chebyshev,51.04401336396418,0.1309588714589092,50.86365305923522,51.4469079691125,0.25684243936674056,0.004427374765181625,0.24825374775049922,0.2599769921443127,0.8176271652349546,0.027282890689141356,0.7524871469782136,0.840371362569661,0.7849791979286832,0.013342090399141589,0.7404628338512483,0.8015004484389382,0.9339568345323741,0.012267400096140298,0.9064748201438849,0.9424460431654677,0.9339568345323741,0.012267400096140298,0.9064748201438849,0.9424460431654677,0.9315993035026807,0.013029238817562952,0.9028691812606732,0.9411760580911408,39.0,0.0,39,39,21.910112359550563,0.0,21.910112359550563,21.910112359550563
wine,iqr_1.2,minmax,correlation,50.23264865473338,7.105427357601002e-15,50.232648654733374,50.232648654733374,0.4737943114971744,5.551115123125783e-17,0.4737943114971743,0.4737943114971743,0.775381254896966,2.220446049250313e-16,0.7753812548969657,0.7753812548969657,0.7511597622759133,1.669031177528358e-16,0.7511597622759131,0.7511597622759132,0.9208633093525175,5.551115123125783e-16,0.920863309352518,0.920863309352518,0.9208633093525175,5.551115123125783e-16,0.920863309352518,0.920863309352518,0.9204881128364739,1.1102230246251565e-16,0.9204881128364738,0.9204881128364738,39.0,0.0,39,39,21.910112359550563,0.0,21.910112359550563,21.910112359550563
wine,iqr_1.2,minmax,hamming,137.4643739760306,4.752488061925532,123.33779137000263,148.38417962506213,0.004995166766380622,0.0015099475814648756,0.002028337066030059,0.008120944809771624,0.022504457062865465,0.02071436805439741,-0.010598305750167899,0.08198121218084717,0.050008858417177005,0.024616613355296243,0.004507023360704439,0.11243835451627425,0.45453237410071934,0.02820253998731205,0.4028776978417266,0.5179856115107914,0.43489208633093523,0.033856928387165815,0.37410071942446044,0.5107913669064749,0.34016133593604153,0.046984419704487475,0.2601938636545702,0.4616639729084892,39.0,0.0,39,39,21.910112359550563,0.0,21.910112359550563,21.910112359550563
wine,iqr_1.2,standard,euclidean,924.9053609072841,2.2737367544323206e-13,924.9053609072844,924.9053609072844,0.3035547625661476,0.0,0.3035547625661476,0.3035547625661476,0.9405879139054387,0.0,0.9405879139054387,0.9405879139054387,0.9269917023638317,3.3306690738754696e-16,0.9269917023638313,0.9269917023638313,0.9784172661870503,1.1102230246251565e-16,0.9784172661870504,0.9784172661870504,0.9784172661870503,1.1102230246251565e-16,0.9784172661870504,0.9784172661870504,0.9763916834339365,5.551115123125783e-16,0.976391683433937,0.976391683433937,39.0,0.0,39,39,21.910112359550563,0.0,21.910112359550563,21.910112359550563
wine,iqr_1.2,standard,manhattan,948.0237397804409,2.2737367544323206e-13,948.0237397804407,948.0237397804407,0.33195084892937343,5.551115123125783e-17,0.3319508489293735,0.3319508489293735,0.9170622271587229,3.3306690738754696e-16,0.9170622271587225,0.9170622271587225,0.894249253919063,2.905731728187178e-16,0.8942492539190632,0.8942492539190633,0.9712230215827337,1.1102230246251565e-16,0.9712230215827338,0.9712230215827338,0.9712230215827337,1.1102230246251565e-16,0.9712230215827338,0.9712230215827338,0.9698587341825409,3.3306690738754696e-16,0.9698587341825412,0.9698587341825412,39.0,0.0,39,39,21.910112359550563,0.0,21.910112359550563,21.910112359550563
wine,iqr_1.2,standard,cosine,929.1078932235816,0.0,929.1078932235816,929.1078932235816,0.4942824267965886,1.1102230246251565e-16,0.49428242679658874,0.49428242679658874,0.8503873397832439,2.220446049250313e-16,0.8503873397832441,0.8503873397832441,0.8574355603796114,2.6506211417561425e-16,0.857435560379611,0.8574355603796113,0.9424460431654675,1.1102230246251565e-16,0.9424460431654677,0.9424460431654677,0.9424460431654675,1.1102230246251565e-16,0.9424460431654677,0.9424460431654677,0.9382456140350875,2.220446049250313e-16,0.9382456140350878,0.9382456140350878,39.0,0.0,39,39,21.910112359550563,0.0,21.910112359550563,21.910112359550563
wine,iqr_1.2,standard,minkowski,928.1359111260149,0.798053039326165,925.7132898954577,929.2887227513704,0.2810546810286396,0.0007008882727046796,0.27951705256583775,0.2819071320227964,0.9061752740803862,0.03510450993240611,0.8574746346312135,0.9558338469073441,0.8853704809447127,0.03368752554733912,0.8393550701798449,0.9353844780332371,0.9677697841726617,0.013048384516552101,0.9496402877697842,0.9856115107913669,0.9677697841726617,0.013048384516552101,0.9496402877697842,0.9856115107913669,0.966935641993279,0.01393319686521318,0.9466344167872572,0.9856435279948107,39.0,0.0,39,39,21.910112359550563,0.0,21.910112359550563,21.910112359550563
wine,iqr_1.2,standard,chebyshev,987.7260414102764,0.9919771634678484,985.4883292052141,993.2415287472902,0.2165521603736969,0.000623884033820722,0.21630803655639483,0.22275159566408606,0.6521203862038896,0.011174978553752551,0.6505928225413126,0.760655411223635,0.6637873109464691,0.004796523884867108,0.6630807031207124,0.7094994687760324,0.8640287769784173,0.005137718293915726,0.8633093525179856,0.9136690647482014,0.8640287769784173,0.005137718293915726,0.8633093525179856,0.9136690647482014,0.8604897250664965,0.005208440973065365,0.8597607278458342,0.9108186112728919,39.0,0.0,39,39,21.910112359550563,0.0,21.910112359550563,21.910112359550563
wine,iqr_1.2,standard,correlation,944.1963099478115,2.075697153663296,942.2805282246104,946.4452711011347,0.4583134630599822,0.0011679438050526039,0.45723549973980476,0.4595788982619297,0.773973390345862,0.00540907663979204,0.768981038668923,0.7798339770970508,0.766930853541281,0.0048495013730934095,0.7616765513027169,0.7714067406333914,0.9169784172661869,0.003585593034353159,0.9136690647482014,0.920863309352518,0.9169784172661869,0.003585593034353159,0.9136690647482014,0.920863309352518,0.9140725977725976,0.004576710941099651,0.9098484848484848,0.919031339031339,39.0,0.0,39,39,21.910112359550563,0.0,21.910112359550563,21.910112359550563
wine,iqr_1.2,standard,hamming,2458.7725749842216,81.9156701067002,2203.0930667243247,2646.4083516567753,0.00507779464586934,0.0014508304599359558,0.002028337066030059,0.008231185453076783,0.021895955757118404,0.019566662312953943,-0.010598305750167899,0.08198121218084717,0.04846135673754793,0.02272533598209153,0.004507023360704439,0.09449201603830443,0.4546043165467625,0.028153221884706536,0.4028776978417266,0.5251798561151079,0.4348201438848921,0.03327009511285448,0.37410071942446044,0.5035971223021583,0.3423654805380822,0.048080056812701465,0.2601938636545702,0.48382611540506276,39.0,0.0,39,39,21.910112359550563,0.0,21.910112359550563,21.910112359550563
wine,iqr_1.2,robust,euclidean,444.6336458609983,1.1368683772161603e-13,444.6336458609984,444.6336458609984,0.2874439287046352,5.551115123125783e-17,0.28744392870463514,0.28744392870463514,0.9405879139054387,0.0,0.9405879139054387,0.9405879139054387,0.9269917023638317,3.3306690738754696e-16,0.9269917023638313,0.9269917023638313,0.9784172661870503,1.1102230246251565e-16,0.9784172661870504,0.9784172661870504,0.9784172661870503,1.1102230246251565e-16,0.9784172661870504,0.9784172661870504,0.9763916834339365,5.551115123125783e-16,0.976391683433937,0.976391683433937,39.0,0.0,39,39,21.910112359550563,0.0,21.910112359550563,21.910112359550563
wine,iqr_1.2,robust,manhattan,456.4390361209051,1.7053025658242404e-13,456.4390361209049,456.4390361209049,0.3232485118352988,0.0,0.3232485118352988,0.3232485118352988,0.9170622271587229,3.3306690738754696e-16,0.9170622271587225,0.9170622271587225,0.894249253919063,2.905731728187178e-16,0.8942492539190632,0.8942492539190633,0.9712230215827337,1.1102230246251565e-16,0.9712230215827338,0.9712230215827338,0.9712230215827337,1.1102230246251565e-16,0.9712230215827338,0.9712230215827338,0.9698587341825409,3.3306690738754696e-16,0.9698587341825412,0.9698587341825412,39.0,0.0,39,39,21.910112359550563,0.0,21.910112359550563,21.910112359550563
wine,iqr_1.2,robust,cosine,449.04999706585113,2.2737367544323206e-13,449.04999706585136,449.04999706585136,0.45831881479373426,5.551115123125783e-17,0.4583188147937343,0.4583188147937343,0.7957460874782639,1.1102230246251565e-16,0.7957460874782638,0.7957460874782638,0.804235583576679,2.368186647638997e-16,0.8042355835766787,0.8042355835766788,0.9208633093525175,5.551115123125783e-16,0.920863309352518,0.920863309352518,0.9208633093525175,5.551115123125783e-16,0.920863309352518,0.920863309352518,0.9162280240250418,4.440892098500626e-16,0.9162280240250413,0.9162280240250413,39.0,0.0,39,39,21.910112359550563,0.0,21.910112359550563,21.910112359550563
wine,iqr_1.2,robust,minkowski,446.71718997262803,0.27862403268602093,446.57087281290967,447.69868993716307,0.26104206240395167,0.0012550427110336985,0.25848311911304617,0.26252660771165376,0.8877515728991655,0.02697249282918682,0.8503873397832441,0.9216401905510001,0.8840687913424139,0.020365966886801055,0.857435560379611,0.9103280929882513,0.9576978417266185,0.010780810184131896,0.9424460431654677,0.9712230215827338,0.9576978417266185,0.010780810184131896,0.9424460431654677,0.9712230215827338,0.9543190415398357,0.011413521867498704,0.9382456140350878,0.9686609686609687,39.0,0.0,39,39,21.910112359550563,0.0,21.910112359550563,21.910112359550563
wine,iqr_1.2,robust,chebyshev,485.29063139151526,1.3556734936823054,479.8622243198291,488.9131379185309,0.20607313631512036,0.005852276561450681,0.1941651280796918,0.21319748472107236,0.6286741511540925,0.020472595127453336,0.5692768027022156,0.6771744446430477,0.5885232439209048,0.022281507067490797,0.5455942195200875,0.6413674604091525,0.8615107913669067,0.007502393386551867,0.8345323741007195,0.8776978417266187,0.8615107913669067,0.007502393386551867,0.8345323741007195,0.8776978417266187,0.8589152286311302,0.006875800980766933,0.8316017316017316,0.8733964070651447,39.0,0.0,39,39,21.910112359550563,0.0,21.910112359550563,21.910112359550563
wine,iqr_1.2,robust,correlation,462.4528854793091,0.3829368081278762,462.1461989730029,463.78388116152587,0.4235624688475845,0.0006325346125186795,0.42145299870356157,0.4238274536628352,0.7042584964060543,0.006680778299821319,0.6836426712264091,0.706852693887794,0.6948103311854669,0.007633231275923478,0.6665529345862056,0.6979465454584912,0.8913669064748203,0.0021582733812949505,0.8848920863309353,0.8920863309352518,0.8913669064748203,0.0021582733812949505,0.8848920863309353,0.8920863309352518,0.8881369282197517,0.0019526183331614795,0.8822241502500766,0.8892661095407809,39.0,0.0,39,39,21.910112359550563,0.0,21.910112359550563,21.910112359550563
wine,iqr_1.2,robust,hamming,1109.1373744101986,35.81777400411129,1003.4716715871409,1185.2200808448815,0.0051513825581056575,0.001512240437647711,0.001600787732722951,0.008231185453076783,0.019152995334439385,0.02014088314080506,-0.015457642056237094,0.08198121218084717,0.04668444532645968,0.022992644368404605,0.004507023360704439,0.0992143516813582,0.4517985611510791,0.028396768857540364,0.39568345323741005,0.5251798561151079,0.43035971223021574,0.03449308316297162,0.35251798561151076,0.5035971223021583,0.339370581326469,0.046799217436191295,0.2601938636545702,0.48382611540506276,39.0,0.0,39,39,21.910112359550563,0.0,21.910112359550563,21.910112359550563
wine,iqr_1.8,none,euclidean,2224758.2809293577,4.656612873077393e-10,2224758.280929358,2224758.280929358,0.5787819000130832,1.1102230246251565e-16,0.5787819000130833,0.5787819000130833,0.39365619672375957,5.551115123125783e-17,0.3936561967237595,0.3936561967237595,0.45984055565016496,0.0,0.45984055565016496,0.45984055565016496,0.708333333333333,3.3306690738754696e-16,0.7083333333333334,0.7083333333333334,0.708333333333333,3.3306690738754696e-16,0.7083333333333334,0.7083333333333334,0.7073551746164074,1.1102230246251565e-16,0.7073551746164073,0.7073551746164073,10.0,0.0,10,10,5.617977528089889,8.881784197001252e-16,5.617977528089888,5.617977528089888
wine,iqr_1.8,none,manhattan,2333517.33785275,0.0,2333517.33785275,2333517.33785275,0.5488973660206212,2.220446049250313e-16,0.5488973660206214,0.5488973660206214,0.3974305938591652,1.1102230246251565e-16,0.3974305938591653,0.3974305938591653,0.4624900649676195,5.551115123125783e-17,0.46249006496761946,0.4624900649676196,0.714285714285714,3.3306690738754696e-16,0.7142857142857143,0.7142857142857143,0.714285714285714,3.3306690738754696e-16,0.7142857142857143,0.7142857142857143,0.7139423076923076,0.0,0.7139423076923076,0.7139423076923076,10.0,0.0,10,10,5.617977528089889,8.881784197001252e-16,5.617977528089888,5.617977528089888
wine,iqr_1.8,none,cosine,3415922.1694415323,14894.201022718198,3409705.288810294,3452852.681478028,0.6872497953383666,0.00801608771089986,0.6678307641830272,0.6906140009456889,0.37507416171724506,0.018072092616501823,0.33160695877394664,0.3826635541830061,0.4080403346790406,0.017229682147190756,0.36655576514719984,0.41527544547722245,0.7081547619047618,0.014615610539028845,0.6726190476190477,0.7142857142857143,0.7081547619047618,0.014615610539028845,0.6726190476190477,0.7142857142857143,0.7077012525766131,0.013831005061281279,0.6740311966506208,0.7135019687194218,10.0,0.0,10,10,5.617977528089889,8.881784197001252e-16,5.617977528089888,5.617977528089888
wine,iqr_1.8,none,minkowski,2224758.2809293577,4.656612873077393e-10,2224758.280929358,2224758.280929358,0.5822003958005151,1.1102230246251565e-16,0.5822003958005152,0.5822003958005152,0.39365619672375957,5.551115123125783e-17,0.3936561967237595,0.3936561967237595,0.45984055565016496,0.0,0.45984055565016496,0.45984055565016496,0.708333333333333,3.3306690738754696e-16,0.7083333333333334,0.7083333333333334,0.708333333333333,3.3306690738754696e-16,0.7083333333333334,0.7083333333333334,0.7073551746164074,1.1102230246251565e-16,0.7073551746164073,0.7073551746164073,10.0,0.0,10,10,5.617977528089889,8.881784197001252e-16,5.617977528089888,5.617977528089888
wine,iqr_1.8,none,chebyshev,2224758.2809293577,4.656612873077393e-10,2224758.280929358,2224758.280929358,0.5838437165202544,2.220446049250313e-16,0.5838437165202541,0.5838437165202541,0.39365619672375957,5.551115123125783e-17,0.3936561967237595,0.3936561967237595,0.45984055565016496,0.0,0.45984055565016496,0.45984055565016496,0.708333333333333,3.3306690738754696e-16,0.7083333333333334,0.7083333333333334,0.708333333333333,3.3306690738754696e-16,0.7083333333333334,0.7083333333333334,0.7073551746164074,1.1102230246251565e-16,0.7073551746164073,0.7073551746164073,10.0,0.0,10,10,5.617977528089889,8.881784197001252e-16,5.617977528089888,5.617977528089888
wine,iqr_1.8,none,correlation,3502168.975052216,51858.27495769242,3447120.1945495196,3602657.1474439697,0.6702300497437973,0.007474987227789259,0.6625013188185286,0.678162524262111,0.34203090964986316,0.006334076093883169,0.3266122632839889,0.3468966240202935,0.38319980141082266,0.004528915743573962,0.37239882761564613,0.3868087074014291,0.68625,0.009755187874981692,0.6726190476190477,0.6964285714285714,0.68625,0.009755187874981692,0.6726190476190477,0.6964285714285714,0.6882257512124277,0.008953176991389724,0.6760394269838415,0.6975938217383387,10.0,0.0,10,10,5.617977528089889,8.881784197001252e-16,5.617977528089888,5.617977528089888
wine,iqr_1.8,none,hamming,17741343.130080465,555496.5521389494,16429800.889743801,18751492.3771454,0.004986876614312641,0.0013798546117785653,0.0022926983623580977,0.00805964538573187,0.023249234477285222,0.018649275559919076,-0.009309306079426946,0.0832324100320358,0.04438062061628248,0.023722161056487244,0.00318620419633113,0.10018178219556838,0.43083333333333335,0.024248629481808486,0.3869047619047619,0.4880952380952381,0.42398809523809533,0.026657829636944956,0.3630952380952381,0.4880952380952381,0.3456788576071712,0.04753768164282256,0.25270246322877904,0.4386169091292431,10.0,0.0,10,10,5.617977528089889,8.881784197001252e-16,5.617977528089888,5.617977528089888
wine,iqr_1.8,minmax,euclidean,51.044582851078104,8.820589234472558e-05,51.04457398605237,51.04546048862572,0.3125283922350436,7.240480177426901e-05,0.31252111527866466,0.31324881091655954,0.8815618814488275,0.0018361749550592295,0.8813773389223007,0.8998315915749648,0.8679019738502128,0.002741633706061958,0.8676264292951944,0.8951808847970097,0.958392857142857,0.0005922544268491765,0.9583333333333334,0.9642857142857143,0.958392857142857,0.0005922544268491765,0.9583333333333334,0.9642857142857143,0.9575164803970426,0.0005710538146313956,0.9574590873292173,0.963198394111743,10.0,0.0,10,10,5.617977528089889,8.881784197001252e-16,5.617977528089888,5.617977528089888
wine,iqr_1.8,minmax,manhattan,52.126332688323394,7.105427357601002e-15,52.12633268832339,52.12633268832339,0.3392521652516633,0.0,0.3392521652516633,0.3392521652516633,0.9110255034304403,0.0,0.9110255034304403,0.9110255034304403,0.8883528028422972,2.065134201172189e-16,0.8883528028422973,0.8883528028422975,0.9702380952380953,1.1102230246251565e-16,0.9702380952380952,0.9702380952380952,0.9702380952380953,1.1102230246251565e-16,0.9702380952380952,0.9702380952380952,0.9702738311950471,0.0,0.9702738311950471,0.9702738311950471,10.0,0.0,10,10,5.617977528089889,8.881784197001252e-16,5.617977528089888,5.617977528089888
wine,iqr_1.8,minmax,cosine,52.84632254845291,2.1316282072803006e-14,52.84632254845289,52.84632254845289,0.4707628244432295,5.551115123125783e-17,0.47076282444322953,0.47076282444322953,0.7305852959434705,1.1102230246251565e-16,0.7305852959434707,0.7305852959434707,0.7275769015176072,1.477055666182511e-16,0.7275769015176072,0.7275769015176075,0.9047619047619047,1.1102230246251565e-16,0.9047619047619048,0.9047619047619048,0.9047619047619047,1.1102230246251565e-16,0.9047619047619048,0.9047619047619048,0.9059264905735921,2.220446049250313e-16,0.9059264905735923,0.9059264905735923,10.0,0.0,10,10,5.617977528089889,8.881784197001252e-16,5.617977528089888,5.617977528089888
wine,iqr_1.8,minmax,minkowski,51.18669206816799,0.039177215466018274,51.164393749447356,51.31194223707854,0.29380189956435443,0.00028367977191785977,0.2931270758238939,0.29426151310237386,0.8591556297904103,0.0076921532578442245,0.8454866965852984,0.8766791533869228,0.8436299242885535,0.007269479822433063,0.8304131592609456,0.8562184928162473,0.9510119047619046,0.002642615819097984,0.9464285714285714,0.9583333333333334,0.9510119047619046,0.002642615819097984,0.9464285714285714,0.9583333333333334,0.9504055562654724,0.0025947256448038618,0.9455711748832387,0.9584240032100996,10.0,0.0,10,10,5.617977528089889,8.881784197001252e-16,5.617977528089888,5.617977528089888
wine,iqr_1.8,minmax,chebyshev,53.369594614098844,0.3297671048989099,53.14489239103854,53.903907329578956,0.24862626145901084,0.002571161406089473,0.24361937187547114,0.2503260011015265,0.7519231555086735,0.03184996509068107,0.6954010997516473,0.7734039580438518,0.7546378704434611,0.03690059461558105,0.6940926233927862,0.7798179229740957,0.90875,0.0118467335739385,0.8869047619047619,0.9166666666666666,0.90875,0.0118467335739385,0.8869047619047619,0.9166666666666666,0.9077795657357948,0.010970161023443918,0.8871175523349436,0.9150622606392241,10.0,0.0,10,10,5.617977528089889,8.881784197001252e-16,5.617977528089888,5.617977528089888
wine,iqr_1.8,minmax,correlation,52.480570784775374,1.4210854715202004e-14,52.48057078477536,52.48057078477536,0.4845393760056434,5.551115123125783e-17,0.48453937600564345,0.48453937600564345,0.745581034133529,3.3306690738754696e-16,0.7455810341335294,0.7455810341335294,0.7300405941814079,1.1102230246251565e-16,0.730040594181408,0.730040594181408,0.9107142857142861,4.440892098500626e-16,0.9107142857142857,0.9107142857142857,0.9107142857142861,4.440892098500626e-16,0.9107142857142857,0.9107142857142857,0.912063405569899,2.220446049250313e-16,0.9120634055698992,0.9120634055698992,10.0,0.0,10,10,5.617977528089889,8.881784197001252e-16,5.617977528089888,5.617977528089888
wine,iqr_1.8,minmax,hamming,146.10867167602663,5.873454904595244,127.72288505598287,158.3338815827546,0.004055765824429303,0.0013364394836623671,0.0002956929206175205,0.007244614418905289,0.021391342047327434,0.018291569970895146,-0.011229522598174257,0.07095749108860855,0.04581718142590746,0.02362120747447152,0.0011379784150262883,0.12230642236844358,0.4325595238095239,0.027251960652592156,0.38095238095238093,0.5238095238095238,0.42380952380952386,0.030734120579584728,0.34523809523809523,0.5238095238095238,0.3518486145701706,0.05726037669134294,0.23317829457364345,0.4900370959194489,10.0,0.0,10,10,5.617977528089889,8.881784197001252e-16,5.617977528089888,5.617977528089888
wine,iqr_1.8,standard,euclidean,1129.7619226896934,2.2737367544323206e-13,1129.7619226896936,1129.7619226896936,0.30072187275314816,5.551115123125783e-17,0.3007218727531482,0.3007218727531482,0.9296219747855191,3.3306690738754696e-16,0.9296219747855194,0.9296219747855194,0.9085185811246458,2.9686790708185334e-16,0.908518581124646,0.9085185811246461,0.9761904761904764,2.220446049250313e-16,0.9761904761904762,0.9761904761904762,0.9761904761904764,2.220446049250313e-16,0.9761904761904762,0.9761904761904762,0.9758719931894807,2.220446049250313e-16,0.9758719931894805,0.9758719931894805,10.0,0.0,10,10,5.617977528089889,8.881784197001252e-16,5.617977528089888,5.617977528089888
wine,iqr_1.8,standard,manhattan,1157.0755752768114,0.0,1157.0755752768114,1157.0755752768114,0.3312542342534225,1.1102230246251565e-16,0.3312542342534226,0.3312542342534226,0.9110255034304403,0.0,0.9110255034304403,0.9110255034304403,0.8883528028422972,2.065134201172189e-16,0.8883528028422973,0.8883528028422975,0.9702380952380953,1.1102230246251565e-16,0.9702380952380952,0.9702380952380952,0.9702380952380953,1.1102230246251565e-16,0.9702380952380952,0.9702380952380952,0.9702738311950471,0.0,0.9702738311950471,0.9702738311950471,10.0,0.0,10,10,5.617977528089889,8.881784197001252e-16,5.617977528089888,5.617977528089888
wine,iqr_1.8,standard,cosine,1138.4800937857672,0.0,1138.4800937857672,1138.4800937857672,0.49689462712482757,5.551115123125783e-17,0.4968946271248276,0.4968946271248276,0.8360593162079242,1.1102230246251565e-16,0.8360593162079241,0.8360593162079241,0.8351783359565542,1.9641850382783468e-16,0.8351783359565539,0.8351783359565541,0.9404761904761904,1.1102230246251565e-16,0.9404761904761905,0.9404761904761905,0.9404761904761904,1.1102230246251565e-16,0.9404761904761905,0.9404761904761905,0.9391994392833459,1.1102230246251565e-16,0.939199439283346,0.939199439283346,10.0,0.0,10,10,5.617977528089889,8.881784197001252e-16,5.617977528089888,5.617977528089888
wine,iqr_1.8,standard,minkowski,1135.459555846288,1.441515263079823,1133.498884719245,1140.2572650838188,0.2796291460463393,0.0006298001913330933,0.2787874991236674,0.28074721866031627,0.8818635756682426,0.02156872212682955,0.8508316403106381,0.9275799475778752,0.8657650152630569,0.018255211979139516,0.8452943310814506,0.905056508875982,0.9590476190476188,0.008259880361286512,0.9464285714285714,0.9761904761904762,0.9590476190476188,0.008259880361286512,0.9464285714285714,0.9761904761904762,0.9585620081889743,0.008702611025092982,0.9452742464507171,0.9765053957322724,10.0,0.0,10,10,5.617977528089889,8.881784197001252e-16,5.617977528089888,5.617977528089888
wine,iqr_1.8,standard,chebyshev,1209.2142027409677,0.9230167866812059,1203.6812821537235,1211.634249075332,0.2198568999477668,0.0011980709587808742,0.21836340467774024,0.2258823781998738,0.6732295921929193,0.011044793490980247,0.6670516179444751,0.7350002831901223,0.6708259325961227,0.006250725310091886,0.6651013408260478,0.713267010262195,0.8767261904761904,0.005209268623505292,0.875,0.9047619047619048,0.8767261904761904,0.005209268623505292,0.875,0.9047619047619048,0.874344624355713,0.005598659073535433,0.872491145218418,0.9044362116462429,10.0,0.0,10,10,5.617977528089889,8.881784197001252e-16,5.617977528089888,5.617977528089888
wine,iqr_1.8,standard,correlation,1163.398646411183,1.1800552839408975,1161.8913231533606,1164.3224896982351,0.47001483225720475,0.00046947830291108164,0.46941515224674174,0.4703823780700694,0.7537720798063,0.005923807159233291,0.749134441593645,0.7613387526795798,0.7403310289582139,0.0011969375126840848,0.7393939688889422,0.7418599164396577,0.9129761904761908,0.0028892050236932277,0.9107142857142857,0.9166666666666666,0.9129761904761908,0.0028892050236932277,0.9107142857142857,0.9166666666666666,0.9133264269896914,0.0035191808347140446,0.9105713259072942,0.9178215919136017,10.0,0.0,10,10,5.617977528089889,8.881784197001252e-16,5.617977528089888,5.617977528089888
wine,iqr_1.8,standard,hamming,3018.1035535103647,99.69233992214352,2679.271514996218,3200.1623660299474,0.0041255547566903476,0.0013077623607275735,0.0002956929206175205,0.007244614418905289,0.02104539946900772,0.017872034351779538,-0.011229522598174257,0.07095749108860855,0.04748040756748825,0.023718740655236076,0.001759495330599559,0.12230642236844358,0.43446428571428575,0.028127692614872173,0.38095238095238093,0.5238095238095238,0.4242261904761906,0.03125827554823575,0.34523809523809523,0.5238095238095238,0.3496654695610936,0.05682035879372235,0.23317829457364345,0.4900370959194489,10.0,0.0,10,10,5.617977528089889,8.881784197001252e-16,5.617977528089888,5.617977528089888
wine,iqr_1.8,robust,euclidean,572.6282640940318,0.03284282450037463,572.6202828413357,572.835298776589,0.2787310816630212,0.00028213183218972173,0.27750141145190893,0.27879620753858,0.9285286420798937,0.0043321474660053105,0.9110348978175546,0.9296219747855194,0.9069876033161668,0.0061702305283228105,0.8808803719283425,0.9085185811246461,0.9758333333333334,0.0014136121532187945,0.9702380952380952,0.9761904761904762,0.9758333333333334,0.0014136121532187945,0.9702380952380952,0.9761904761904762,0.97553645454774,0.001329555447136742,0.9697119727607534,0.9758719931894805,10.0,0.0,10,10,5.617977528089889,8.881784197001252e-16,5.617977528089888,5.617977528089888
wine,iqr_1.8,robust,manhattan,587.7370985302056,0.0,587.7370985302056,587.7370985302056,0.31900033799560046,5.551115123125783e-17,0.3190003379956005,0.3190003379956005,0.9110255034304403,0.0,0.9110255034304403,0.9110255034304403,0.8883528028422972,2.0740677722252305e-16,0.8883528028422973,0.8883528028422975,0.9702380952380953,1.1102230246251565e-16,0.9702380952380952,0.9702380952380952,0.9702380952380953,1.1102230246251565e-16,0.9702380952380952,0.9702380952380952,0.9702738311950471,0.0,0.9702738311950471,0.9702738311950471,10.0,0.0,10,10,5.617977528089889,8.881784197001252e-16,5.617977528089888,5.617977528089888
wine,iqr_1.8,robust,cosine,578.5595218900789,0.0,578.5595218900789,578.5595218900789,0.4622658705012162,1.6653345369377348e-16,0.46226587050121637,0.46226587050121637,0.79029191322636,2.220446049250313e-16,0.7902919132263603,0.7902919132263603,0.7968247396661856,2.865149873035642e-16,0.7968247396661853,0.7968247396661855,0.9226190476190478,1.1102230246251565e-16,0.9226190476190477,0.9226190476190477,0.9226190476190478,1.1102230246251565e-16,0.9226190476190477,0.9226190476190477,0.9210704175639677,0.0,0.9210704175639677,0.9210704175639677,10.0,0.0,10,10,5.617977528089889,8.881784197001252e-16,5.617977528089888,5.617977528089888
wine,iqr_1.8,robust,minkowski,579.1470919614942,0.3664754846125291,577.6702572750116,579.994576045089,0.2494802964054011,0.0008633145953516921,0.2487128673178868,0.2529505043060388,0.8034746406802706,0.016749879247396206,0.7839893521363527,0.8788602865232609,0.8029131292375306,0.012717544349103396,0.7685104023259507,0.8600079992206283,0.9285714285714286,0.007093080528460094,0.9226190476190477,0.9583333333333334,0.9285714285714286,0.007093080528460094,0.9226190476190477,0.9583333333333334,0.9273701827392293,0.007432174632619597,0.9210704175639677,0.9578844053452095,10.0,0.0,10,10,5.617977528089889,8.881784197001252e-16,5.617977528089888,5.617977528089888
wine,iqr_1.8,robust,chebyshev,615.0831466175904,2.9103235630923106,614.3520394590398,629.363713862884,0.20514198037189263,0.0010090541888465357,0.19549152928180397,0.20530397655364757,0.575326104225543,0.0051981168463574295,0.5338144316094191,0.576464133337426,0.5525498388971785,0.004149330294055876,0.5268382929489931,0.5535620574977208,0.8387499999999997,0.0026746002307929738,0.8154761904761905,0.8392857142857143,0.8387499999999997,0.0026746002307929738,0.8154761904761905,0.8392857142857143,0.8379017420696875,0.0027246019015180712,0.8129454976010112,0.8384004884004884,10.0,0.0,10,10,5.617977528089889,8.881784197001252e-16,5.617977528089888,5.617977528089888
wine,iqr_1.8,robust,correlation,589.904874244265,0.9017517004227913,589.7763038967188,596.6029261643847,0.42704661999802357,0.001077970793439366,0.4268926962591426,0.4348220869064431,0.7190153735580757,0.0046134578256439305,0.6860324135179103,0.7196742888970055,0.7365471088258243,0.007765597841927704,0.6810731214114596,0.7376562465827899,0.8927380952380949,0.0008333333333333459,0.8869047619047619,0.8928571428571429,0.8927380952380949,0.0008333333333333459,0.8869047619047619,0.8928571428571429,0.8909192664976981,0.0006999118003501077,0.8859010270774976,0.8910192243525575,10.0,0.0,10,10,5.617977528089889,8.881784197001252e-16,5.617977528089888,5.617977528089888
wine,iqr_1.8,robust,hamming,1408.0262096724784,39.12355725754085,1277.6796499032307,1484.0473584163456,0.004323765191997462,0.0014579474634436912,0.0002956929206175205,0.007532611773241028,0.019530242208002903,0.01729222144442123,-0.008293975543883935,0.06796227803956824,0.047014477196590986,0.023522144743877284,0.001759495330599559,0.12230642236844358,0.43702380952380965,0.028048033386865966,0.38095238095238093,0.5238095238095238,0.42553571428571435,0.031938226497277254,0.3630952380952381,0.5238095238095238,0.3495784497423906,0.0570645263660388,0.23317829457364345,0.4915097822074566,10.0,0.0,10,10,5.617977528089889,8.881784197001252e-16,5.617977528089888,5.617977528089888
wine,zscore_robust,none,euclidean,2361009.2765354374,0.0,2361009.2765354374,2361009.2765354374,0.5682712902756097,1.1102230246251565e-16,0.5682712902756096,0.5682712902756096,0.37405192205246907,1.1102230246251565e-16,0.3740519220524692,0.3740519220524692,0.4299321570459461,4.041272810440265e-17,0.42993215704594606,0.4299321570459461,0.7028571428571427,1.1102230246251565e-16,0.7028571428571428,0.7028571428571428,0.7028571428571427,1.1102230246251565e-16,0.7028571428571428,0.7028571428571428,0.7022058271454934,1.1102230246251565e-16,0.7022058271454933,0.7022058271454933,3.0,0.0,3,3,1.6853932584269657,4.440892098500626e-16,1.6853932584269662,1.6853932584269662
wine,zscore_robust,none,manhattan,2514714.1550925304,4.656612873077393e-10,2514714.15509253,2514714.15509253,0.5359474452423852,0.0,0.5359474452423852,0.5359474452423852,0.3742238738137913,5.551115123125783e-17,0.37422387381379135,0.37422387381379135,0.4203020848478397,2.2887833992611188e-17,0.42030208484783965,0.4203020848478397,0.7085714285714285,0.0,0.7085714285714285,0.7085714285714285,0.7085714285714285,0.0,0.7085714285714285,0.7085714285714285,0.7074857980575412,4.440892098500626e-16,0.7074857980575407,0.7074857980575407,3.0,0.0,3,3,1.6853932584269657,4.440892098500626e-16,1.6853932584269662,1.6853932584269662
wine,zscore_robust,none,cosine,3802240.8274192745,4.656612873077393e-10,3802240.827419274,3802240.827419274,0.6785811540817706,1.1102230246251565e-16,0.6785811540817707,0.6785811540817707,0.3257945094639135,5.551115123125783e-17,0.32579450946391353,0.32579450946391353,0.3715069140473946,2.7194799110210366e-17,0.37150691404739455,0.3715069140473946,0.6800000000000002,1.1102230246251565e-16,0.68,0.68,0.6800000000000002,1.1102230246251565e-16,0.68,0.68,0.684111834907169,1.1102230246251565e-16,0.6841118349071689,0.6841118349071689,3.0,0.0,3,3,1.6853932584269657,4.440892098500626e-16,1.6853932584269662,1.6853932584269662
wine,zscore_robust,none,minkowski,2361009.2765354374,0.0,2361009.2765354374,2361009.2765354374,0.5721384625568497,1.1102230246251565e-16,0.5721384625568499,0.5721384625568499,0.37405192205246907,1.1102230246251565e-16,0.3740519220524692,0.3740519220524692,0.4299321570459461,4.0029660424867215e-17,0.42993215704594606,0.4299321570459461,0.7028571428571427,1.1102230246251565e-16,0.7028571428571428,0.7028571428571428,0.7028571428571427,1.1102230246251565e-16,0.7028571428571428,0.7028571428571428,0.7022058271454934,1.1102230246251565e-16,0.7022058271454933,0.7022058271454933,3.0,0.0,3,3,1.6853932584269657,4.440892098500626e-16,1.6853932584269662,1.6853932584269662
wine,zscore_robust,none,chebyshev,2361009.2765354374,0.0,2361009.2765354374,2361009.2765354374,0.5741611881642446,1.1102230246251565e-16,0.5741611881642444,0.5741611881642444,0.37405192205246907,1.1102230246251565e-16,0.3740519220524692,0.3740519220524692,0.4299321570459461,4.0029660424867215e-17,0.42993215704594606,0.4299321570459461,0.7028571428571427,1.1102230246251565e-16,0.7028571428571428,0.7028571428571428,0.7028571428571427,1.1102230246251565e-16,0.7028571428571428,0.7028571428571428,0.7022058271454934,1.1102230246251565e-16,0.7022058271454933,0.7022058271454933,3.0,0.0,3,3,1.6853932584269657,4.440892098500626e-16,1.6853932584269662,1.6853932584269662
wine,zscore_robust,none,correlation,3968178.6207549954,9.313225746154785e-10,3968178.6207549945,3968178.6207549945,0.6892220507894775,1.1102230246251565e-16,0.6892220507894774,0.6892220507894774,0.34669745827002296,5.551115123125783e-17,0.346697458270023,0.346697458270023,0.3859940326046724,7.087189354717363e-17,0.38599403260467247,0.3859940326046725,0.6914285714285715,1.1102230246251565e-16,0.6914285714285714,0.6914285714285714,0.6914285714285715,1.1102230246251565e-16,0.6914285714285714,0.6914285714285714,0.692984007850768,0.0,0.692984007850768,0.692984007850768,3.0,0.0,3,3,1.6853932584269657,4.440892098500626e-16,1.6853932584269662,1.6853932584269662
wine,zscore_robust,none,hamming,18322242.812471725,669112.1752901475,16814821.354740098,19876279.4873238,0.004701566623485375,0.0014015259694457349,0.0012856392607450997,0.00721634525431441,0.018216294846551243,0.016563190943366547,-0.007601765772422357,0.06596561465197112,0.04392431064812964,0.023250598762112742,0.0035559725627737735,0.10307376530600837,0.43325714285714284,0.022647322678184194,0.4,0.49714285714285716,0.41862857142857135,0.024559731435080175,0.3657142857142857,0.49714285714285716,0.3216970893708711,0.052212202872900015,0.19047619047619047,0.45007686339344627,3.0,0.0,3,3,1.6853932584269657,4.440892098500626e-16,1.6853932584269662,1.6853932584269662
wine,zscore_robust,minmax,euclidean,48.89617619146205,0.0007209926470061678,48.89560872458265,48.899742812902964,0.2991240431488634,0.0006731648516506118,0.29840949045346526,0.2998906755027747,0.8807170625331874,0.03442126252541615,0.8442389533291232,0.913662196037956,0.863149403851948,0.029175391748714006,0.8322418199136944,0.8911067509804442,0.9605714285714286,0.011328130058056546,0.9485714285714286,0.9714285714285714,0.9605714285714286,0.011328130058056546,0.9485714285714286,0.9714285714285714,0.9615231806051944,0.010465847593358795,0.9504438885936831,0.971572449642625,3.0,0.0,3,3,1.6853932584269657,4.440892098500626e-16,1.6853932584269662,1.6853932584269662
wine,zscore_robust,minmax,manhattan,50.191954308391125,2.1316282072803006e-14,50.191954308391104,50.191954308391104,0.32477117527407146,0.0,0.32477117527407146,0.32477117527407146,0.8958503364513463,2.220446049250313e-16,0.8958503364513465,0.8958503364513465,0.874140463355215,0.0,0.874140463355215,0.874140463355215,0.965714285714286,2.220446049250313e-16,0.9657142857142857,0.9657142857142857,0.965714285714286,2.220446049250313e-16,0.9657142857142857,0.9657142857142857,0.9662838482662811,5.551115123125783e-16,0.9662838482662806,0.9662838482662806,3.0,0.0,3,3,1.6853932584269657,4.440892098500626e-16,1.6853932584269662,1.6853932584269662
wine,zscore_robust,minmax,cosine,50.7022687646494,0.051887938417703595,50.589152848562506,50.76900551557611,0.4537628061267033,0.0016819287121451305,0.4507423472002225,0.4568860643574809,0.7202274486066155,0.008127652273122867,0.7058878246092182,0.7345236927303052,0.714773926210316,0.004332445985166136,0.6987312774274578,0.7231706147746221,0.9025142857142857,0.0032142539680971986,0.8971428571428571,0.9085714285714286,0.9025142857142857,0.0032142539680971986,0.8971428571428571,0.9085714285714286,0.9058412976798119,0.0030921362278471085,0.900458772218565,0.9128274055693412,3.0,0.0,3,3,1.6853932584269657,4.440892098500626e-16,1.6853932584269662,1.6853932584269662
wine,zscore_robust,minmax,minkowski,49.08840475283165,0.025065382334659103,49.08384796686363,49.30503825069215,0.28188107238851423,0.0003380645345966386,0.2807561073489288,0.28370261112603684,0.8206640356783939,0.0029681909498120804,0.8013649915401093,0.8348993336156788,0.8126293919712847,0.0022749333480713277,0.7943486609308905,0.8230826099100721,0.9373142857142858,0.0012662011317805864,0.9314285714285714,0.9428571428571428,0.9373142857142858,0.0012662011317805864,0.9314285714285714,0.9428571428571428,0.9368632075552165,0.0014184259885785865,0.9316308409296216,0.943626708273427,3.0,0.0,3,3,1.6853932584269657,4.440892098500626e-16,1.6853932584269662,1.6853932584269662
wine,zscore_robust,minmax,chebyshev,51.90473590007526,7.105427357601002e-15,51.904735900075266,51.904735900075266,0.24427739551175118,5.551115123125783e-17,0.24427739551175112,0.24427739551175112,0.6600242938305252,3.3306690738754696e-16,0.6600242938305249,0.6600242938305249,0.6786029684178476,1.831026719408895e-16,0.6786029684178474,0.6786029684178476,0.8742857142857144,1.1102230246251565e-16,0.8742857142857143,0.8742857142857143,0.8742857142857144,1.1102230246251565e-16,0.8742857142857143,0.8742857142857143,0.8731513133555311,2.220446049250313e-16,0.8731513133555309,0.8731513133555309,3.0,0.0,3,3,1.6853932584269657,4.440892098500626e-16,1.6853932584269662,1.6853932584269662
wine,zscore_robust,minmax,correlation,50.72121969633141,0.029162645940531803,50.663678611177254,50.78296724226763,0.4732407199705466,0.00024987257723707405,0.47311206155797036,0.47385028368692733,0.7263769748998758,0.006446099094642847,0.6921149854606267,0.7376078694963467,0.7118665824865392,0.00492232130024953,0.6845538252039285,0.7203038097573415,0.9038857142857143,0.002603608171404482,0.8914285714285715,0.9085714285714286,0.9038857142857143,0.002603608171404482,0.8914285714285715,0.9085714285714286,0.9057187622636451,0.0026169543782364295,0.8952658771960288,0.9106119469755832,3.0,0.0,3,3,1.6853932584269657,4.440892098500626e-16,1.6853932584269662,1.6853932584269662
wine,zscore_robust,minmax,hamming,128.04746945929378,3.8984360420752506,113.14370533741119,136.19264690841104,0.0043377177133578785,0.0013577494022212892,0.0004897751231233924,0.007878203070508714,0.01973646080456382,0.018881388336494033,-0.011763702782928842,0.08724630512162865,0.03985382288132564,0.02160184835553701,0.0049131073084965424,0.10307376530600837,0.43320000000000003,0.023968618939720972,0.4,0.5028571428571429,0.41925714285714283,0.027233292949952994,0.36,0.49714285714285716,0.32877710455768516,0.05812932461552086,0.19047619047619047,0.4514441569340513,3.0,0.0,3,3,1.6853932584269657,4.440892098500626e-16,1.6853932584269662,1.6853932584269662
wine,zscore_robust,standard,euclidean,1258.8414340570034,4.547473508864641e-13,1258.8414340570039,1258.8414340570039,0.2841541680889539,1.1102230246251565e-16,0.284154168088954,0.284154168088954,0.8958503364513463,2.220446049250313e-16,0.8958503364513465,0.8958503364513465,0.874140463355215,0.0,0.874140463355215,0.874140463355215,0.965714285714286,2.220446049250313e-16,0.9657142857142857,0.9657142857142857,0.965714285714286,2.220446049250313e-16,0.9657142857142857,0.9657142857142857,0.9662838482662811,5.551115123125783e-16,0.9662838482662806,0.9662838482662806,3.0,0.0,3,3,1.6853932584269657,4.440892098500626e-16,1.6853932584269662,1.6853932584269662
wine,zscore_robust,standard,manhattan,1299.515409777633,0.0,1299.515409777633,1299.515409777633,0.31413623062529655,1.1102230246251565e-16,0.31413623062529644,0.31413623062529644,0.8941552861874216,3.3306690738754696e-16,0.8941552861874212,0.8941552861874212,0.875175889310772,2.819616784322031e-16,0.8751758893107722,0.8751758893107723,0.965714285714286,2.220446049250313e-16,0.9657142857142857,0.9657142857142857,0.965714285714286,2.220446049250313e-16,0.9657142857142857,0.9657142857142857,0.9670534665354772,2.220446049250313e-16,0.9670534665354774,0.9670534665354774,3.0,0.0,3,3,1.6853932584269657,4.440892098500626e-16,1.6853932584269662,1.6853932584269662
wine,zscore_robust,standard,cosine,1266.4169797184911,1.4833976318007418,1263.6361410181744,1269.5383330556865,0.4701927317536726,0.0006077468826994581,0.4695648332162928,0.47114564872500736,0.8162650241023569,0.014544042736565427,0.767509527223851,0.8496975455273824,0.8063994670549727,0.011556301022070668,0.7698370324852403,0.8343459326182883,0.9371428571428573,0.005046720495044487,0.92,0.9485714285714286,0.9371428571428573,0.005046720495044487,0.92,0.9485714285714286,0.9375626552262508,0.004811153373218335,0.9213907785336356,0.9484266105659979,3.0,0.0,3,3,1.6853932584269657,4.440892098500626e-16,1.6853932584269662,1.6853932584269662
wine,zscore_robust,standard,minkowski,1262.7305074270141,0.5461356578247093,1262.2997478781308,1264.8001713026974,0.26512449309034,0.0009823351198595784,0.2642189950475603,0.2664045181947704,0.8419898930729852,0.015744920202514463,0.8276593738621865,0.8628080420976864,0.8301651395448448,0.011265407873928253,0.820273781620701,0.8552158441787701,0.9475428571428569,0.005198429904248772,0.9428571428571428,0.9542857142857143,0.9475428571428569,0.005198429904248772,0.9428571428571428,0.9542857142857143,0.9492123301754012,0.00460544777456249,0.945165991902834,0.9575470837406321,3.0,0.0,3,3,1.6853932584269657,4.440892098500626e-16,1.6853932584269662,1.6853932584269662
wine,zscore_robust,standard,chebyshev,1371.496998612067,1.86530056120433,1366.2785884595542,1375.9098214710218,0.210578572054155,0.0013874946839019181,0.20809850007125982,0.21233334835743342,0.5858576569624698,0.006562432116435832,0.5780369130994708,0.6021772625167545,0.601949421061456,0.010196001477003818,0.5809870899571599,0.6133287794217538,0.8430285714285713,0.0033762677135365862,0.84,0.8514285714285714,0.8430285714285713,0.0033762677135365862,0.84,0.8514285714285714,0.8417488893160061,0.00379922031524088,0.8382071198560701,0.8508732616253804,3.0,0.0,3,3,1.6853932584269657,4.440892098500626e-16,1.6853932584269662,1.6853932584269662
wine,zscore_robust,standard,correlation,1306.970267933993,4.547473508864641e-13,1306.9702679339925,1306.9702679339925,0.4563828299123477,5.551115123125783e-17,0.45638282991234763,0.45638282991234763,0.7066352028354437,1.1102230246251565e-16,0.7066352028354438,0.7066352028354438,0.6987312774274576,2.220446049250313e-16,0.6987312774274578,0.6987312774274578,0.8971428571428568,3.3306690738754696e-16,0.8971428571428571,0.8971428571428571,0.8971428571428568,3.3306690738754696e-16,0.8971428571428571,0.8971428571428571,0.9004587722185652,2.220446049250313e-16,0.900458772218565,0.900458772218565,3.0,0.0,3,3,1.6853932584269657,4.440892098500626e-16,1.6853932584269662,1.6853932584269662
wine,zscore_robust,standard,hamming,3064.4911375825695,90.44135666407081,2681.732279454456,3277.6018126967447,0.004410421622803893,0.001370791378850203,0.0004897751231233924,0.007878203070508714,0.019541963333847074,0.01894731916651394,-0.011763702782928842,0.08724630512162865,0.0397594779430371,0.02121242184065722,0.005870540014025138,0.10307376530600837,0.43428571428571433,0.023972773672460607,0.4,0.5028571428571429,0.418,0.026401917060883965,0.36,0.49714285714285716,0.3267510886095517,0.0546294934900837,0.19047619047619047,0.4514441569340513,3.0,0.0,3,3,1.6853932584269657,4.440892098500626e-16,1.6853932584269662,1.6853932584269662
wine,zscore_robust,robust,euclidean,664.7939548468653,0.015758582956165057,664.7923710496866,664.9507507675451,0.2648084638030756,2.9675957093571615e-05,0.2645131917581535,0.264811446348984,0.8924501194929644,0.0031474103481047284,0.8611337819351287,0.8927664461349628,0.8798337391369893,0.0034934976092952773,0.845073876808881,0.880184848857475,0.9656000000000003,0.0011371284995504247,0.9542857142857143,0.9657142857142857,0.9656000000000003,0.0011371284995504247,0.9542857142857143,0.9657142857142857,0.9678180746389708,0.0012157486296506294,0.9557215285071511,0.9679402619736356,3.0,0.0,3,3,1.6853932584269657,4.440892098500626e-16,1.6853932584269662,1.6853932584269662
wine,zscore_robust,robust,manhattan,689.5209778089313,1.1368683772161603e-13,689.5209778089314,689.5209778089314,0.30379796630085837,5.551115123125783e-17,0.3037979663008584,0.3037979663008584,0.8941552861874216,3.3306690738754696e-16,0.8941552861874212,0.8941552861874212,0.875175889310772,2.819616784322031e-16,0.8751758893107722,0.8751758893107723,0.965714285714286,2.220446049250313e-16,0.9657142857142857,0.9657142857142857,0.965714285714286,2.220446049250313e-16,0.9657142857142857,0.9657142857142857,0.9670534665354772,2.220446049250313e-16,0.9670534665354774,0.9670534665354774,3.0,0.0,3,3,1.6853932584269657,4.440892098500626e-16,1.6853932584269662,1.6853932584269662
wine,zscore_robust,robust,cosine,673.3378916658432,1.1368683772161603e-13,673.3378916658434,673.3378916658434,0.439837539984188,5.551115123125783e-17,0.43983753998418795,0.43983753998418795,0.7308711782704953,0.0,0.7308711782704953,0.7308711782704953,0.7435290331605116,6.661338147750939e-17,0.7435290331605116,0.7435290331605117,0.9028571428571428,0.0,0.9028571428571428,0.9028571428571428,0.9028571428571428,0.0,0.9028571428571428,0.9028571428571428,0.9022018015357104,0.0,0.9022018015357104,0.9022018015357104,3.0,0.0,3,3,1.6853932584269657,4.440892098500626e-16,1.6853932584269662,1.6853932584269662
wine,zscore_robust,robust,minkowski,673.2856101476681,0.3990400599329719,673.1940640794746,675.0249854433401,0.23672567728813218,0.00016510816805495916,0.2360059874688274,0.23676355569967444,0.7414076468662444,0.011060105470860532,0.6931977648138621,0.7439450090795278,0.7509389146704173,0.005708843086701083,0.7260546445709565,0.7522486130967048,0.907714285714286,0.00373619909446343,0.8914285714285715,0.9085714285714286,0.907714285714286,0.00373619909446343,0.8914285714285715,0.9085714285714286,0.9075275894803947,0.002845868503707388,0.895122736266129,0.908180476491672,3.0,0.0,3,3,1.6853932584269657,4.440892098500626e-16,1.6853932584269662,1.6853932584269662
wine,zscore_robust,robust,chebyshev,729.7842376000201,2.593976386032297,727.3034261565397,732.6436219291863,0.19366429526283901,0.0012544982533135988,0.1921013122966258,0.19472169055821212,0.5181784733974389,0.005820020873049654,0.5109000591969916,0.5228619253483667,0.5307253361423389,0.0036703728782575143,0.5261355184173516,0.5338266270933181,0.8149142857142857,0.00278714249103025,0.8114285714285714,0.8171428571428572,0.8149142857142857,0.00278714249103025,0.8114285714285714,0.8171428571428572,0.8143315487701231,0.00268335019445982,0.8109768390142222,0.8166969744970696,3.0,0.0,3,3,1.6853932584269657,4.440892098500626e-16,1.6853932584269662,1.6853932584269662
wine,zscore_robust,robust,correlation,699.3497068560772,0.21972332163419095,698.5712882741278,700.7219847624683,0.418120521887178,0.00018362150357782185,0.4180874129928616,0.4196986823771785,0.6248515901302647,0.004046892616491816,0.6238777594877252,0.6513572477625361,0.6156698364860254,0.004404037798934909,0.6145908690334922,0.6421286882171615,0.8632571428571427,0.0016669659595216887,0.8628571428571429,0.8742857142857143,0.8632571428571427,0.0016669659595216887,0.8628571428571429,0.8742857142857143,0.8649654154569495,0.0014821553443156617,0.8646111030480803,0.8748175943297894,3.0,0.0,3,3,1.6853932584269657,4.440892098500626e-16,1.6853932584269662,1.6853932584269662
wine,zscore_robust,robust,hamming,1512.1725967428936,38.726490748017,1342.758062859688,1602.1064993530044,0.00444266422483296,0.0014317730612262048,0.0004897751231233924,0.007878203070508714,0.0197122751856191,0.02041003319743763,-0.011763702782928842,0.08724630512162865,0.04006733570942929,0.022848270231509312,0.005597945933417089,0.10307376530600837,0.43485714285714283,0.024927650412785413,0.4,0.5028571428571429,0.41857142857142854,0.028939063353106337,0.36,0.49714285714285716,0.3264318889001714,0.05618897481203673,0.19047619047619047,0.4514441569340513,3.0,0.0,3,3,1.6853932584269657,4.440892098500626e-16,1.6853932584269662,1.6853932584269662
wine,zscore_robust_2.5,none,euclidean,2294174.215472646,9.313225746154785e-10,2294174.215472647,2294174.215472647,0.570645857511337,1.1102230246251565e-16,0.5706458575113369,0.5706458575113369,0.38845210882574,5.551115123125783e-17,0.38845210882574005,0.38845210882574005,0.4369468410655423,1.2609709600486847e-16,0.4369468410655424,0.4369468410655425,0.7100591715976331,0.0,0.7100591715976331,0.7100591715976331,0.7100591715976331,0.0,0.7100591715976331,0.7100591715976331,0.7050657518582044,3.3306690738754696e-16,0.7050657518582047,0.7050657518582047,9.0,0.0,9,9,5.056179775280898,8.881784197001252e-16,5.056179775280899,5.056179775280899
wine,zscore_robust_2.5,none,manhattan,2447934.66454236,0.0,2447934.66454236,2447934.66454236,0.5400620570059066,2.220446049250313e-16,0.5400620570059068,0.5400620570059068,0.3925497748384083,5.551115123125783e-17,0.39254977483840836,0.39254977483840836,0.440220536882276,1.9229626863835638e-16,0.44022053688227575,0.4402205368822759,0.715976331360947,2.220446049250313e-16,0.7159763313609467,0.7159763313609467,0.715976331360947,2.220446049250313e-16,0.7159763313609467,0.7159763313609467,0.7118008070431128,2.220446049250313e-16,0.7118008070431125,0.7118008070431125,9.0,0.0,9,9,5.056179775280898,8.881784197001252e-16,5.056179775280899,5.056179775280899
wine,zscore_robust_2.5,none,cosine,3632329.4314135932,13176.903736094075,3629000.3449750748,3684485.118950376,0.6991653067653053,0.004543658483432676,0.6811809883789884,0.7003132419814535,0.36723179419725716,0.007470326114562937,0.3376633916019063,0.3691191390437691,0.4079633197177518,0.007861860380907623,0.37684517984994287,0.40994958396463343,0.7030769230769232,0.004215742752794549,0.6863905325443787,0.7041420118343196,0.7030769230769232,0.004215742752794549,0.6863905325443787,0.7041420118343196,0.7026739846661143,0.003925981320455848,0.6871345029239766,0.7036658664794424,9.0,0.0,9,9,5.056179775280898,8.881784197001252e-16,5.056179775280899,5.056179775280899
wine,zscore_robust_2.5,none,minkowski,2294174.215472646,9.313225746154785e-10,2294174.215472647,2294174.215472647,0.5743974356093939,0.0,0.5743974356093939,0.5743974356093939,0.38845210882574,5.551115123125783e-17,0.38845210882574005,0.38845210882574005,0.4369468410655423,1.2573000033218178e-16,0.4369468410655424,0.4369468410655425,0.7100591715976331,0.0,0.7100591715976331,0.7100591715976331,0.7100591715976331,0.0,0.7100591715976331,0.7100591715976331,0.7050657518582044,3.3306690738754696e-16,0.7050657518582047,0.7050657518582047,9.0,0.0,9,9,5.056179775280898,8.881784197001252e-16,5.056179775280899,5.056179775280899
wine,zscore_robust_2.5,none,chebyshev,2294174.215472646,9.313225746154785e-10,2294174.215472647,2294174.215472647,0.5763839269110974,1.1102230246251565e-16,0.5763839269110975,0.5763839269110975,0.38845210882574,5.551115123125783e-17,0.38845210882574005,0.38845210882574005,0.4369468410655423,1.2609709600486847e-16,0.4369468410655424,0.4369468410655425,0.7100591715976331,0.0,0.7100591715976331,0.7100591715976331,0.7100591715976331,0.0,0.7100591715976331,0.7100591715976331,0.7050657518582044,3.3306690738754696e-16,0.7050657518582047,0.7050657518582047,9.0,0.0,9,9,5.056179775280898,8.881784197001252e-16,5.056179775280899,5.056179775280899
wine,zscore_robust_2.5,none,correlation,3846613.109357498,1.3969838619232178e-09,3846613.1093574995,3846613.1093574995,0.6946430072990586,2.220446049250313e-16,0.6946430072990584,0.6946430072990584,0.3582746829065625,5.551115123125783e-17,0.35827468290656245,0.35827468290656245,0.3919004942310293,7.71185559270127e-17,0.3919004942310292,0.39190049423102924,0.6982248520710058,1.1102230246251565e-16,0.6982248520710059,0.6982248520710059,0.6982248520710058,1.1102230246251565e-16,0.6982248520710059,0.6982248520710059,0.6968330649490069,1.1102230246251565e-16,0.696833064949007,0.696833064949007,9.0,0.0,9,9,5.056179775280898,8.881784197001252e-16,5.056179775280899,5.056179775280899
wine,zscore_robust_2.5,none,hamming,17811725.58138014,626009.1520541272,16308932.029361203,19623209.893061798,0.004721527634742151,0.0013096513355953046,0.0013608877412445712,0.007899238600207335,0.020496837190834553,0.01786055173407858,-0.015796910242491517,0.06767725366028966,0.04319228943357233,0.023333112152683903,0.0056966170986696135,0.09705847421906533,0.43840236686390527,0.02361080211558764,0.40236686390532544,0.5029585798816568,0.42177514792899407,0.029408700722108237,0.35502958579881655,0.5029585798816568,0.3172015557874264,0.04450000431266303,0.19127988748241911,0.4698653198653198,9.0,0.0,9,9,5.056179775280898,8.881784197001252e-16,5.056179775280899,5.056179775280899
wine,zscore_robust_2.5,minmax,euclidean,50.154428267279926,0.0031132068494981193,50.153792786592845,50.169679803769945,0.2996189314249239,1.5650532974964006e-05,0.2995422597849414,0.2996221260765899,0.9295729018374983,0.0031565367258581624,0.9141090931720826,0.9302172271985575,0.9077587343517953,0.0029073661678845715,0.8935156071382994,0.9083521979856912,0.9760946745562131,0.001159521771731688,0.9704142011834319,0.9763313609467456,0.9760946745562131,0.001159521771731688,0.9704142011834319,0.9763313609467456,0.9753524606377525,0.0012304077952640317,0.9693247180898731,0.9756036165772475,9.0,0.0,9,9,5.056179775280898,8.881784197001252e-16,5.056179775280899,5.056179775280899
wine,zscore_robust_2.5,minmax,manhattan,51.373285925928684,1.4210854715202004e-14,51.37328592592867,51.37328592592867,0.32581063955136025,0.0,0.32581063955136025,0.32581063955136025,0.8740893035908051,3.3306690738754696e-16,0.8740893035908047,0.8740893035908047,0.8546667188347362,2.0918204592287073e-16,0.8546667188347363,0.8546667188347364,0.9585798816568046,1.1102230246251565e-16,0.9585798816568047,0.9585798816568047,0.9585798816568046,1.1102230246251565e-16,0.9585798816568047,0.9585798816568047,0.9594889300806453,0.0,0.9594889300806453,0.9594889300806453,9.0,0.0,9,9,5.056179775280898,8.881784197001252e-16,5.056179775280899,5.056179775280899
wine,zscore_robust_2.5,minmax,cosine,51.79586750232261,0.05645433558593644,51.76124999435303,51.95827624628318,0.44803659766934545,0.0011426447873589185,0.44587384518836964,0.44883017357893995,0.7345062781370458,0.007441956262380098,0.7239023312278524,0.7397291176594848,0.7256946812708659,0.007806531337078357,0.714571256068571,0.7311733832361754,0.9092899408284021,0.002782323774084925,0.9053254437869822,0.9112426035502958,0.9092899408284021,0.002782323774084925,0.9053254437869822,0.9112426035502958,0.9137817362565752,0.0024699209086259163,0.9102623780043135,0.9155151515151516,9.0,0.0,9,9,5.056179775280898,8.881784197001252e-16,5.056179775280899,5.056179775280899
wine,zscore_robust_2.5,minmax,minkowski,50.5245976118097,0.077878481735444,50.470377269255415,50.63804153624834,0.280271828161925,0.00036547711049579905,0.2788267852578523,0.28053037675051107,0.8369259392770536,0.008183619059636353,0.8253169945436365,0.8430609291303169,0.8218695915910343,0.006634864540825334,0.8124254850600368,0.8266849152361324,0.9447928994082837,0.0027823237740848723,0.9408284023668639,0.9467455621301775,0.9447928994082837,0.0027823237740848723,0.9408284023668639,0.9467455621301775,0.9450274580831334,0.002654060233943439,0.941268246283319,0.9476763021030354,9.0,0.0,9,9,5.056179775280898,8.881784197001252e-16,5.056179775280899,5.056179775280899
wine,zscore_robust_2.5,minmax,chebyshev,55.2822044974602,0.6244858375697223,54.51786840907774,56.092135373182,0.23217822705843488,0.0011496820650097382,0.22889443346618807,0.23504534204678423,0.6243715348699062,0.009074464697032752,0.605035681118659,0.6477661802295245,0.6424892095345155,0.007672217889373559,0.624594313853877,0.6596235331842262,0.8595266272189346,0.004152143146236385,0.8520710059171598,0.8698224852071006,0.8595266272189346,0.004152143146236385,0.8520710059171598,0.8698224852071006,0.8574400096960724,0.0043775301570755385,0.8497566059558458,0.8680279675830288,9.0,0.0,9,9,5.056179775280898,8.881784197001252e-16,5.056179775280899,5.056179775280899
wine,zscore_robust_2.5,minmax,correlation,51.78353252367379,7.105427357601002e-15,51.7835325236738,51.7835325236738,0.46751155156029706,2.220446049250313e-16,0.46751155156029683,0.46751155156029683,0.6973931440412151,0.0,0.6973931440412151,0.6973931440412151,0.6858085809770346,1.1102230246251565e-16,0.6858085809770345,0.6858085809770345,0.893491124260355,0.0,0.893491124260355,0.893491124260355,0.893491124260355,0.0,0.893491124260355,0.893491124260355,0.8964368964368963,1.1102230246251565e-16,0.8964368964368964,0.8964368964368964,9.0,0.0,9,9,5.056179775280898,8.881784197001252e-16,5.056179775280899,5.056179775280899
wine,zscore_robust_2.5,minmax,hamming,128.64925263473933,3.4526569736152446,119.15938609755334,135.5840505987294,0.004387119057815741,0.0012473208531670389,0.0009176579860065184,0.007545679991677494,0.026142678821641917,0.022213187379107,-0.007496469108271149,0.08461857628408373,0.04792223982893709,0.02432345960652276,0.0027015394019748035,0.11230387741931741,0.4431360946745562,0.02758811887517199,0.40236686390532544,0.5266272189349113,0.4294082840236686,0.03121272329427276,0.3727810650887574,0.5266272189349113,0.33841857147375926,0.06370530212239355,0.19127988748241911,0.49551498937760635,9.0,0.0,9,9,5.056179775280898,8.881784197001252e-16,5.056179775280899,5.056179775280899
wine,zscore_robust_2.5,standard,euclidean,1208.3173567770284,2.2737367544323206e-13,1208.3173567770286,1208.3173567770286,0.2859733796143451,5.551115123125783e-17,0.28597337961434516,0.28597337961434516,0.9111865874267226,2.220446049250313e-16,0.9111865874267224,0.9111865874267224,0.8879432868624129,4.440892098500626e-16,0.8879432868624133,0.8879432868624133,0.970414201183432,1.1102230246251565e-16,0.9704142011834319,0.9704142011834319,0.970414201183432,1.1102230246251565e-16,0.9704142011834319,0.9704142011834319,0.9702275452604487,0.0,0.9702275452604487,0.9702275452604487,9.0,0.0,9,9,5.056179775280898,8.881784197001252e-16,5.056179775280899,5.056179775280899
wine,zscore_robust_2.5,standard,manhattan,1239.6572849231832,4.547473508864641e-13,1239.6572849231827,1239.6572849231827,0.3172318913604921,5.551115123125783e-17,0.31723189136049207,0.31723189136049207,0.8740893035908051,3.3306690738754696e-16,0.8740893035908047,0.8740893035908047,0.8546667188347362,2.065134201172189e-16,0.8546667188347363,0.8546667188347364,0.9585798816568046,1.1102230246251565e-16,0.9585798816568047,0.9585798816568047,0.9585798816568046,1.1102230246251565e-16,0.9585798816568047,0.9585798816568047,0.9594889300806453,0.0,0.9594889300806453,0.9594889300806453,9.0,0.0,9,9,5.056179775280898,8.881784197001252e-16,5.056179775280899,5.056179775280899
wine,zscore_robust_2.5,standard,cosine,1216.392863814177,4.547473508864641e-13,1216.3928638141765,1216.3928638141765,0.4692624028098093,1.1102230246251565e-16,0.4692624028098092,0.4692624028098092,0.7931924757915975,0.0,0.7931924757915975,0.7931924757915975,0.7871047764939418,3.3306690738754696e-16,0.7871047764939415,0.7871047764939415,0.9289940828402367,0.0,0.9289940828402367,0.9289940828402367,0.9289940828402367,0.0,0.9289940828402367,0.9289940828402367,0.929390681003584,2.220446049250313e-16,0.9293906810035842,0.9293906810035842,9.0,0.0,9,9,5.056179775280898,8.881784197001252e-16,5.056179775280899,5.056179775280899
wine,zscore_robust_2.5,standard,minkowski,1214.8816705009046,2.645219835937965,1210.919007362515,1220.0436435397864,0.26537677940395976,0.0010249395942830042,0.2629487934126321,0.26697722772806454,0.8512242271459108,0.022510610537759115,0.7931924757915975,0.9111865874267224,0.835259641658808,0.018697780694407366,0.7871047764939415,0.8879432868624133,0.9498224852071004,0.007871379478492733,0.9289940828402367,0.9704142011834319,0.9498224852071004,0.007871379478492733,0.9289940828402367,0.9704142011834319,0.9501470439693013,0.007796355823604646,0.9293906810035842,0.9702275452604487,9.0,0.0,9,9,5.056179775280898,8.881784197001252e-16,5.056179775280899,5.056179775280899
wine,zscore_robust_2.5,standard,chebyshev,1326.5517927883213,0.7167449693508378,1326.4797572085122,1333.6833151894562,0.20406862823047262,0.00015546379511199556,0.20252178299985918,0.20408425292977184,0.5589876429872628,9.148362311607182e-05,0.558978448537192,0.5598978935442778,0.5808830274250831,0.0015484474852926187,0.5807274025973169,0.5962898853739381,0.8284023668639056,2.220446049250313e-16,0.8284023668639053,0.8284023668639053,0.8284023668639056,2.220446049250313e-16,0.8284023668639053,0.8284023668639053,0.8257208172138106,8.73704117220083e-05,0.824851492593428,0.8257295982705819,9.0,0.0,9,9,5.056179775280898,8.881784197001252e-16,5.056179775280899,5.056179775280899
wine,zscore_robust_2.5,standard,correlation,1244.9939295159274,1.1380480717397143,1244.570992371891,1248.075442507361,0.45184569022955967,2.4688852703047963e-05,0.45167324423566757,0.45185361108076466,0.7114114860675318,0.004380380248487125,0.6995696599374605,0.7130679222413874,0.6993477156666685,0.0033238707273831585,0.6903468694123498,0.7005790350177177,0.8986982248520706,0.0019228493265410658,0.893491124260355,0.8994082840236687,0.8986982248520706,0.0019228493265410658,0.893491124260355,0.8994082840236687,0.9009540654422591,0.002090114617168337,0.8953049916078449,0.9026341463414633,9.0,0.0,9,9,5.056179775280898,8.881784197001252e-16,5.056179775280899,5.056179775280899
wine,zscore_robust_2.5,standard,hamming,2932.3425109905716,81.6246562052142,2692.992850254447,3077.2724978137867,0.0043546706196144515,0.0012308109810052425,0.0009176579860065184,0.007545679991677494,0.023798128172543245,0.021859221495596323,-0.00994199165503864,0.08461857628408373,0.04556813183761235,0.024029427588336226,0.0027015394019748035,0.11230387741931741,0.4444378698224851,0.026074406114977973,0.40236686390532544,0.5266272189349113,0.4281656804733727,0.031103329520232138,0.3727810650887574,0.5266272189349113,0.3351581072094806,0.06188992689004897,0.19127988748241911,0.49551498937760635,9.0,0.0,9,9,5.056179775280898,8.881784197001252e-16,5.056179775280899,5.056179775280899
wine,zscore_robust_2.5,robust,euclidean,602.6173769056833,1.1368683772161603e-13,602.6173769056834,602.6173769056834,0.26809132009468256,5.551115123125783e-17,0.2680913200946826,0.2680913200946826,0.8740893035908051,3.3306690738754696e-16,0.8740893035908047,0.8740893035908047,0.8546667188347362,2.065134201172189e-16,0.8546667188347363,0.8546667188347364,0.9585798816568046,1.1102230246251565e-16,0.9585798816568047,0.9585798816568047,0.9585798816568046,1.1102230246251565e-16,0.9585798816568047,0.9585798816568047,0.9594889300806453,0.0,0.9594889300806453,0.9594889300806453,9.0,0.0,9,9,5.056179775280898,8.881784197001252e-16,5.056179775280899,5.056179775280899
wine,zscore_robust_2.5,robust,manhattan,618.9429277635963,2.2737367544323206e-13,618.9429277635966,618.9429277635966,0.3083760756143806,1.1102230246251565e-16,0.3083760756143807,0.3083760756143807,0.8740893035908051,3.3306690738754696e-16,0.8740893035908047,0.8740893035908047,0.8546667188347362,2.065134201172189e-16,0.8546667188347363,0.8546667188347364,0.9585798816568046,1.1102230246251565e-16,0.9585798816568047,0.9585798816568047,0.9585798816568046,1.1102230246251565e-16,0.9585798816568047,0.9585798816568047,0.9594889300806453,0.0,0.9594889300806453,0.9594889300806453,9.0,0.0,9,9,5.056179775280898,8.881784197001252e-16,5.056179775280899,5.056179775280899
wine,zscore_robust_2.5,robust,cosine,610.5022707454708,1.1368683772161603e-13,610.5022707454707,610.5022707454707,0.4381897565229071,0.0,0.4381897565229071,0.4381897565229071,0.7408928795852904,1.1102230246251565e-16,0.7408928795852905,0.7408928795852905,0.7505172136625307,2.220446049250313e-16,0.7505172136625304,0.7505172136625304,0.9053254437869818,4.440892098500626e-16,0.9053254437869822,0.9053254437869822,0.9053254437869818,4.440892098500626e-16,0.9053254437869822,0.9053254437869822,0.9034089288261304,0.0,0.9034089288261304,0.9034089288261304,9.0,0.0,9,9,5.056179775280898,8.881784197001252e-16,5.056179775280899,5.056179775280899
wine,zscore_robust_2.5,robust,minkowski,610.0252849880751,1.423609483376936,606.2253862930452,612.2532888104965,0.2438904074748254,0.001482777620199242,0.23753710141002116,0.2448911788865337,0.8335039178268232,0.023911969652312348,0.7541319295334873,0.8879713551694608,0.8238952533224102,0.021496227575192334,0.7592812846787911,0.8761264966605472,0.9444970414201179,0.009496257963223504,0.9112426035502958,0.9644970414201184,0.9444970414201179,0.009496257963223504,0.9112426035502958,0.9644970414201184,0.9461403699369196,0.010392629157645574,0.9096665575412567,0.9671436804865786,9.0,0.0,9,9,5.056179775280898,8.881784197001252e-16,5.056179775280899,5.056179775280899
wine,zscore_robust_2.5,robust,chebyshev,669.6925579709277,1.0242205201915746,669.4313443639297,673.7454691703729,0.18952498532284479,0.0004528511650030402,0.18940225833880456,0.19180791911325934,0.5072762667448245,0.0006798587218124831,0.5070907166621361,0.5103826078835606,0.5146854099239797,0.002175485964844637,0.5140885644391597,0.5226747994823951,0.810650887573965,4.440892098500626e-16,0.8106508875739645,0.8106508875739645,0.810650887573965,4.440892098500626e-16,0.8106508875739645,0.8106508875739645,0.8097446761693848,0.00013371932549172087,0.8089228447462743,0.8097798226549227,9.0,0.0,9,9,5.056179775280898,8.881784197001252e-16,5.056179775280899,5.056179775280899
wine,zscore_robust_2.5,robust,correlation,628.3541723964915,1.258318254051562,627.1216523143491,630.307793557876,0.4144403988278406,0.0007858955677583072,0.41192166833328686,0.4153495112114276,0.646498554305198,0.009598846190775506,0.623343507450135,0.6573681449542083,0.6301696309939495,0.01221591149612507,0.6033282814554565,0.6449813168263767,0.8716568047337274,0.0036181871588663963,0.863905325443787,0.8757396449704142,0.8716568047337274,0.0036181871588663963,0.863905325443787,0.8757396449704142,0.8719817610216952,0.0028616303852900082,0.8645259825838476,0.877263021429116,9.0,0.0,9,9,5.056179775280898,8.881784197001252e-16,5.056179775280899,5.056179775280899
wine,zscore_robust_2.5,robust,hamming,1383.4396117363112,36.41001662662395,1277.0110359466876,1459.1760530197225,0.004472696350084582,0.0011343573522649354,0.002087601130076188,0.007958225848731692,0.022012790228685648,0.02176119701675009,-0.00994199165503864,0.08461857628408373,0.04530231460396576,0.024238787800273713,0.0027015394019748035,0.11230387741931741,0.4467455621301775,0.02677146988370088,0.40236686390532544,0.5266272189349113,0.42792899408284013,0.03220239902543896,0.3727810650887574,0.5266272189349113,0.33635660899920033,0.060426665106773664,0.19127988748241911,0.49551498937760635,9.0,0.0,9,9,5.056179775280898,8.881784197001252e-16,5.056179775280899,5.056179775280899
wine,zscore_robust_3.5,none,euclidean,2370689.6867829673,9.313225746154785e-10,2370689.686782968,2370689.686782968,0.571138193786884,0.0,0.571138193786884,0.571138193786884,0.37111371823084743,1.1102230246251565e-16,0.37111371823084754,0.37111371823084754,0.42875685976453537,1.3218183103392464e-16,0.42875685976453537,0.4287568597645356,0.7022471910112361,1.1102230246251565e-16,0.702247191011236,0.702247191011236,0.7022471910112361,1.1102230246251565e-16,0.702247191011236,0.702247191011236,0.7031609899534428,0.0,0.7031609899534428,0.7031609899534428,0.0,0.0,0,0,0.0,0.0,0.0,0.0
wine,zscore_robust_3.5,none,manhattan,2526864.4630025295,0.0,2526864.4630025295,2526864.4630025295,0.5385443329304518,0.0,0.5385443329304518,0.5385443329304518,0.3715000782119531,5.551115123125783e-17,0.37150007821195313,0.37150007821195313,0.41930221497047826,6.353541660708338e-17,0.41930221497047815,0.41930221497047826,0.7078651685393258,0.0,0.7078651685393258,0.7078651685393258,0.7078651685393258,0.0,0.7078651685393258,0.7078651685393258,0.7082306966661166,0.0,0.7082306966661166,0.7082306966661166,0.0,0.0,0,0,0.0,0.0,0.0,0.0
wine,zscore_robust_3.5,none,cosine,3774788.804371106,11346.323059743849,3768160.46476362,3795718.5032211705,0.6740744595805053,0.0025310697012316586,0.669335982581148,0.675542581791171,0.34177854284738446,0.014708015404857255,0.31620777747767037,0.3504858405734726,0.382324783289943,0.011731417037375638,0.3617105328332671,0.38926197969970344,0.6855056179775282,0.00936636653769325,0.6685393258426966,0.6910112359550562,0.6855056179775282,0.00936636653769325,0.6685393258426966,0.6910112359550562,0.6898822809658717,0.008693172498505944,0.6740655401945724,0.6949855959380865,0.0,0.0,0,0,0.0,0.0,0.0,0.0
wine,zscore_robust_3.5,none,minkowski,2370689.6867829673,9.313225746154785e-10,2370689.686782968,2370689.686782968,0.5749881498327883,1.1102230246251565e-16,0.5749881498327882,0.5749881498327882,0.37111371823084743,1.1102230246251565e-16,0.37111371823084754,0.37111371823084754,0.42875685976453537,1.3218183103392464e-16,0.42875685976453537,0.4287568597645356,0.7022471910112361,1.1102230246251565e-16,0.702247191011236,0.702247191011236,0.7022471910112361,1.1102230246251565e-16,0.702247191011236,0.702247191011236,0.7031609899534428,0.0,0.7031609899534428,0.7031609899534428,0.0,0.0,0,0,0.0,0.0,0.0,0.0
wine,zscore_robust_3.5,none,chebyshev,2370689.6867829673,9.313225746154785e-10,2370689.686782968,2370689.686782968,0.5769851900608064,0.0,0.5769851900608064,0.5769851900608064,0.37111371823084743,1.1102230246251565e-16,0.37111371823084754,0.37111371823084754,0.42875685976453537,1.3218183103392464e-16,0.42875685976453537,0.4287568597645356,0.7022471910112361,1.1102230246251565e-16,0.702247191011236,0.702247191011236,0.7022471910112361,1.1102230246251565e-16,0.702247191011236,0.702247191011236,0.7031609899534428,0.0,0.7031609899534428,0.7031609899534428,0.0,0.0,0,0,0.0,0.0,0.0,0.0
wine,zscore_robust_3.5,none,correlation,3790344.279169462,1.862645149230957e-09,3790344.279169464,3790344.279169464,0.6652724525180814,0.0,0.6652724525180814,0.6652724525180814,0.32505446290817713,0.0,0.32505446290817713,0.32505446290817713,0.3770365910304634,1.6653345369377348e-16,0.37703659103046355,0.37703659103046355,0.6741573033707867,2.220446049250313e-16,0.6741573033707865,0.6741573033707865,0.6741573033707867,2.220446049250313e-16,0.6741573033707865,0.6741573033707865,0.6807563866387393,4.440892098500626e-16,0.6807563866387397,0.6807563866387397,0.0,0.0,0,0,0.0,0.0,0.0,0.0
wine,zscore_robust_3.5,none,hamming,18462558.595928818,720449.5241993372,16950355.8960601,20440830.876401402,0.0049388621125535095,0.0013038194571124656,0.0016674916639281428,0.008173357013837868,0.018712260254772347,0.016944059811355314,-0.009950108716109083,0.06568397662384634,0.04465800523195594,0.02339088467329501,0.0029858628685098623,0.11078441622023964,0.4291573033707865,0.021123819625872967,0.398876404494382,0.4943820224719101,0.41443820224719097,0.024870006688230754,0.3595505617977528,0.47191011235955055,0.31963115478326165,0.05339547638027779,0.19009370816599733,0.43790827456229947,0.0,0.0,0,0,0.0,0.0,0.0,0.0
wine,zscore_robust_3.5,minmax,euclidean,48.95656353327607,0.0031612619758205128,48.95403581962662,48.96051713667649,0.30116986190520234,0.00022069489628613058,0.3008938518500134,0.3013463273503232,0.8627384659517204,0.007258823823376272,0.8536602842727952,0.8685425493202144,0.8485417208546318,0.00548663099012248,0.8416799159471821,0.8529287764511979,0.952865168539326,0.0027401681793836467,0.949438202247191,0.9550561797752809,0.952865168539326,0.0027401681793836467,0.949438202247191,0.9550561797752809,0.9527124127106182,0.002781038932858751,0.9492343317841528,0.9549361037947518,0.0,0.0,0,0,0.0,0.0,0.0,0.0
wine,zscore_robust_3.5,minmax,manhattan,50.233636058482034,1.4210854715202004e-14,50.23363605848202,50.23363605848202,0.3255916557391422,0.0,0.3255916557391422,0.3255916557391422,0.8974949815093208,1.1102230246251565e-16,0.8974949815093207,0.8974949815093207,0.8758935341223071,2.220446049250313e-16,0.8758935341223069,0.8758935341223069,0.9662921348314607,0.0,0.9662921348314607,0.9662921348314607,0.9662921348314607,0.0,0.9662921348314607,0.9662921348314607,0.9669286447361316,2.220446049250313e-16,0.9669286447361314,0.9669286447361314,0.0,0.0,0,0,0.0,0.0,0.0,0.0
wine,zscore_robust_3.5,minmax,cosine,50.67666403458306,0.011063996572043272,50.66992865958982,50.71853072702178,0.4572198869224466,0.0005284131430662941,0.45556860386095915,0.4577313491047108,0.7170178266917029,0.007996351911157095,0.6983594738216348,0.7262962442495577,0.7108865442969617,0.007031768948463761,0.6920381934834651,0.7185679012641965,0.9006741573033711,0.003264233493558199,0.8932584269662921,0.9044943820224719,0.9006741573033711,0.003264233493558199,0.8932584269662921,0.9044943820224719,0.9031066520661194,0.0033707282500080745,0.8959926065658809,0.9071311749506004,0.0,0.0,0,0,0.0,0.0,0.0,0.0
wine,zscore_robust_3.5,minmax,minkowski,49.29032414874859,0.07476571840664774,49.193335688285885,49.45356958769915,0.2818409067622336,0.0005821208187339078,0.28123016926603656,0.2839957881252977,0.7872103383877956,0.016514797539002795,0.7724235562270082,0.8332601032778996,0.7722919776590861,0.01666726240160387,0.7586073862601578,0.8199919275217613,0.9264606741573036,0.005679161215541144,0.9213483146067416,0.9438202247191011,0.9264606741573036,0.005679161215541144,0.9213483146067416,0.9438202247191011,0.927362220703944,0.005485491920483904,0.9224786527178193,0.9446956890811032,0.0,0.0,0,0,0.0,0.0,0.0,0.0
wine,zscore_robust_3.5,minmax,chebyshev,52.206533566769984,7.105427357601002e-15,52.20653356676999,52.20653356676999,0.24717907791548183,2.7755575615628914e-17,0.2471790779154818,0.2471790779154818,0.6660205381641938,3.3306690738754696e-16,0.6660205381641942,0.6660205381641942,0.6978702005609473,3.8024125602706314e-16,0.6978702005609476,0.6978702005609477,0.8764044943820228,3.3306690738754696e-16,0.8764044943820225,0.8764044943820225,0.8764044943820228,3.3306690738754696e-16,0.8764044943820225,0.8764044943820225,0.875511489962837,2.220446049250313e-16,0.8755114899628372,0.8755114899628372,0.0,0.0,0,0,0.0,0.0,0.0,0.0
wine,zscore_robust_3.5,minmax,correlation,50.725626981249896,2.1316282072803006e-14,50.72562698124992,50.72562698124992,0.47885614423346595,5.551115123125783e-17,0.4788561442334659,0.4788561442334659,0.6843018505555112,1.1102230246251565e-16,0.6843018505555113,0.6843018505555113,0.6781231635737264,2.9790409838967276e-16,0.678123163573726,0.6781231635737262,0.8876404494382024,2.220446049250313e-16,0.8876404494382022,0.8876404494382022,0.8876404494382024,2.220446049250313e-16,0.8876404494382022,0.8876404494382022,0.8908338747315782,4.440892098500626e-16,0.8908338747315777,0.8908338747315777,0.0,0.0,0,0,0.0,0.0,0.0,0.0
wine,zscore_robust_3.5,minmax,hamming,127.4537164236803,4.242351750797596,118.3186019023946,139.64608028460788,0.0044967918973928414,0.0011518223261867881,0.0021632596494135336,0.0070293206240621756,0.024738251197014192,0.022131442453112108,-0.007892299348279945,0.12030058359576083,0.05093539027320971,0.025904464329103594,0.0033019349847318745,0.14208486838960246,0.4365730337078651,0.024913624298208075,0.398876404494382,0.5,0.4261235955056179,0.030111258993807403,0.3651685393258427,0.5,0.33733584312800735,0.061974384393912806,0.19009370816599733,0.4640933140933141,0.0,0.0,0,0,0.0,0.0,0.0,0.0
wine,zscore_robust_3.5,standard,euclidean,1277.928488844642,0.0,1277.928488844642,1277.928488844642,0.28485891918989864,5.551115123125783e-17,0.2848589191898987,0.2848589191898987,0.8974949815093208,1.1102230246251565e-16,0.8974949815093207,0.8974949815093207,0.8758935341223071,2.220446049250313e-16,0.8758935341223069,0.8758935341223069,0.9662921348314607,0.0,0.9662921348314607,0.9662921348314607,0.9662921348314607,0.0,0.9662921348314607,0.9662921348314607,0.9669286447361316,2.220446049250313e-16,0.9669286447361314,0.9669286447361314,0.0,0.0,0,0,0.0,0.0,0.0,0.0
wine,zscore_robust_3.5,standard,manhattan,1319.0802350061242,2.2737367544323206e-13,1319.0802350061244,1319.0802350061244,0.3151143264772758,5.551115123125783e-17,0.31511432647727583,0.31511432647727583,0.8803997758776982,2.220446049250313e-16,0.8803997758776985,0.8803997758776985,0.860945671454212,2.560743305106871e-16,0.8609456714542116,0.8609456714542119,0.9606741573033711,3.3306690738754696e-16,0.9606741573033708,0.9606741573033708,0.9606741573033711,3.3306690738754696e-16,0.9606741573033708,0.9606741573033708,0.961686077533072,1.1102230246251565e-16,0.9616860775330721,0.9616860775330721,0.0,0.0,0,0,0.0,0.0,0.0,0.0
wine,zscore_robust_3.5,standard,cosine,1282.8336947017106,1.0078212852542094,1280.2024812647958,1284.6740739385716,0.47254845197207906,0.0004993308269276275,0.47154110424674056,0.4732081875839766,0.8321687062035876,0.014731416687534613,0.7855540944809761,0.8665957604928709,0.819493530085715,0.011713114544998769,0.7847399606002874,0.8484289241052021,0.9432022471910113,0.00508077662615254,0.9269662921348315,0.9550561797752809,0.9432022471910113,0.00508077662615254,0.9269662921348315,0.9550561797752809,0.9439348451467479,0.004817741223814878,0.9287425974048125,0.9553333895126284,0.0,0.0,0,0,0.0,0.0,0.0,0.0
wine,zscore_robust_3.5,standard,minkowski,1287.3974907692368,1.116379417934955,1283.5564261311197,1289.5174364585087,0.2659089379409766,0.0009268553754708308,0.26280489501534,0.2662203895887588,0.8479750789902737,0.005501759910225821,0.8301065705611242,0.8497777046575704,0.8317313248060916,0.005592026143589341,0.8128287457955818,0.8335668799331365,0.948932584269663,0.0016077626990173277,0.9438202247191011,0.949438202247191,0.948932584269663,0.0016077626990173277,0.9438202247191011,0.949438202247191,0.9497248394589165,0.001050151313441202,0.9446956890811032,0.9512833250538169,0.0,0.0,0,0,0.0,0.0,0.0,0.0
wine,zscore_robust_3.5,standard,chebyshev,1385.8773641393586,2.151274643749912,1381.2216808199823,1393.5483374914027,0.21067229958955708,0.0014216207469096218,0.20842293308426416,0.21851446984091302,0.5837407030575398,0.010687423399906838,0.5658273841538123,0.6327106325953553,0.6177930057284405,0.005561891237833654,0.5940420564930132,0.6350684835791608,0.8397191011235955,0.005415159184764426,0.8314606741573034,0.8651685393258427,0.8397191011235955,0.005415159184764426,0.8314606741573034,0.8651685393258427,0.8377881544142433,0.005790559049369104,0.8298109010011122,0.865271533106776,0.0,0.0,0,0,0.0,0.0,0.0,0.0
wine,zscore_robust_3.5,standard,correlation,1325.0560762105306,0.5014892683100302,1324.9410266820132,1327.2420172523643,0.45928692479073974,0.00018696184088290248,0.458471977020033,0.45932981677867185,0.7111399783179574,0.0029320488182598904,0.6983594738216348,0.7118126364493429,0.7023084957889216,0.0023561689404787566,0.6920381934834651,0.7028490380155242,0.8985955056179779,0.0012244098156013155,0.8932584269662921,0.898876404494382,0.8985955056179779,0.0012244098156013155,0.8932584269662921,0.898876404494382,0.901680864211425,0.001304975802197431,0.8959926065658809,0.9019802461927698,0.0,0.0,0,0,0.0,0.0,0.0,0.0
wine,zscore_robust_3.5,standard,hamming,3092.78632142308,95.05198822239602,2843.9722314613887,3263.4699919604664,0.004506534356981857,0.0012395466308218852,0.0022532314242366108,0.008132372522924421,0.023748511218638173,0.02123507637310838,-0.007892299348279945,0.12030058359576083,0.051149606608004355,0.025261916877829763,0.007639094270828124,0.14208486838960246,0.437752808988764,0.02351081644881001,0.398876404494382,0.5,0.4262359550561797,0.02948935216608457,0.3651685393258427,0.5,0.3406307607130963,0.05977260687041505,0.19009370816599733,0.4640933140933141,0.0,0.0,0,0,0.0,0.0,0.0,0.0
wine,zscore_robust_3.5,robust,euclidean,676.3523917613104,0.004852242726745235,676.3505999519346,676.3655316967303,0.2638320036064087,0.000390414629775426,0.2636878334497711,0.2648892514217511,0.8803023207544984,0.005448983919886676,0.8782901500894346,0.8950582389649661,0.8589598051897582,0.008532285816676094,0.8558090498418485,0.8820653444077604,0.961348314606742,0.0018256266077833663,0.9606741573033708,0.9662921348314607,0.961348314606742,0.0018256266077833663,0.9606741573033708,0.9662921348314607,0.963758787682571,0.0016797440335949133,0.9631385010898944,0.9683075560288653,0.0,0.0,0,0,0.0,0.0,0.0,0.0
wine,zscore_robust_3.5,robust,manhattan,703.2931079545822,0.0,703.2931079545822,703.2931079545822,0.30430356002732856,0.0,0.30430356002732856,0.30430356002732856,0.8803997758776982,2.220446049250313e-16,0.8803997758776985,0.8803997758776985,0.860945671454212,2.5219419200973695e-16,0.8609456714542116,0.8609456714542119,0.9606741573033711,3.3306690738754696e-16,0.9606741573033708,0.9606741573033708,0.9606741573033711,3.3306690738754696e-16,0.9606741573033708,0.9606741573033708,0.961686077533072,1.1102230246251565e-16,0.9616860775330721,0.9616860775330721,0.0,0.0,0,0,0.0,0.0,0.0,0.0
wine,zscore_robust_3.5,robust,cosine,685.1329304548162,1.1368683772161603e-13,685.1329304548163,685.1329304548163,0.4422831480038517,1.1102230246251565e-16,0.4422831480038518,0.4422831480038518,0.7340466763671979,1.1102230246251565e-16,0.7340466763671978,0.7340466763671978,0.7463473752282144,0.0,0.7463473752282144,0.7463473752282144,0.9044943820224721,2.220446049250313e-16,0.9044943820224719,0.9044943820224719,0.9044943820224721,2.220446049250313e-16,0.9044943820224719,0.9044943820224719,0.904269721636016,4.440892098500626e-16,0.9042697216360165,0.9042697216360165,0.0,0.0,0,0,0.0,0.0,0.0,0.0
wine,zscore_robust_3.5,robust,minkowski,686.3942576656098,2.2737367544323206e-13,686.3942576656095,686.3942576656095,0.23659429268271506,0.0,0.23659429268271506,0.23659429268271506,0.7127678309871253,3.3306690738754696e-16,0.7127678309871256,0.7127678309871256,0.7346300311710597,3.3306690738754696e-16,0.7346300311710594,0.7346300311710594,0.8988764044943826,5.551115123125783e-16,0.898876404494382,0.898876404494382,0.8988764044943826,5.551115123125783e-16,0.898876404494382,0.898876404494382,0.9012358293193207,2.220446049250313e-16,0.9012358293193209,0.9012358293193209,0.0,0.0,0,0,0.0,0.0,0.0,0.0
wine,zscore_robust_3.5,robust,chebyshev,738.4703553589858,3.6876895271202055,735.9985705918994,743.9720698405667,0.19713584298559245,0.0015582950609620836,0.19481100125463321,0.19818033709660315,0.5254121633947801,0.0054151834788083155,0.5173331770412187,0.5290418529159453,0.5363557316565765,0.003663714953684284,0.5308897851692622,0.53881144674508,0.8184831460674153,0.002598276647156675,0.8146067415730337,0.8202247191011236,0.8184831460674153,0.002598276647156675,0.8146067415730337,0.8202247191011236,0.8181037155507365,0.0026304764641208456,0.8141792717086834,0.8198668714797748,0.0,0.0,0,0,0.0,0.0,0.0,0.0
wine,zscore_robust_3.5,robust,correlation,706.5541326801591,0.7308402089516042,703.5447641734053,708.3016582755508,0.421724867359693,0.00028403058820734736,0.4215463281006104,0.422786841449627,0.6603392559762912,0.007201305271474232,0.6569876343402694,0.6855061800335686,0.6513400728630482,0.009406520828751302,0.6472150434059158,0.6880192480864501,0.8777528089887645,0.0028778086460372275,0.8764044943820225,0.8876404494382022,0.8777528089887645,0.0028778086460372275,0.8764044943820225,0.8876404494382022,0.8799049855105393,0.002701990745159583,0.8786760525902003,0.8897028897028898,0.0,0.0,0,0,0.0,0.0,0.0,0.0
wine,zscore_robust_3.5,robust,hamming,1533.5323990601612,44.22392897229622,1410.6016722258164,1618.0684779851545,0.004676464598951589,0.0011685950442979888,0.0022532314242366108,0.0070293206240621756,0.01823092086945659,0.01885512079820391,-0.007892299348279945,0.09984510331974417,0.04344826148155156,0.022960811192321726,0.0006220532891643797,0.10747853313592765,0.43432584269662916,0.023777986188774195,0.398876404494382,0.5,0.41988764044943816,0.029723508094906904,0.3651685393258427,0.5,0.32823525504661594,0.06024726896620298,0.19009370816599733,0.4640933140933141,0.0,0.0,0,0,0.0,0.0,0.0,0.0
