dataset,outlier_method,norm,metric,inertia_mean,inertia_std,inertia_min,inertia_max,silhouette_mean,silhouette_std,silhouette_min,silhouette_max,ari_mean,ari_std,ari_min,ari_max,nmi_mean,nmi_std,nmi_min,nmi_max,acc_mean,acc_std,acc_min,acc_max,purity_mean,purity_std,purity_min,purity_max,macro_f1_mean,macro_f1_std,macro_f1_min,macro_f1_max,removed_count_mean,removed_count_std,removed_count_min,removed_count_max,removed_pct_mean,removed_pct_std,removed_pct_min,removed_pct_max
iris,none,none,euclidean,78.85144142614604,2.842170943040401e-14,78.85144142614601,78.85144142614601,0.5528190123564102,1.1102230246251565e-16,0.5528190123564101,0.5528190123564101,0.7302382722834697,0.0,0.7302382722834697,0.7302382722834697,0.7581756800057784,0.0,0.7581756800057784,0.7581756800057784,0.8933333333333331,2.220446049250313e-16,0.8933333333333333,0.8933333333333333,0.8933333333333331,2.220446049250313e-16,0.8933333333333333,0.8933333333333333,0.8917748917748917,2.220446049250313e-16,0.8917748917748919,0.8917748917748919,0.0,0.0,0,0,0.0,0.0,0.0,0.0
iris,none,none,manhattan,81.44,0.0,81.44,81.44,0.5629417175431172,0.0,0.5629417175431172,0.5629417175431172,0.7172759168337548,1.1102230246251565e-16,0.7172759168337549,0.7172759168337549,0.7507393176128088,1.762424413785662e-16,0.7507393176128085,0.7507393176128088,0.8866666666666668,1.1102230246251565e-16,0.8866666666666667,0.8866666666666667,0.8866666666666668,1.1102230246251565e-16,0.8866666666666667,0.8866666666666667,0.8847184077577731,0.0,0.8847184077577731,0.8847184077577731,0.0,0.0,0,0,0.0,0.0,0.0,0.0
iris,none,none,cosine,91.98930917874394,1.4210854715202004e-14,91.98930917874395,91.98930917874395,0.7485238922885508,2.220446049250313e-16,0.748523892288551,0.748523892288551,0.9222414299226979,2.220446049250313e-16,0.9222414299226981,0.9222414299226981,0.9143625311854002,3.3306690738754696e-16,0.9143625311853999,0.9143625311853999,0.9733333333333332,2.220446049250313e-16,0.9733333333333334,0.9733333333333334,0.9733333333333332,2.220446049250313e-16,0.9733333333333334,0.9733333333333334,0.9732905982905983,1.1102230246251565e-16,0.9732905982905984,0.9732905982905984,0.0,0.0,0,0,0.0,0.0,0.0,0.0
iris,none,none,minkowski,78.85566582597733,2.842170943040401e-14,78.8556658259773,78.8556658259773,0.5493885701588411,1.1102230246251565e-16,0.549388570158841,0.549388570158841,0.7163421126838475,1.1102230246251565e-16,0.7163421126838476,0.7163421126838476,0.7419116631817834,2.220446049250313e-16,0.7419116631817836,0.7419116631817836,0.8866666666666668,1.1102230246251565e-16,0.8866666666666667,0.8866666666666667,0.8866666666666668,1.1102230246251565e-16,0.8866666666666667,0.8866666666666667,0.8852785369639302,0.0,0.8852785369639302,0.8852785369639302,0.0,0.0,0,0,0.0,0.0,0.0,0.0
iris,none,none,chebyshev,79.40750268706074,2.842170943040401e-14,79.40750268706077,79.40750268706077,0.5447351327818114,0.0,0.5447351327818114,0.5447351327818114,0.7155592175135398,2.220446049250313e-16,0.7155592175135396,0.7155592175135396,0.7352943572511148,2.730787568572e-16,0.7352943572511145,0.7352943572511146,0.8866666666666668,1.1102230246251565e-16,0.8866666666666667,0.8866666666666667,0.8866666666666668,1.1102230246251565e-16,0.8866666666666667,0.8866666666666667,0.8857411701448399,0.0,0.8857411701448399,0.8857411701448399,0.0,0.0,0,0,0.0,0.0,0.0,0.0
iris,none,none,correlation,94.36139999999999,1.4210854715202004e-14,94.3614,94.3614,0.8055770269167283,4.440892098500626e-16,0.8055770269167287,0.8055770269167287,0.8856653061224489,1.1102230246251565e-16,0.885665306122449,0.885665306122449,0.8622701718997609,3.3306690738754696e-16,0.8622701718997605,0.8622701718997605,0.96,0.0,0.96,0.96,0.96,0.0,0.96,0.96,0.96,0.0,0.96,0.96,0.0,0.0,0,0,0.0,0.0,0.0,0.0
iris,none,none,hamming,374.9592999999999,48.8474063642073,271.31,552.97,0.06389305414680488,0.011567522770252976,0.029177908002960322,0.08433988651015056,0.26174770970465067,0.04210929100085972,0.14719208468905645,0.33861606932382865,0.34398091576152856,0.052342935865458476,0.2080530223443488,0.46077466849210974,0.5710666666666667,0.04978370996398097,0.4533333333333333,0.6666666666666666,0.6049333333333333,0.02425091063582286,0.5466666666666666,0.6666666666666666,0.5439590895517198,0.05293283178383662,0.44906910132474037,0.6649806146094587,0.0,0.0,0,0,0.0,0.0,0.0,0.0
iris,none,minmax,euclidean,6.9822164737852335,8.881784197001252e-16,6.982216473785234,6.982216473785234,0.5047687565398588,0.0,0.5047687565398588,0.5047687565398588,0.7163421126838475,1.1102230246251565e-16,0.7163421126838476,0.7163421126838476,0.7419116631817834,2.220446049250313e-16,0.7419116631817836,0.7419116631817836,0.8866666666666668,1.1102230246251565e-16,0.8866666666666667,0.8866666666666667,0.8866666666666668,1.1102230246251565e-16,0.8866666666666667,0.8866666666666667,0.8852785369639302,0.0,0.8852785369639302,0.8852785369639302,0.0,0.0,0,0,0.0,0.0,0.0,0.0
iris,none,minmax,manhattan,7.192498031642673,0.0,7.192498031642673,7.192498031642673,0.5319975951850625,1.1102230246251565e-16,0.5319975951850624,0.5319975951850624,0.7436826319432356,2.220446049250313e-16,0.7436826319432358,0.7436826319432358,0.7660355440487249,3.3306690738754696e-16,0.7660355440487252,0.7660355440487252,0.9000000000000005,4.440892098500626e-16,0.9,0.9,0.9000000000000005,4.440892098500626e-16,0.9,0.9,0.8987751796740561,0.0,0.8987751796740561,0.8987751796740561,0.0,0.0,0,0,0.0,0.0,0.0,0.0
iris,none,minmax,cosine,10.67571021728429,0.21537501238311116,10.469573136154779,11.176761843012976,0.6031293579856151,0.011290216031362144,0.5685386648222076,0.6133812361666798,0.5050167369832885,0.005392845788014184,0.5008747759269195,0.5274899292702139,0.5898224137959609,0.0026470077736831564,0.5866200485922519,0.6001736861189073,0.6932666666666668,0.018293775504860162,0.68,0.7533333333333333,0.6932666666666668,0.018293775504860162,0.68,0.7533333333333333,0.6866923593711968,0.02063313668312543,0.6715927750410509,0.7533086641997534,0.0,0.0,0,0,0.0,0.0,0.0,0.0
iris,none,minmax,minkowski,6.9822164737852335,8.881784197001252e-16,6.982216473785234,6.982216473785234,0.48880081371961837,1.1102230246251565e-16,0.48880081371961825,0.48880081371961825,0.7163421126838475,1.1102230246251565e-16,0.7163421126838476,0.7163421126838476,0.7419116631817834,2.220446049250313e-16,0.7419116631817836,0.7419116631817836,0.8866666666666668,1.1102230246251565e-16,0.8866666666666667,0.8866666666666667,0.8866666666666668,1.1102230246251565e-16,0.8866666666666667,0.8866666666666667,0.8852785369639302,0.0,0.8852785369639302,0.8852785369639302,0.0,0.0,0,0,0.0,0.0,0.0,0.0
iris,none,minmax,chebyshev,7.119485488580791,0.007860223682057594,7.10148327695335,7.124227844139643,0.4468161005468855,0.0017138231232267417,0.4461532178235505,0.4551068592491913,0.6862966888195021,0.004663208295963191,0.676454462051257,0.6885525109503922,0.7067574885717578,0.002770454932401916,0.7004099176605741,0.7081288291800829,0.8720666666666665,0.0026153393661243773,0.8666666666666667,0.8733333333333333,0.8720666666666665,0.0026153393661243773,0.8666666666666667,0.8733333333333333,0.8716920422901957,0.0027368244634879317,0.8653198653198654,0.873015873015873,0.0,0.0,0,0,0.0,0.0,0.0,0.0
iris,none,minmax,correlation,11.199514587227187,0.14137643799860106,10.209879521236978,11.219711221226985,0.7402523638990963,0.04019804389717104,0.4588660566188989,0.7459949415986921,0.5211910941033099,0.0053839739230451605,0.5204219549714462,0.5588789115646259,0.598096851846826,0.003071766854576216,0.5976580280104582,0.6195992198288598,0.7409333333333332,0.006533333333333328,0.74,0.7866666666666666,0.7409333333333332,0.006533333333333328,0.74,0.7866666666666666,0.7388525993883794,0.006830581039755363,0.7378768020969856,0.7866666666666667,0.0,0.0,0,0,0.0,0.0,0.0,0.0
iris,none,minmax,hamming,24.719015533176574,2.5325408499098114,19.78893629127787,33.9464596278386,0.0642176629058593,0.011277853738987343,0.029177908002960322,0.08376504232885316,0.2619194277290996,0.04118120187277801,0.14719208468905645,0.33861606932382865,0.3452925346427761,0.05146826844561782,0.2080530223443488,0.46077466849210974,0.5758000000000001,0.05123935119721083,0.4533333333333333,0.6666666666666666,0.6075333333333333,0.0249560502572912,0.5466666666666666,0.6666666666666666,0.549693167545912,0.05430736064337626,0.44906910132474037,0.6649806146094587,0.0,0.0,0,0,0.0,0.0,0.0,0.0
iris,none,standard,euclidean,139.82074327484938,0.0010762779668430332,139.82049635974982,139.82543466174207,0.45991972328217534,0.0001242980266867565,0.45937792074496625,0.45994823920518635,0.6196320643691142,0.002193034058456164,0.6100728505285608,0.6201351808870379,0.6591404581890972,0.0015100731321960625,0.6525582020084985,0.659486892724918,0.8329999999999999,0.0014529663145135675,0.8266666666666667,0.8333333333333334,0.8329999999999999,0.0014529663145135675,0.8266666666666667,0.8333333333333334,0.8328539035805833,0.0014353620197944956,0.8265973055889022,0.8331831982117239,0.0,0.0,0,0,0.0,0.0,0.0,0.0
iris,none,standard,manhattan,143.84454127436797,0.6708963185767122,143.09639304895185,145.3141226010585,0.49685808466123615,0.002929462788317146,0.49185960672360857,0.5000013790375397,0.6661653198922766,0.009647209169092551,0.6529974105499732,0.676005958011242,0.6919789663623849,0.005972157477980117,0.6838063565338025,0.6981281862909945,0.8610000000000002,0.005607534613753566,0.8533333333333334,0.8666666666666667,0.8610000000000002,0.005607534613753566,0.8533333333333334,0.8666666666666667,0.8606561601659161,0.00576930822319516,0.85280342566573,0.8666133119914633,0.0,0.0,0,0,0.0,0.0,0.0,0.0
iris,none,standard,cosine,143.33318729274214,0.08459996166585401,143.2990534676725,143.54286650388423,0.7403425818486318,0.0006835525110375348,0.7400667866664802,0.7420367522532787,0.588304192182141,0.006237419424660367,0.5857875600308373,0.6037635039687198,0.6301992149259595,0.010069715360232004,0.6261363537161065,0.655156790929341,0.8142666666666666,0.002313246876386306,0.8133333333333334,0.82,0.8142666666666666,0.002313246876386306,0.8133333333333334,0.82,0.8126808074673244,0.002063570587719465,0.8118482118482119,0.8177953234133009,0.0,0.0,0,0,0.0,0.0,0.0,0.0
iris,none,standard,minkowski,141.02742883856118,0.10099685687057236,140.98667930419825,141.27774740679047,0.44264210346057853,0.0008387143788091709,0.44056336765669213,0.44298050231237396,0.5946179497528977,0.011634617387960055,0.5899236923696451,0.6234541022500214,0.6260053911436024,0.008876086596958531,0.6224241272607622,0.6480045835667618,0.8227999999999998,0.006939740629158993,0.82,0.84,0.8227999999999998,0.006939740629158993,0.82,0.84,0.8235199536683301,0.006599035532930086,0.8208574190752408,0.8398755233115941,0.0,0.0,0,0,0.0,0.0,0.0,0.0
iris,none,standard,chebyshev,142.17668182244617,0.0,142.17668182244617,142.17668182244617,0.4200317362247558,0.0,0.4200317362247558,0.4200317362247558,0.562314538042555,2.220446049250313e-16,0.5623145380425548,0.5623145380425548,0.605089118670696,1.1102230246251565e-16,0.6050891186706961,0.6050891186706961,0.7999999999999998,2.220446049250313e-16,0.8,0.8,0.7999999999999998,2.220446049250313e-16,0.8,0.8,0.800822793090834,3.3306690738754696e-16,0.8008227930908344,0.8008227930908344,0.0,0.0,0,0,0.0,0.0,0.0,0.0
iris,none,standard,correlation,213.56045467102737,8.526512829121202e-14,213.5604546710273,213.5604546710273,0.703150203579851,1.1102230246251565e-16,0.7031502035798511,0.7031502035798511,0.4607208091493033,2.220446049250313e-16,0.4607208091493035,0.4607208091493035,0.5118052176366665,1.1102230246251565e-16,0.5118052176366666,0.5118052176366666,0.6866666666666668,1.1102230246251565e-16,0.6866666666666666,0.6866666666666666,0.6866666666666668,1.1102230246251565e-16,0.6866666666666666,0.6866666666666666,0.6821139606315373,1.1102230246251565e-16,0.6821139606315372,0.6821139606315372,0.0,0.0,0,0,0.0,0.0,0.0,0.0
iris,none,standard,hamming,384.83553320761223,35.50604643191358,319.54666428205263,519.1906856789864,0.06463722335774691,0.01094474983722796,0.029177908002960322,0.08376504232885316,0.26326428629094845,0.039936552558652146,0.14719208468905645,0.33861606932382865,0.3465452656266623,0.050446693709247675,0.2080530223443488,0.46077466849210974,0.5781333333333334,0.04982707876022613,0.4533333333333333,0.6666666666666666,0.6088666666666667,0.024130294467973466,0.5466666666666666,0.6666666666666666,0.551101364246668,0.054690240978573404,0.44906910132474037,0.6649806146094587,0.0,0.0,0,0,0.0,0.0,0.0,0.0
iris,none,robust,euclidean,73.18403620977304,2.842170943040401e-14,73.18403620977307,73.18403620977307,0.4436401311295237,5.551115123125783e-17,0.44364013112952366,0.44364013112952366,0.5802520019642171,1.1102230246251565e-16,0.580252001964217,0.580252001964217,0.6162206156967887,1.336885555457667e-16,0.6162206156967884,0.6162206156967887,0.8133333333333331,2.220446049250313e-16,0.8133333333333334,0.8133333333333334,0.8133333333333331,2.220446049250313e-16,0.8133333333333334,0.8133333333333334,0.8142206377500497,2.220446049250313e-16,0.8142206377500495,0.8142206377500495,0.0,0.0,0,0,0.0,0.0,0.0,0.0
iris,none,robust,manhattan,77.70088368286169,0.0,77.70088368286169,77.70088368286169,0.48019011964107156,1.1102230246251565e-16,0.48019011964107144,0.48019011964107144,0.6412050161871702,0.0,0.6412050161871702,0.6412050161871702,0.6735735454651062,3.3306690738754696e-16,0.6735735454651065,0.6735735454651065,0.8466666666666666,1.1102230246251565e-16,0.8466666666666667,0.8466666666666667,0.8466666666666666,1.1102230246251565e-16,0.8466666666666667,0.8466666666666667,0.8465285423547861,1.1102230246251565e-16,0.846528542354786,0.846528542354786,0.0,0.0,0,0,0.0,0.0,0.0,0.0
iris,none,robust,cosine,77.66215476611922,2.842170943040401e-14,77.66215476611924,77.66215476611924,0.7216238496917863,2.220446049250313e-16,0.7216238496917865,0.7216238496917865,0.5022731346445273,1.1102230246251565e-16,0.5022731346445274,0.5022731346445274,0.5291248611347416,8.45520665245115e-17,0.5291248611347416,0.5291248611347417,0.7600000000000001,1.1102230246251565e-16,0.76,0.76,0.7600000000000001,1.1102230246251565e-16,0.76,0.76,0.7567044275429757,0.0,0.7567044275429757,0.7567044275429757,0.0,0.0,0,0,0.0,0.0,0.0,0.0
iris,none,robust,minkowski,73.27652857780231,0.0,73.27652857780231,73.27652857780231,0.4231046059470308,1.1102230246251565e-16,0.4231046059470309,0.4231046059470309,0.5627609512809313,2.220446049250313e-16,0.5627609512809315,0.5627609512809315,0.6049149817392229,0.0,0.6049149817392229,0.6049149817392229,0.7999999999999998,2.220446049250313e-16,0.8,0.8,0.7999999999999998,2.220446049250313e-16,0.8,0.8,0.8009234256759009,1.1102230246251565e-16,0.8009234256759008,0.8009234256759008,0.0,0.0,0,0,0.0,0.0,0.0,0.0
iris,none,robust,chebyshev,76.82584335829296,0.6893069279926438,76.72737094000829,81.65099185424145,0.3951014503346288,0.0017583492024791172,0.3827930059172749,0.39535264307784,0.49589388894426917,0.008435475761996549,0.4368455586102932,0.49709895691026856,0.5587329391574962,0.00892072737724531,0.4962878475167791,0.5600073287828171,0.7335999999999998,0.001866666666666678,0.7333333333333333,0.7466666666666667,0.7335999999999998,0.001866666666666678,0.7333333333333333,0.7466666666666667,0.7294336918558588,0.0032940245314724247,0.7289631169227916,0.752491863576166,0.0,0.0,0,0,0.0,0.0,0.0,0.0
iris,none,robust,correlation,112.48631044241752,0.3433568791618916,111.24968344874709,112.62801974966246,0.7058167859817891,0.01184283627339469,0.6945476196930175,0.7190006339810832,0.3885137977425089,0.03460005488560602,0.3552752531268211,0.4248468133777729,0.39714844328725535,0.035441432902073224,0.36310023943047515,0.4343061918437805,0.6402666666666665,0.006661331198291613,0.6333333333333333,0.6466666666666666,0.6434666666666666,0.0033306655991457786,0.64,0.6466666666666666,0.5791187730558712,0.05379571965191039,0.5231264127977743,0.63080402867873,0.0,0.0,0,0,0.0,0.0,0.0,0.0
iris,none,robust,hamming,172.0736591984328,14.38152707364422,143.67313019093234,228.85727381287813,0.06473456512321686,0.010710305914293174,0.034209626922677934,0.08376504232885316,0.2628174118681067,0.04047839999781237,0.14719208468905645,0.33861606932382865,0.3462619099982268,0.05135133807441903,0.2080530223443488,0.46077466849210974,0.5786000000000001,0.05321065056295904,0.4533333333333333,0.68,0.6104,0.026555099949601643,0.5466666666666666,0.68,0.5521218293697199,0.057761515672693275,0.44906910132474037,0.666092853416797,0.0,0.0,0,0,0.0,0.0,0.0,0.0
iris,zscore,none,euclidean,77.37023734451336,0.0,77.37023734451336,77.37023734451336,0.5532436549402958,1.1102230246251565e-16,0.5532436549402957,0.5532436549402957,0.7266293901799757,2.220446049250313e-16,0.7266293901799755,0.7266293901799755,0.7565280566037268,7.611305586242616e-17,0.7565280566037268,0.7565280566037269,0.8926174496644295,1.1102230246251565e-16,0.8926174496644296,0.8926174496644296,0.8926174496644295,1.1102230246251565e-16,0.8926174496644296,0.8926174496644296,0.8917748917748917,2.220446049250313e-16,0.8917748917748919,0.8917748917748919,1.0,0.0,1,1,0.6666666666666669,2.220446049250313e-16,0.6666666666666666,0.6666666666666666
iris,zscore,none,manhattan,79.90999999999997,2.842170943040401e-14,79.91,79.91,0.5631872375856861,1.1102230246251565e-16,0.563187237585686,0.563187237585686,0.7135001955523095,2.220446049250313e-16,0.7135001955523093,0.7135001955523093,0.7490383499465897,1.7235296186091125e-16,0.7490383499465898,0.7490383499465899,0.8859060402684562,2.220446049250313e-16,0.8859060402684564,0.8859060402684564,0.8859060402684562,2.220446049250313e-16,0.8859060402684564,0.8859060402684564,0.8847184077577731,0.0,0.8847184077577731,0.8847184077577731,1.0,0.0,1,1,0.6666666666666669,2.220446049250313e-16,0.6666666666666666,0.6666666666666666
iris,zscore,none,cosine,90.50810509711131,0.0,90.50810509711131,90.50810509711131,0.7472169842574253,2.220446049250313e-16,0.7472169842574256,0.7472169842574256,0.9211918194640338,0.0,0.9211918194640338,0.9211918194640338,0.9137836738196354,1.1102230246251565e-16,0.9137836738196353,0.9137836738196355,0.9731543624161073,1.1102230246251565e-16,0.9731543624161074,0.9731543624161074,0.9731543624161073,1.1102230246251565e-16,0.9731543624161074,0.9731543624161074,0.9732905982905983,1.1102230246251565e-16,0.9732905982905984,0.9732905982905984,1.0,0.0,1,1,0.6666666666666669,2.220446049250313e-16,0.6666666666666666,0.6666666666666666
iris,zscore,none,minkowski,77.37446174434466,1.4210854715202004e-14,77.37446174434464,77.37446174434464,0.5498348384901599,0.0,0.5498348384901599,0.5498348384901599,0.7125412410390898,2.220446049250313e-16,0.7125412410390896,0.7125412410390896,0.7401557628464959,1.7970529571352417e-16,0.7401557628464956,0.7401557628464958,0.8859060402684562,2.220446049250313e-16,0.8859060402684564,0.8859060402684564,0.8859060402684562,2.220446049250313e-16,0.8859060402684564,0.8859060402684564,0.8852785369639302,0.0,0.8852785369639302,0.8852785369639302,1.0,0.0,1,1,0.6666666666666669,2.220446049250313e-16,0.6666666666666666,0.6666666666666666
iris,zscore,none,chebyshev,77.9262986054281,1.4210854715202004e-14,77.92629860542812,77.92629860542812,0.545028312392092,1.1102230246251565e-16,0.5450283123920922,0.5450283123920922,0.7117371947716468,1.1102230246251565e-16,0.7117371947716469,0.7117371947716469,0.7334979201476046,2.819616784322031e-16,0.7334979201476048,0.733497920147605,0.8859060402684562,2.220446049250313e-16,0.8859060402684564,0.8859060402684564,0.8859060402684562,2.220446049250313e-16,0.8859060402684564,0.8859060402684564,0.8857411701448399,0.0,0.8857411701448399,0.8857411701448399,1.0,0.0,1,1,0.6666666666666669,2.220446049250313e-16,0.6666666666666666,0.6666666666666666
iris,zscore,none,correlation,92.88019591836735,0.0,92.88019591836735,92.88019591836735,0.8046250655299361,0.0,0.8046250655299361,0.8046250655299361,0.8841202426916709,3.3306690738754696e-16,0.8841202426916712,0.8841202426916712,0.861340112745918,2.220446049250313e-16,0.8613401127459178,0.8613401127459178,0.9597315436241608,2.220446049250313e-16,0.959731543624161,0.959731543624161,0.9597315436241608,2.220446049250313e-16,0.959731543624161,0.959731543624161,0.96,0.0,0.96,0.96,1.0,0.0,1,1,0.6666666666666669,2.220446049250313e-16,0.6666666666666666,0.6666666666666666
iris,zscore,none,hamming,359.95849999999996,38.131359072946765,279.65999999999997,476.62,0.06645631809281634,0.010944390213127552,0.03786580703274128,0.09149544857698405,0.2704420210917205,0.030632182929348394,0.20844965200257767,0.3459020339959122,0.3532436074052444,0.04054534885448032,0.26144279036563106,0.45919891547220865,0.5866442953020135,0.0461781546077216,0.48322147651006714,0.6845637583892618,0.6118120805369128,0.020679855218867914,0.5637583892617449,0.6845637583892618,0.5564089420047121,0.052807943435838646,0.47092078298353474,0.683263390153154,1.0,0.0,1,1,0.6666666666666669,2.220446049250313e-16,0.6666666666666666,0.6666666666666666
iris,zscore,minmax,euclidean,7.241860955275696,1.7763568394002505e-15,7.241860955275694,7.241860955275694,0.49968805105474323,1.6653345369377348e-16,0.4996880510547434,0.4996880510547434,0.7125412410390898,2.220446049250313e-16,0.7125412410390896,0.7125412410390896,0.7401557628464959,1.807312143953211e-16,0.7401557628464956,0.7401557628464958,0.8859060402684562,2.220446049250313e-16,0.8859060402684564,0.8859060402684564,0.8859060402684562,2.220446049250313e-16,0.8859060402684564,0.8859060402684564,0.8852785369639302,0.0,0.8852785369639302,0.8852785369639302,1.0,0.0,1,1,0.6666666666666669,2.220446049250313e-16,0.6666666666666666,0.6666666666666666
iris,zscore,minmax,manhattan,7.5309464860161315,0.01493164828633114,7.518754846242727,7.549233945676239,0.5283726858337272,0.00024177249143986123,0.5280765762147926,0.5285700922463502,0.7105200506727241,0.013153220628674758,0.6997804910012231,0.7266293901799755,0.7423013579427004,0.011616050814617062,0.732816892168683,0.7565280566037269,0.8845637583892616,0.006575811390022,0.8791946308724832,0.8926174496644296,0.8845637583892616,0.006575811390022,0.8791946308724832,0.8926174496644296,0.8836580086580088,0.006627407312725089,0.8782467532467533,0.8917748917748919,1.0,0.0,1,1,0.6666666666666669,2.220446049250313e-16,0.6666666666666666,0.6666666666666666
iris,zscore,minmax,cosine,11.085214330113443,0.08714746268769034,11.02941170958506,11.45503536214451,0.6227057536013562,0.016007523610247345,0.5678903298863133,0.6373127694825347,0.5002606355922603,0.002712474954321182,0.49745781998013133,0.5115184956019287,0.5892707166321484,0.0023519909960211275,0.5858021495799409,0.5930202840040185,0.6940268456375839,0.011550450611487356,0.6845637583892618,0.738255033557047,0.6940268456375839,0.011550450611487356,0.6845637583892618,0.738255033557047,0.6876631858259628,0.014491901383443799,0.6749317010754919,0.7397657892102892,1.0,0.0,1,1,0.6666666666666669,2.220446049250313e-16,0.6666666666666666,0.6666666666666666
iris,zscore,minmax,minkowski,7.252713037171666,0.0,7.252713037171666,7.252713037171666,0.4800058739745821,0.0,0.4800058739745821,0.4800058739745821,0.6988580035601807,1.1102230246251565e-16,0.6988580035601808,0.6988580035601808,0.7258852686886095,6.080941944488117e-17,0.7258852686886094,0.7258852686886095,0.8791946308724835,3.3306690738754696e-16,0.8791946308724832,0.8791946308724832,0.8791946308724835,3.3306690738754696e-16,0.8791946308724832,0.8791946308724832,0.8787878787878788,1.1102230246251565e-16,0.8787878787878789,0.8787878787878789,1.0,0.0,1,1,0.6666666666666669,2.220446049250313e-16,0.6666666666666666,0.6666666666666666
iris,zscore,minmax,chebyshev,7.352344305642691,2.6645352591003757e-15,7.352344305642694,7.352344305642694,0.4502051831538796,0.0,0.4502051831538796,0.4502051831538796,0.6735588114473502,2.220446049250313e-16,0.6735588114473504,0.6735588114473504,0.7061456899714055,1.25607396694702e-16,0.7061456899714053,0.7061456899714055,0.8657718120805369,0.0,0.8657718120805369,0.8657718120805369,0.8657718120805369,0.0,0.8657718120805369,0.8657718120805369,0.865319865319865,3.3306690738754696e-16,0.8653198653198654,0.8653198653198654,1.0,0.0,1,1,0.6666666666666669,2.220446049250313e-16,0.6666666666666666,0.6666666666666666
iris,zscore,minmax,correlation,11.56025827762926,0.028847334590043853,11.2734332097072,11.564024653745888,0.7175950830541851,0.02629849803236877,0.45593109620229133,0.7209659200119358,0.49602868645521797,0.005378225572884173,0.49388754404442214,0.5477082272645962,0.5822549270548969,0.0015987861058933427,0.5810982745180763,0.5955673049681633,0.7092617449664431,0.008322147651006709,0.7046979865771812,0.785234899328859,0.7092617449664431,0.008322147651006709,0.7046979865771812,0.785234899328859,0.7109786467669172,0.008085631888035594,0.7061965811965812,0.7847451209153338,1.0,0.0,1,1,0.6666666666666669,2.220446049250313e-16,0.6666666666666666,0.6666666666666666
iris,zscore,minmax,hamming,24.388098100536283,1.919627487018098,20.72750555099921,31.413403230682416,0.06705898082838409,0.01088741355361093,0.041358377152278664,0.09149544857698405,0.27030298893218296,0.0299520341611664,0.20844965200257767,0.3459020339959122,0.355475629459859,0.03964437230040394,0.26144279036563106,0.45919891547220865,0.5913422818791946,0.047635832729097986,0.48322147651006714,0.6845637583892618,0.6146979865771812,0.022542644102167258,0.5637583892617449,0.6845637583892618,0.5616321802807479,0.05420205838993386,0.47092078298353474,0.683263390153154,1.0,0.0,1,1,0.6666666666666669,2.220446049250313e-16,0.6666666666666666,0.6666666666666666
iris,zscore,standard,euclidean,137.87590685264362,0.008598716183249868,137.8729976190786,137.90871119756864,0.4613222238561416,0.0006069301905142177,0.46064226715168743,0.46361836068201,0.6128296826863784,0.005284118900977284,0.595747961044771,0.6150051194844962,0.655787126034389,0.0033334128380647916,0.6454926774284997,0.6571862170651074,0.8307382550335572,0.0036241610738254985,0.8187919463087249,0.8322147651006712,0.8307382550335572,0.0036241610738254985,0.8187919463087249,0.8322147651006712,0.8317065493875658,0.003648369114230019,0.8195488721804511,0.8331831982117239,1.0,0.0,1,1,0.6666666666666669,2.220446049250313e-16,0.6666666666666666,0.6666666666666666
iris,zscore,standard,manhattan,141.6347583465562,0.5811038392532871,141.05921729485874,143.41226764848528,0.4983529424363394,0.002102993644732574,0.49269517530982704,0.5006294185705268,0.6615949568757417,0.010302217271913357,0.6483200281691691,0.671632581100141,0.6900009187242441,0.006449303391763554,0.6816664528869777,0.6960877158602244,0.8599999999999998,0.005928875926270536,0.8523489932885906,0.8657718120805369,0.8599999999999998,0.005928875926270536,0.8523489932885906,0.8657718120805369,0.8605674372208315,0.006033411279908399,0.85280342566573,0.8664529914529915,1.0,0.0,1,1,0.6666666666666669,2.220446049250313e-16,0.6666666666666666,0.6666666666666666
iris,zscore,standard,cosine,141.1281942960583,0.09254465242679188,141.10280451976308,141.46551560969385,0.7405223637925196,0.0003827923752809137,0.740417344080186,0.7419176256849515,0.5817257230263094,0.004589467413761577,0.5804665951578302,0.598454136136106,0.6256760751191802,0.007444416249900976,0.6236336873822711,0.652810655052401,0.8125503355704695,0.0017123960835131618,0.8120805369127517,0.8187919463087249,0.8125503355704695,0.0017123960835131618,0.8120805369127517,0.8187919463087249,0.8121999465004215,0.0015351007797825907,0.8117787890983768,0.8177953234133009,1.0,0.0,1,1,0.6666666666666669,2.220446049250313e-16,0.6666666666666666,0.6666666666666666
iris,zscore,standard,minkowski,139.26176576796937,2.842170943040401e-14,139.2617657679694,139.2617657679694,0.4424373952582104,0.0,0.4424373952582104,0.4424373952582104,0.6072214762145859,1.1102230246251565e-16,0.607221476214586,0.607221476214586,0.6369422363487303,8.15843973306311e-17,0.6369422363487303,0.6369422363487304,0.8322147651006712,0.0,0.8322147651006712,0.8322147651006712,0.8322147651006712,0.0,0.8322147651006712,0.8322147651006712,0.8333725775243401,1.1102230246251565e-16,0.83337257752434,0.83337257752434,1.0,0.0,1,1,0.6666666666666669,2.220446049250313e-16,0.6666666666666666,0.6666666666666666
iris,zscore,standard,chebyshev,140.0404832118807,5.684341886080802e-14,140.04048321188077,140.04048321188077,0.42301774944939524,5.551115123125783e-17,0.4230177494493953,0.4230177494493953,0.5566416958482687,2.220446049250313e-16,0.5566416958482685,0.5566416958482685,0.6024578596934805,1.1102230246251565e-16,0.6024578596934806,0.6024578596934806,0.7986577181208054,1.1102230246251565e-16,0.7986577181208053,0.7986577181208053,0.7986577181208054,1.1102230246251565e-16,0.7986577181208053,0.7986577181208053,0.8007533703409991,2.220446049250313e-16,0.8007533703409994,0.8007533703409994,1.0,0.0,1,1,0.6666666666666669,2.220446049250313e-16,0.6666666666666666,0.6666666666666666
iris,zscore,standard,correlation,212.81815565124373,8.526512829121202e-14,212.8181556512438,212.8181556512438,0.6967230132663396,3.3306690738754696e-16,0.6967230132663399,0.6967230132663399,0.4540539059181409,5.551115123125783e-17,0.4540539059181408,0.4540539059181408,0.5087068409328841,0.0,0.5087068409328841,0.5087068409328841,0.6845637583892615,2.220446049250313e-16,0.6845637583892618,0.6845637583892618,0.6845637583892615,2.220446049250313e-16,0.6845637583892618,0.6845637583892618,0.681913940629537,0.0,0.681913940629537,0.681913940629537,1.0,0.0,1,1,0.6666666666666669,2.220446049250313e-16,0.6666666666666666,0.6666666666666666
iris,zscore,standard,hamming,372.99646987112015,27.1458499046495,326.58111168603716,472.6364166959258,0.06746762109248623,0.010781634286246107,0.041358377152278664,0.09149544857698405,0.2700432766140738,0.030920308867742528,0.20844965200257767,0.3459020339959122,0.3550724691995146,0.04036263133770605,0.24719925696519407,0.45919891547220865,0.5942281879194631,0.046307946691254355,0.48322147651006714,0.6845637583892618,0.6156375838926175,0.02301250191435868,0.5637583892617449,0.6845637583892618,0.5644127819718908,0.05420686582417572,0.47092078298353474,0.683263390153154,1.0,0.0,1,1,0.6666666666666669,2.220446049250313e-16,0.6666666666666666,0.6666666666666666
iris,zscore,robust,euclidean,69.21338983055696,1.4210854715202004e-14,69.21338983055695,69.21338983055695,0.4482539443286713,0.0,0.4482539443286713,0.4482539443286713,0.5748162403295268,1.1102230246251565e-16,0.5748162403295267,0.5748162403295267,0.6136668312724166,2.342018036142089e-16,0.6136668312724163,0.6136668312724165,0.8120805369127515,2.220446049250313e-16,0.8120805369127517,0.8120805369127517,0.8120805369127515,2.220446049250313e-16,0.8120805369127517,0.8120805369127517,0.8141512150002143,2.220446049250313e-16,0.8141512150002145,0.8141512150002145,1.0,0.0,1,1,0.6666666666666669,2.220446049250313e-16,0.6666666666666666,0.6666666666666666
iris,zscore,robust,manhattan,73.39316507668154,0.0,73.39316507668154,73.39316507668154,0.48275133361543515,1.1102230246251565e-16,0.48275133361543526,0.48275133361543526,0.6363595021904229,1.1102230246251565e-16,0.6363595021904228,0.6363595021904228,0.6713680462269818,2.947845977841313e-16,0.6713680462269814,0.6713680462269815,0.8456375838926173,1.1102230246251565e-16,0.8456375838926175,0.8456375838926175,0.8456375838926173,1.1102230246251565e-16,0.8456375838926175,0.8456375838926175,0.8465285423547861,1.1102230246251565e-16,0.846528542354786,0.846528542354786,1.0,0.0,1,1,0.6666666666666669,2.220446049250313e-16,0.6666666666666666,0.6666666666666666
iris,zscore,robust,cosine,73.52348137414072,1.4210854715202004e-14,73.5234813741407,73.5234813741407,0.7217628456312549,4.440892098500626e-16,0.7217628456312545,0.7217628456312545,0.49630983612424046,1.1102230246251565e-16,0.49630983612424057,0.49630983612424057,0.526243125410276,2.220446049250313e-16,0.5262431254102762,0.5262431254102762,0.7583892617449665,0.0,0.7583892617449665,0.7583892617449665,0.7583892617449665,0.0,0.7583892617449665,0.7583892617449665,0.7564429896344791,0.0,0.7564429896344791,0.7564429896344791,1.0,0.0,1,1,0.6666666666666669,2.220446049250313e-16,0.6666666666666666,0.6666666666666666
iris,zscore,robust,minkowski,69.30588219858619,0.0,69.30588219858619,69.30588219858619,0.4287159848971467,1.6653345369377348e-16,0.42871598489714685,0.42871598489714685,0.5570893227924367,1.1102230246251565e-16,0.5570893227924368,0.5570893227924368,0.6022844475499466,8.005932084973443e-17,0.6022844475499466,0.6022844475499467,0.7986577181208054,1.1102230246251565e-16,0.7986577181208053,0.7986577181208053,0.7986577181208054,1.1102230246251565e-16,0.7986577181208053,0.7986577181208053,0.8008540029260655,3.3306690738754696e-16,0.8008540029260658,0.8008540029260658,1.0,0.0,1,1,0.6666666666666669,2.220446049250313e-16,0.6666666666666666,0.6666666666666666
iris,zscore,robust,chebyshev,72.86409011299024,0.0992341393107639,72.85411670673301,73.8514573324532,0.4013436872908514,0.00035217211873265835,0.3978396189524693,0.40137908192053207,0.49084861579276906,0.00036359732542243895,0.48723086808316,0.4908851586989266,0.5568359421672154,0.002284653984631838,0.5341039220387725,0.5570655585321489,0.7316107382550338,0.0006677768034272609,0.7315436241610739,0.738255033557047,0.7316107382550338,0.0006677768034272609,0.7315436241610739,0.738255033557047,0.7288832023950989,0.0006149900767712969,0.7288213935667825,0.7350022763984257,1.0,0.0,1,1,0.6666666666666669,2.220446049250313e-16,0.6666666666666666,0.6666666666666666
iris,zscore,robust,correlation,107.08968505082201,1.4210854715202004e-14,107.08968505082203,107.08968505082203,0.6925432027145262,2.220446049250313e-16,0.692543202714526,0.692543202714526,0.35060907297399224,1.1102230246251565e-16,0.35060907297399213,0.35060907297399213,0.36120434437605964,1.1102230246251565e-16,0.3612043443760595,0.3612043443760595,0.6510067114093959,0.0,0.6510067114093959,0.6510067114093959,0.6510067114093959,0.0,0.6510067114093959,0.6510067114093959,0.6375757575757577,1.1102230246251565e-16,0.6375757575757576,0.6375757575757576,1.0,0.0,1,1,0.6666666666666669,2.220446049250313e-16,0.6666666666666666,0.6666666666666666
iris,zscore,robust,hamming,162.30675125119078,11.238165949409973,139.4423346616753,202.83126621851892,0.06682349726128865,0.01024378725042936,0.041358377152278664,0.08363035582163846,0.26718129720088074,0.030546490677131447,0.20255535997833607,0.3459020339959122,0.35420694297596306,0.03893332670853741,0.24719925696519407,0.45919891547220865,0.5963087248322148,0.04621988365575057,0.48322147651006714,0.6845637583892618,0.616241610738255,0.023640552580653305,0.5637583892617449,0.6845637583892618,0.5664771984747808,0.053632386152072616,0.473093302361595,0.683263390153154,1.0,0.0,1,1,0.6666666666666669,2.220446049250313e-16,0.6666666666666666,0.6666666666666666
iris,zscore_2.5,none,euclidean,76.46085809281267,0.0,76.46085809281267,76.46085809281267,0.55271920109353,2.220446049250313e-16,0.5527192010935298,0.5527192010935298,0.7229730692515786,1.1102230246251565e-16,0.7229730692515787,0.7229730692515787,0.7548369852613154,4.440892098500626e-16,0.7548369852613149,0.7548369852613149,0.8918918918918917,2.220446049250313e-16,0.8918918918918919,0.8918918918918919,0.8918918918918917,2.220446049250313e-16,0.8918918918918919,0.8918918918918919,0.8917748917748917,2.220446049250313e-16,0.8917748917748919,0.8917748917748919,2.0,0.0,2,2,1.3333333333333337,4.440892098500626e-16,1.3333333333333333,1.3333333333333333
iris,zscore_2.5,none,manhattan,79.01,1.4210854715202004e-14,79.00999999999999,79.00999999999999,0.5623584471851908,0.0,0.5623584471851908,0.5623584471851908,0.7096748346981149,4.440892098500626e-16,0.7096748346981144,0.7096748346981144,0.7472924898963141,2.220446049250313e-16,0.7472924898963144,0.7472924898963144,0.8851351351351349,2.220446049250313e-16,0.8851351351351351,0.8851351351351351,0.8851351351351349,2.220446049250313e-16,0.8851351351351351,0.8851351351351351,0.8847184077577731,0.0,0.8847184077577731,0.8847184077577731,2.0,0.0,2,2,1.3333333333333337,4.440892098500626e-16,1.3333333333333333,1.3333333333333333
iris,zscore_2.5,none,cosine,89.59872584541068,4.263256414560601e-14,89.59872584541064,89.59872584541064,0.7458765849375415,1.1102230246251565e-16,0.7458765849375414,0.7458765849375414,0.9201284201077694,0.0,0.9201284201077694,0.9201284201077694,0.9131896164104384,4.2421562206446774e-16,0.9131896164104387,0.9131896164104389,0.9729729729729729,1.1102230246251565e-16,0.972972972972973,0.972972972972973,0.9729729729729729,1.1102230246251565e-16,0.972972972972973,0.972972972972973,0.9732905982905983,1.1102230246251565e-16,0.9732905982905984,0.9732905982905984,2.0,0.0,2,2,1.3333333333333337,4.440892098500626e-16,1.3333333333333333,1.3333333333333333
iris,zscore_2.5,none,minkowski,76.46508249264399,1.4210854715202004e-14,76.46508249264397,76.46508249264397,0.5493631325487415,1.1102230246251565e-16,0.5493631325487416,0.5493631325487416,0.7086904134098778,4.440892098500626e-16,0.7086904134098774,0.7086904134098774,0.7383535949251222,2.8174301870297395e-16,0.7383535949251223,0.7383535949251225,0.8851351351351349,2.220446049250313e-16,0.8851351351351351,0.8851351351351351,0.8851351351351349,2.220446049250313e-16,0.8851351351351351,0.8851351351351351,0.8852785369639302,0.0,0.8852785369639302,0.8852785369639302,2.0,0.0,2,2,1.3333333333333337,4.440892098500626e-16,1.3333333333333333,1.3333333333333333
iris,zscore_2.5,none,chebyshev,77.01691935372743,0.0,77.01691935372743,77.01691935372743,0.5444972163383364,1.1102230246251565e-16,0.5444972163383365,0.5444972163383365,0.7078649482695965,2.220446049250313e-16,0.7078649482695962,0.7078649482695962,0.7316542101824801,2.764433037591714e-16,0.7316542101824798,0.7316542101824799,0.8851351351351349,2.220446049250313e-16,0.8851351351351351,0.8851351351351351,0.8851351351351349,2.220446049250313e-16,0.8851351351351351,0.8851351351351351,0.8857411701448399,0.0,0.8857411701448399,0.8857411701448399,2.0,0.0,2,2,1.3333333333333337,4.440892098500626e-16,1.3333333333333333,1.3333333333333333
iris,zscore_2.5,none,correlation,91.97081666666665,2.842170943040401e-14,91.97081666666668,91.97081666666668,0.8036167433183619,2.220446049250313e-16,0.8036167433183621,0.8036167433183621,0.882554882577701,1.1102230246251565e-16,0.8825548825777009,0.8825548825777009,0.8603856441514405,5.551115123125783e-16,0.860385644151441,0.860385644151441,0.9594594594594592,2.220446049250313e-16,0.9594594594594594,0.9594594594594594,0.9594594594594592,2.220446049250313e-16,0.9594594594594594,0.9594594594594594,0.96,0.0,0.96,0.96,2.0,0.0,2,2,1.3333333333333337,4.440892098500626e-16,1.3333333333333333,1.3333333333333333
iris,zscore_2.5,none,hamming,356.9601999999999,41.2858204225131,268.04999999999995,475.15999999999997,0.06441194074480719,0.011540109879257325,0.042515732887965264,0.08489911300479744,0.26509442199105826,0.034727307676607054,0.19459861782532242,0.3418647250593406,0.34581790975324006,0.045286608157997545,0.25509537943086996,0.4557395165911004,0.580135135135135,0.04898550791194061,0.46621621621621623,0.668918918918919,0.6080405405405406,0.025326483942644015,0.5540540540540541,0.668918918918919,0.5543557203060431,0.055468764734729635,0.4583246194957593,0.6632141641130406,2.0,0.0,2,2,1.3333333333333337,4.440892098500626e-16,1.3333333333333333,1.3333333333333333
iris,zscore_2.5,minmax,euclidean,7.361905935835368,0.0,7.361905935835368,7.361905935835368,0.4925742045166956,2.220446049250313e-16,0.4925742045166958,0.4925742045166958,0.6813636820601765,2.220446049250313e-16,0.6813636820601763,0.6813636820601763,0.7111878239944085,1.554312234475219e-16,0.7111878239944083,0.7111878239944085,0.8716216216216219,3.3306690738754696e-16,0.8716216216216216,0.8716216216216216,0.8716216216216219,3.3306690738754696e-16,0.8716216216216216,0.8716216216216216,0.8722989548677621,0.0,0.8722989548677621,0.8722989548677621,2.0,0.0,2,2,1.3333333333333337,4.440892098500626e-16,1.3333333333333333,1.3333333333333333
iris,zscore_2.5,minmax,manhattan,7.656956275985555,0.01358442883779789,7.645864636285637,7.673593735535432,0.5273903447427294,0.00151785726344472,0.5261510194767903,0.5292493326416376,0.7013289741539467,0.006814366599212543,0.6957650671245016,0.7096748346981144,0.7374936747590953,0.008000699056682105,0.7309611313342828,0.7472924898963144,0.8810810810810807,0.003310121274031288,0.8783783783783784,0.8851351351351351,0.8810810810810807,0.003310121274031288,0.8783783783783784,0.8851351351351351,0.8808354150511613,0.003170450268715912,0.8782467532467533,0.8847184077577731,2.0,0.0,2,2,1.3333333333333337,4.440892098500626e-16,1.3333333333333333,1.3333333333333333
iris,zscore_2.5,minmax,cosine,11.213153052797836,0.14676107906467653,11.12920152721406,11.538410047015468,0.6355854539248635,0.01577902895754778,0.5623332059294979,0.6434613329107721,0.49579330497620316,0.003404710342983268,0.494034841602487,0.5037691737469351,0.5884461479157129,0.0009411004795521653,0.5829446658636508,0.590201372118197,0.691554054054054,0.01715670800756029,0.6824324324324325,0.7297297297297297,0.691554054054054,0.01715670800756029,0.6824324324324325,0.7297297297297297,0.6857753480219096,0.020327859777129247,0.6749317010754919,0.7332266239829265,2.0,0.0,2,2,1.3333333333333337,4.440892098500626e-16,1.3333333333333333,1.3333333333333333
iris,zscore_2.5,minmax,minkowski,7.393572043336206,8.881784197001252e-16,7.3935720433362055,7.3935720433362055,0.4741408892144027,0.0,0.4741408892144027,0.4741408892144027,0.6683347495726126,2.220446049250313e-16,0.6683347495726129,0.6683347495726129,0.6996340155540139,1.5700924586837752e-16,0.6996340155540139,0.6996340155540142,0.8648648648648651,2.220446049250313e-16,0.8648648648648649,0.8648648648648649,0.8648648648648651,2.220446049250313e-16,0.8648648648648649,0.8648648648648649,0.8658078368223294,1.1102230246251565e-16,0.8658078368223295,0.8658078368223295,2.0,0.0,2,2,1.3333333333333337,4.440892098500626e-16,1.3333333333333333,1.3333333333333333
iris,zscore_2.5,minmax,chebyshev,7.459475712090153,0.00816972721478008,7.453603423901331,7.4740249317658805,0.4476572341095283,0.0014163060338482133,0.4452279759937815,0.4499268780456253,0.6624629412820465,0.009789383960243179,0.6442890189166273,0.6691794491646234,0.69884307451835,0.008350324490820649,0.6823576286022235,0.7041103320047012,0.8611486486486488,0.005352357945187486,0.8513513513513513,0.8648648648648649,0.8611486486486488,0.005352357945187486,0.8513513513513513,0.8648648648648649,0.8616670444630059,0.005180804167717623,0.8523886205045624,0.8653198653198654,2.0,0.0,2,2,1.3333333333333337,4.440892098500626e-16,1.3333333333333333,1.3333333333333333
iris,zscore_2.5,minmax,correlation,12.320127834670767,0.0,12.320127834670767,12.320127834670767,0.7097655675429334,1.1102230246251565e-16,0.7097655675429335,0.7097655675429335,0.47605658221484753,5.551115123125783e-17,0.4760565822148476,0.4760565822148476,0.5518051417368488,2.220446049250313e-16,0.5518051417368486,0.5518051417368486,0.6959459459459459,0.0,0.6959459459459459,0.6959459459459459,0.6959459459459459,0.0,0.6959459459459459,0.6959459459459459,0.698133548952227,2.220446049250313e-16,0.6981335489522268,0.6981335489522268,2.0,0.0,2,2,1.3333333333333337,4.440892098500626e-16,1.3333333333333333,1.3333333333333333
iris,zscore_2.5,minmax,hamming,24.629901967836634,2.207527780947989,20.306867888770835,31.61874814030222,0.06551098875814489,0.01124496645892467,0.03639746865803862,0.08489911300479744,0.2646065502841487,0.03406843197018185,0.19459861782532242,0.3418647250593406,0.34780049034559823,0.045098052216447866,0.25509537943086996,0.4557395165911004,0.588108108108108,0.049049772726576964,0.46621621621621623,0.668918918918919,0.6127027027027027,0.024038865535740965,0.5540540540540541,0.668918918918919,0.5645382753395497,0.053576365914134914,0.4583246194957593,0.6563314586838037,2.0,0.0,2,2,1.3333333333333337,4.440892098500626e-16,1.3333333333333333,1.3333333333333333
iris,zscore_2.5,standard,euclidean,136.845273917698,2.842170943040401e-14,136.84527391769802,136.84527391769802,0.46440513102002434,1.6653345369377348e-16,0.4644051310200245,0.4644051310200245,0.5902965784698991,2.220446049250313e-16,0.5902965784698994,0.5902965784698994,0.6430486531712231,8.382000022145452e-17,0.6430486531712231,0.6430486531712232,0.8175675675675674,1.1102230246251565e-16,0.8175675675675675,0.8175675675675675,0.8175675675675674,1.1102230246251565e-16,0.8175675675675675,0.8175675675675675,0.8195488721804512,1.1102230246251565e-16,0.8195488721804511,0.8195488721804511,2.0,0.0,2,2,1.3333333333333337,4.440892098500626e-16,1.3333333333333333,1.3333333333333333
iris,zscore_2.5,standard,manhattan,140.9090883257286,0.7533385921057816,140.2414031904704,142.70630501132624,0.49742422209541665,0.0023056164319425884,0.49235689215465195,0.5001358937978527,0.6575344072707812,0.010679894956197285,0.6435811938382051,0.667201750449039,0.6877982638999921,0.0066933672862444765,0.6794703214336111,0.6939936653231905,0.8593918918918919,0.006095703141227894,0.8513513513513513,0.8648648648648649,0.8593918918918919,0.006095703141227894,0.8513513513513513,0.8648648648648649,0.8609650782841888,0.0061499959885188025,0.85280342566573,0.8664529914529915,2.0,0.0,2,2,1.3333333333333337,4.440892098500626e-16,1.3333333333333333,1.3333333333333333
iris,zscore_2.5,standard,cosine,140.05014490621957,0.10673882289730187,140.02086093611103,140.4392033662329,0.7397505573042287,0.00029694022793305935,0.7396690912685091,0.7408328917787881,0.576339301068679,0.0045914623691367855,0.5750796258809399,0.593074985705789,0.6231187370442163,0.007485399454990601,0.6210651054981643,0.650402699013193,0.8112837837837834,0.0017239663273206681,0.8108108108108109,0.8175675675675675,0.8112837837837834,0.0017239663273206681,0.8108108108108109,0.8175675675675675,0.8121326648943443,0.0015535595981181695,0.8117064432853907,0.8177953234133009,2.0,0.0,2,2,1.3333333333333337,4.440892098500626e-16,1.3333333333333333,1.3333333333333333
iris,zscore_2.5,standard,minkowski,138.22070995149937,0.043743164249022,138.03003791906715,138.23074532162735,0.44360557107346055,0.00013396632145982112,0.4430216254163793,0.4436363050554122,0.6026898022213512,0.0022944293370450097,0.6021634240311788,0.6126909878346254,0.6347965689277424,0.0013844181476525776,0.6344789616224149,0.6408311077289638,0.8314189189189187,0.001472600994439426,0.831081081081081,0.8378378378378378,0.8314189189189187,0.001472600994439426,0.831081081081081,0.8378378378378378,0.8336423212118342,0.001491133562241932,0.8333002317113539,0.8401420217209691,2.0,0.0,2,2,1.3333333333333337,4.440892098500626e-16,1.3333333333333333,1.3333333333333333
iris,zscore_2.5,standard,chebyshev,139.1982027286137,2.842170943040401e-14,139.19820272861367,139.19820272861367,0.4223930647498106,1.1102230246251565e-16,0.4223930647498105,0.4223930647498105,0.5509948541269073,2.220446049250313e-16,0.5509948541269075,0.5509948541269075,0.5994141871537477,1.1102230246251565e-16,0.5994141871537476,0.5994141871537476,0.7972972972972969,3.3306690738754696e-16,0.7972972972972973,0.7972972972972973,0.7972972972972969,3.3306690738754696e-16,0.7972972972972973,0.7972972972972973,0.8008089147408032,2.220446049250313e-16,0.8008089147408034,0.8008089147408034,2.0,0.0,2,2,1.3333333333333337,4.440892098500626e-16,1.3333333333333333,1.3333333333333333
iris,zscore_2.5,standard,correlation,248.08696092764288,1.8030070107068348,243.72105826319137,250.23893027205372,0.7053652559429395,0.02910196274743553,0.6789596115241746,0.7545707856541052,0.44214532421563457,0.015829859451127148,0.42384005401536884,0.4650994339375799,0.5043343543361553,0.045752859631824704,0.45954158187049904,0.5615306027017811,0.6496621621621622,0.03413834217029094,0.6081081081081081,0.6891891891891891,0.6628378378378379,0.01982621723124487,0.6418918918918919,0.6891891891891891,0.6124943654783033,0.07239727495000979,0.5341853913282485,0.6872910457816118,2.0,0.0,2,2,1.3333333333333337,4.440892098500626e-16,1.3333333333333333,1.3333333333333333
iris,zscore_2.5,standard,hamming,374.454174628237,30.84908555361498,315.2636205228978,471.9939236186841,0.06531125120341881,0.011220096890575697,0.03639746865803862,0.08444355892131905,0.26452863739488813,0.03355000435373202,0.19459861782532242,0.3418647250593406,0.34941366920249417,0.044257189417226936,0.25509537943086996,0.4557395165911004,0.5908783783783783,0.04782881843512264,0.46621621621621623,0.668918918918919,0.6132432432432432,0.025047799446697643,0.5540540540540541,0.668918918918919,0.5656289052623592,0.053487259398604145,0.4583246194957593,0.6563314586838037,2.0,0.0,2,2,1.3333333333333337,4.440892098500626e-16,1.3333333333333333,1.3333333333333333
iris,zscore_2.5,robust,euclidean,66.6482318738132,1.4210854715202004e-14,66.64823187381319,66.64823187381319,0.4511269805071425,1.6653345369377348e-16,0.45112698050714267,0.45112698050714267,0.5693130983720778,0.0,0.5693130983720778,0.5693130983720778,0.6110460089839649,1.7763568394002506e-16,0.611046008983965,0.6110460089839651,0.8108108108108105,3.3306690738754696e-16,0.8108108108108109,0.8108108108108109,0.8108108108108105,3.3306690738754696e-16,0.8108108108108109,0.8108108108108109,0.8140788691872283,0.0,0.8140788691872283,0.8140788691872283,2.0,0.0,2,2,1.3333333333333337,4.440892098500626e-16,1.3333333333333333,1.3333333333333333
iris,zscore_2.5,robust,manhattan,70.68441975606808,0.0,70.68441975606808,70.68441975606808,0.4837530508658416,1.1102230246251565e-16,0.48375305086584147,0.48375305086584147,0.6314503334060424,1.1102230246251565e-16,0.6314503334060423,0.6314503334060423,0.6691046466376356,7.850462293418876e-17,0.6691046466376356,0.6691046466376357,0.8445945945945946,0.0,0.8445945945945946,0.8445945945945946,0.8445945945945946,0.0,0.8445945945945946,0.8445945945945946,0.8465285423547861,1.1102230246251565e-16,0.846528542354786,0.846528542354786,2.0,0.0,2,2,1.3333333333333337,4.440892098500626e-16,1.3333333333333333,1.3333333333333333
iris,zscore_2.5,robust,cosine,70.81073798566104,0.0,70.81073798566104,70.81073798566104,0.722047818229662,3.3306690738754696e-16,0.7220478182296617,0.7220478182296617,0.4902768927640597,1.6653345369377348e-16,0.4902768927640599,0.4902768927640599,0.5232888843228988,8.08254562088053e-17,0.5232888843228987,0.5232888843228988,0.7567567567567569,1.1102230246251565e-16,0.7567567567567568,0.7567567567567568,0.7567567567567569,1.1102230246251565e-16,0.7567567567567568,0.7567567567567568,0.7561708807909417,2.220446049250313e-16,0.7561708807909415,0.7561708807909415,2.0,0.0,2,2,1.3333333333333337,4.440892098500626e-16,1.3333333333333333,1.3333333333333333
iris,zscore_2.5,robust,minkowski,66.74072424184239,2.842170943040401e-14,66.74072424184241,66.74072424184241,0.43261521681862575,0.0,0.43261521681862575,0.43261521681862575,0.551347267862337,0.0,0.551347267862337,0.551347267862337,0.5995848494152061,0.0,0.5995848494152061,0.5995848494152061,0.7972972972972969,3.3306690738754696e-16,0.7972972972972973,0.7972972972972973,0.7972972972972969,3.3306690738754696e-16,0.7972972972972973,0.7972972972972973,0.8007816571130794,3.3306690738754696e-16,0.8007816571130797,0.8007816571130797,2.0,0.0,2,2,1.3333333333333337,4.440892098500626e-16,1.3333333333333333,1.3333333333333333
iris,zscore_2.5,robust,chebyshev,71.49286026512937,0.22911479196188497,71.1539499198068,71.71685510887258,0.4017160459969077,0.0033478764752247502,0.39317566743292987,0.40350526417398236,0.47942521546880346,0.0024175191911732334,0.47714137759334596,0.48360048719750215,0.5295024990380177,0.0012713350585572107,0.5273681364954792,0.5310269240569268,0.7339864864864866,0.004744667530827235,0.7297297297297297,0.7432432432432432,0.7339864864864866,0.004744667530827235,0.7297297297297297,0.7432432432432432,0.7321624311430424,0.005710136127665563,0.7271885477090096,0.743827837488728,2.0,0.0,2,2,1.3333333333333337,4.440892098500626e-16,1.3333333333333333,1.3333333333333333
iris,zscore_2.5,robust,correlation,104.40586253555368,1.4210854715202004e-14,104.40586253555367,104.40586253555367,0.6905817989463168,2.220446049250313e-16,0.690581798946317,0.690581798946317,0.3442490373051833,5.551115123125783e-17,0.34424903730518336,0.34424903730518336,0.35802554184069657,2.884444029575346e-17,0.35802554184069657,0.3580255418406966,0.6486486486486487,0.0,0.6486486486486487,0.6486486486486487,0.6486486486486487,0.0,0.6486486486486487,0.6486486486486487,0.6367901234567901,0.0,0.6367901234567901,0.6367901234567901,2.0,0.0,2,2,1.3333333333333337,4.440892098500626e-16,1.3333333333333333,1.3333333333333333
iris,zscore_2.5,robust,hamming,159.53418346683836,11.621109484486972,138.40044546418167,191.67985938359558,0.0660543509695821,0.010506000737782472,0.03639746865803862,0.08267190007707423,0.2625345357116773,0.03303268186353834,0.1830117160578911,0.3418647250593406,0.3485692211968994,0.04286451968185595,0.24381571474116215,0.4557395165911004,0.5935810810810811,0.04859583281650076,0.46621621621621623,0.668918918918919,0.6140540540540541,0.026033775892423804,0.5540540540540541,0.668918918918919,0.5686257280145914,0.05450073403456367,0.4583246194957593,0.6563314586838037,2.0,0.0,2,2,1.3333333333333337,4.440892098500626e-16,1.3333333333333333,1.3333333333333333
iris,zscore_3.5,none,euclidean,78.85144142614604,2.842170943040401e-14,78.85144142614601,78.85144142614601,0.5528190123564102,1.1102230246251565e-16,0.5528190123564101,0.5528190123564101,0.7302382722834697,0.0,0.7302382722834697,0.7302382722834697,0.7581756800057784,0.0,0.7581756800057784,0.7581756800057784,0.8933333333333331,2.220446049250313e-16,0.8933333333333333,0.8933333333333333,0.8933333333333331,2.220446049250313e-16,0.8933333333333333,0.8933333333333333,0.8917748917748917,2.220446049250313e-16,0.8917748917748919,0.8917748917748919,0.0,0.0,0,0,0.0,0.0,0.0,0.0
iris,zscore_3.5,none,manhattan,81.44,0.0,81.44,81.44,0.5629417175431172,0.0,0.5629417175431172,0.5629417175431172,0.7172759168337548,1.1102230246251565e-16,0.7172759168337549,0.7172759168337549,0.7507393176128088,1.762424413785662e-16,0.7507393176128085,0.7507393176128088,0.8866666666666668,1.1102230246251565e-16,0.8866666666666667,0.8866666666666667,0.8866666666666668,1.1102230246251565e-16,0.8866666666666667,0.8866666666666667,0.8847184077577731,0.0,0.8847184077577731,0.8847184077577731,0.0,0.0,0,0,0.0,0.0,0.0,0.0
iris,zscore_3.5,none,cosine,91.98930917874394,1.4210854715202004e-14,91.98930917874395,91.98930917874395,0.7485238922885508,2.220446049250313e-16,0.748523892288551,0.748523892288551,0.9222414299226979,2.220446049250313e-16,0.9222414299226981,0.9222414299226981,0.9143625311854002,3.3306690738754696e-16,0.9143625311853999,0.9143625311853999,0.9733333333333332,2.220446049250313e-16,0.9733333333333334,0.9733333333333334,0.9733333333333332,2.220446049250313e-16,0.9733333333333334,0.9733333333333334,0.9732905982905983,1.1102230246251565e-16,0.9732905982905984,0.9732905982905984,0.0,0.0,0,0,0.0,0.0,0.0,0.0
iris,zscore_3.5,none,minkowski,78.85566582597733,2.842170943040401e-14,78.8556658259773,78.8556658259773,0.5493885701588411,1.1102230246251565e-16,0.549388570158841,0.549388570158841,0.7163421126838475,1.1102230246251565e-16,0.7163421126838476,0.7163421126838476,0.7419116631817834,2.220446049250313e-16,0.7419116631817836,0.7419116631817836,0.8866666666666668,1.1102230246251565e-16,0.8866666666666667,0.8866666666666667,0.8866666666666668,1.1102230246251565e-16,0.8866666666666667,0.8866666666666667,0.8852785369639302,0.0,0.8852785369639302,0.8852785369639302,0.0,0.0,0,0,0.0,0.0,0.0,0.0
iris,zscore_3.5,none,chebyshev,79.40750268706074,2.842170943040401e-14,79.40750268706077,79.40750268706077,0.5447351327818114,0.0,0.5447351327818114,0.5447351327818114,0.7155592175135398,2.220446049250313e-16,0.7155592175135396,0.7155592175135396,0.7352943572511148,2.730787568572e-16,0.7352943572511145,0.7352943572511146,0.8866666666666668,1.1102230246251565e-16,0.8866666666666667,0.8866666666666667,0.8866666666666668,1.1102230246251565e-16,0.8866666666666667,0.8866666666666667,0.8857411701448399,0.0,0.8857411701448399,0.8857411701448399,0.0,0.0,0,0,0.0,0.0,0.0,0.0
iris,zscore_3.5,none,correlation,94.36139999999999,1.4210854715202004e-14,94.3614,94.3614,0.8055770269167283,4.440892098500626e-16,0.8055770269167287,0.8055770269167287,0.8856653061224489,1.1102230246251565e-16,0.885665306122449,0.885665306122449,0.8622701718997609,3.3306690738754696e-16,0.8622701718997605,0.8622701718997605,0.96,0.0,0.96,0.96,0.96,0.0,0.96,0.96,0.96,0.0,0.96,0.96,0.0,0.0,0,0,0.0,0.0,0.0,0.0
iris,zscore_3.5,none,hamming,374.9592999999999,48.8474063642073,271.31,552.97,0.06389305414680488,0.011567522770252976,0.029177908002960322,0.08433988651015056,0.26174770970465067,0.04210929100085972,0.14719208468905645,0.33861606932382865,0.34398091576152856,0.052342935865458476,0.2080530223443488,0.46077466849210974,0.5710666666666667,0.04978370996398097,0.4533333333333333,0.6666666666666666,0.6049333333333333,0.02425091063582286,0.5466666666666666,0.6666666666666666,0.5439590895517198,0.05293283178383662,0.44906910132474037,0.6649806146094587,0.0,0.0,0,0,0.0,0.0,0.0,0.0
iris,zscore_3.5,minmax,euclidean,6.9822164737852335,8.881784197001252e-16,6.982216473785234,6.982216473785234,0.5047687565398588,0.0,0.5047687565398588,0.5047687565398588,0.7163421126838475,1.1102230246251565e-16,0.7163421126838476,0.7163421126838476,0.7419116631817834,2.220446049250313e-16,0.7419116631817836,0.7419116631817836,0.8866666666666668,1.1102230246251565e-16,0.8866666666666667,0.8866666666666667,0.8866666666666668,1.1102230246251565e-16,0.8866666666666667,0.8866666666666667,0.8852785369639302,0.0,0.8852785369639302,0.8852785369639302,0.0,0.0,0,0,0.0,0.0,0.0,0.0
iris,zscore_3.5,minmax,manhattan,7.192498031642673,0.0,7.192498031642673,7.192498031642673,0.5319975951850625,1.1102230246251565e-16,0.5319975951850624,0.5319975951850624,0.7436826319432356,2.220446049250313e-16,0.7436826319432358,0.7436826319432358,0.7660355440487249,3.3306690738754696e-16,0.7660355440487252,0.7660355440487252,0.9000000000000005,4.440892098500626e-16,0.9,0.9,0.9000000000000005,4.440892098500626e-16,0.9,0.9,0.8987751796740561,0.0,0.8987751796740561,0.8987751796740561,0.0,0.0,0,0,0.0,0.0,0.0,0.0
iris,zscore_3.5,minmax,cosine,10.67571021728429,0.21537501238311116,10.469573136154779,11.176761843012976,0.6031293579856151,0.011290216031362144,0.5685386648222076,0.6133812361666798,0.5050167369832885,0.005392845788014184,0.5008747759269195,0.5274899292702139,0.5898224137959609,0.0026470077736831564,0.5866200485922519,0.6001736861189073,0.6932666666666668,0.018293775504860162,0.68,0.7533333333333333,0.6932666666666668,0.018293775504860162,0.68,0.7533333333333333,0.6866923593711968,0.02063313668312543,0.6715927750410509,0.7533086641997534,0.0,0.0,0,0,0.0,0.0,0.0,0.0
iris,zscore_3.5,minmax,minkowski,6.9822164737852335,8.881784197001252e-16,6.982216473785234,6.982216473785234,0.48880081371961837,1.1102230246251565e-16,0.48880081371961825,0.48880081371961825,0.7163421126838475,1.1102230246251565e-16,0.7163421126838476,0.7163421126838476,0.7419116631817834,2.220446049250313e-16,0.7419116631817836,0.7419116631817836,0.8866666666666668,1.1102230246251565e-16,0.8866666666666667,0.8866666666666667,0.8866666666666668,1.1102230246251565e-16,0.8866666666666667,0.8866666666666667,0.8852785369639302,0.0,0.8852785369639302,0.8852785369639302,0.0,0.0,0,0,0.0,0.0,0.0,0.0
iris,zscore_3.5,minmax,chebyshev,7.119485488580791,0.007860223682057594,7.10148327695335,7.124227844139643,0.4468161005468855,0.0017138231232267417,0.4461532178235505,0.4551068592491913,0.6862966888195021,0.004663208295963191,0.676454462051257,0.6885525109503922,0.7067574885717578,0.002770454932401916,0.7004099176605741,0.7081288291800829,0.8720666666666665,0.0026153393661243773,0.8666666666666667,0.8733333333333333,0.8720666666666665,0.0026153393661243773,0.8666666666666667,0.8733333333333333,0.8716920422901957,0.0027368244634879317,0.8653198653198654,0.873015873015873,0.0,0.0,0,0,0.0,0.0,0.0,0.0
iris,zscore_3.5,minmax,correlation,11.199514587227187,0.14137643799860106,10.209879521236978,11.219711221226985,0.7402523638990963,0.04019804389717104,0.4588660566188989,0.7459949415986921,0.5211910941033099,0.0053839739230451605,0.5204219549714462,0.5588789115646259,0.598096851846826,0.003071766854576216,0.5976580280104582,0.6195992198288598,0.7409333333333332,0.006533333333333328,0.74,0.7866666666666666,0.7409333333333332,0.006533333333333328,0.74,0.7866666666666666,0.7388525993883794,0.006830581039755363,0.7378768020969856,0.7866666666666667,0.0,0.0,0,0,0.0,0.0,0.0,0.0
iris,zscore_3.5,minmax,hamming,24.719015533176574,2.5325408499098114,19.78893629127787,33.9464596278386,0.0642176629058593,0.011277853738987343,0.029177908002960322,0.08376504232885316,0.2619194277290996,0.04118120187277801,0.14719208468905645,0.33861606932382865,0.3452925346427761,0.05146826844561782,0.2080530223443488,0.46077466849210974,0.5758000000000001,0.05123935119721083,0.4533333333333333,0.6666666666666666,0.6075333333333333,0.0249560502572912,0.5466666666666666,0.6666666666666666,0.549693167545912,0.05430736064337626,0.44906910132474037,0.6649806146094587,0.0,0.0,0,0,0.0,0.0,0.0,0.0
iris,zscore_3.5,standard,euclidean,139.82074327484938,0.0010762779668430332,139.82049635974982,139.82543466174207,0.45991972328217534,0.0001242980266867565,0.45937792074496625,0.45994823920518635,0.6196320643691142,0.002193034058456164,0.6100728505285608,0.6201351808870379,0.6591404581890972,0.0015100731321960625,0.6525582020084985,0.659486892724918,0.8329999999999999,0.0014529663145135675,0.8266666666666667,0.8333333333333334,0.8329999999999999,0.0014529663145135675,0.8266666666666667,0.8333333333333334,0.8328539035805833,0.0014353620197944956,0.8265973055889022,0.8331831982117239,0.0,0.0,0,0,0.0,0.0,0.0,0.0
iris,zscore_3.5,standard,manhattan,143.84454127436797,0.6708963185767122,143.09639304895185,145.3141226010585,0.49685808466123615,0.002929462788317146,0.49185960672360857,0.5000013790375397,0.6661653198922766,0.009647209169092551,0.6529974105499732,0.676005958011242,0.6919789663623849,0.005972157477980117,0.6838063565338025,0.6981281862909945,0.8610000000000002,0.005607534613753566,0.8533333333333334,0.8666666666666667,0.8610000000000002,0.005607534613753566,0.8533333333333334,0.8666666666666667,0.8606561601659161,0.00576930822319516,0.85280342566573,0.8666133119914633,0.0,0.0,0,0,0.0,0.0,0.0,0.0
iris,zscore_3.5,standard,cosine,143.33318729274214,0.08459996166585401,143.2990534676725,143.54286650388423,0.7403425818486318,0.0006835525110375348,0.7400667866664802,0.7420367522532787,0.588304192182141,0.006237419424660367,0.5857875600308373,0.6037635039687198,0.6301992149259595,0.010069715360232004,0.6261363537161065,0.655156790929341,0.8142666666666666,0.002313246876386306,0.8133333333333334,0.82,0.8142666666666666,0.002313246876386306,0.8133333333333334,0.82,0.8126808074673244,0.002063570587719465,0.8118482118482119,0.8177953234133009,0.0,0.0,0,0,0.0,0.0,0.0,0.0
iris,zscore_3.5,standard,minkowski,141.02742883856118,0.10099685687057236,140.98667930419825,141.27774740679047,0.44264210346057853,0.0008387143788091709,0.44056336765669213,0.44298050231237396,0.5946179497528977,0.011634617387960055,0.5899236923696451,0.6234541022500214,0.6260053911436024,0.008876086596958531,0.6224241272607622,0.6480045835667618,0.8227999999999998,0.006939740629158993,0.82,0.84,0.8227999999999998,0.006939740629158993,0.82,0.84,0.8235199536683301,0.006599035532930086,0.8208574190752408,0.8398755233115941,0.0,0.0,0,0,0.0,0.0,0.0,0.0
iris,zscore_3.5,standard,chebyshev,142.17668182244617,0.0,142.17668182244617,142.17668182244617,0.4200317362247558,0.0,0.4200317362247558,0.4200317362247558,0.562314538042555,2.220446049250313e-16,0.5623145380425548,0.5623145380425548,0.605089118670696,1.1102230246251565e-16,0.6050891186706961,0.6050891186706961,0.7999999999999998,2.220446049250313e-16,0.8,0.8,0.7999999999999998,2.220446049250313e-16,0.8,0.8,0.800822793090834,3.3306690738754696e-16,0.8008227930908344,0.8008227930908344,0.0,0.0,0,0,0.0,0.0,0.0,0.0
iris,zscore_3.5,standard,correlation,213.56045467102737,8.526512829121202e-14,213.5604546710273,213.5604546710273,0.703150203579851,1.1102230246251565e-16,0.7031502035798511,0.7031502035798511,0.4607208091493033,2.220446049250313e-16,0.4607208091493035,0.4607208091493035,0.5118052176366665,1.1102230246251565e-16,0.5118052176366666,0.5118052176366666,0.6866666666666668,1.1102230246251565e-16,0.6866666666666666,0.6866666666666666,0.6866666666666668,1.1102230246251565e-16,0.6866666666666666,0.6866666666666666,0.6821139606315373,1.1102230246251565e-16,0.6821139606315372,0.6821139606315372,0.0,0.0,0,0,0.0,0.0,0.0,0.0
iris,zscore_3.5,standard,hamming,384.83553320761223,35.50604643191358,319.54666428205263,519.1906856789864,0.06463722335774691,0.01094474983722796,0.029177908002960322,0.08376504232885316,0.26326428629094845,0.039936552558652146,0.14719208468905645,0.33861606932382865,0.3465452656266623,0.050446693709247675,0.2080530223443488,0.46077466849210974,0.5781333333333334,0.04982707876022613,0.4533333333333333,0.6666666666666666,0.6088666666666667,0.024130294467973466,0.5466666666666666,0.6666666666666666,0.551101364246668,0.054690240978573404,0.44906910132474037,0.6649806146094587,0.0,0.0,0,0,0.0,0.0,0.0,0.0
iris,zscore_3.5,robust,euclidean,73.18403620977304,2.842170943040401e-14,73.18403620977307,73.18403620977307,0.4436401311295237,5.551115123125783e-17,0.44364013112952366,0.44364013112952366,0.5802520019642171,1.1102230246251565e-16,0.580252001964217,0.580252001964217,0.6162206156967887,1.336885555457667e-16,0.6162206156967884,0.6162206156967887,0.8133333333333331,2.220446049250313e-16,0.8133333333333334,0.8133333333333334,0.8133333333333331,2.220446049250313e-16,0.8133333333333334,0.8133333333333334,0.8142206377500497,2.220446049250313e-16,0.8142206377500495,0.8142206377500495,0.0,0.0,0,0,0.0,0.0,0.0,0.0
iris,zscore_3.5,robust,manhattan,77.70088368286169,0.0,77.70088368286169,77.70088368286169,0.48019011964107156,1.1102230246251565e-16,0.48019011964107144,0.48019011964107144,0.6412050161871702,0.0,0.6412050161871702,0.6412050161871702,0.6735735454651062,3.3306690738754696e-16,0.6735735454651065,0.6735735454651065,0.8466666666666666,1.1102230246251565e-16,0.8466666666666667,0.8466666666666667,0.8466666666666666,1.1102230246251565e-16,0.8466666666666667,0.8466666666666667,0.8465285423547861,1.1102230246251565e-16,0.846528542354786,0.846528542354786,0.0,0.0,0,0,0.0,0.0,0.0,0.0
iris,zscore_3.5,robust,cosine,77.66215476611922,2.842170943040401e-14,77.66215476611924,77.66215476611924,0.7216238496917863,2.220446049250313e-16,0.7216238496917865,0.7216238496917865,0.5022731346445273,1.1102230246251565e-16,0.5022731346445274,0.5022731346445274,0.5291248611347416,8.45520665245115e-17,0.5291248611347416,0.5291248611347417,0.7600000000000001,1.1102230246251565e-16,0.76,0.76,0.7600000000000001,1.1102230246251565e-16,0.76,0.76,0.7567044275429757,0.0,0.7567044275429757,0.7567044275429757,0.0,0.0,0,0,0.0,0.0,0.0,0.0
iris,zscore_3.5,robust,minkowski,73.27652857780231,0.0,73.27652857780231,73.27652857780231,0.4231046059470308,1.1102230246251565e-16,0.4231046059470309,0.4231046059470309,0.5627609512809313,2.220446049250313e-16,0.5627609512809315,0.5627609512809315,0.6049149817392229,0.0,0.6049149817392229,0.6049149817392229,0.7999999999999998,2.220446049250313e-16,0.8,0.8,0.7999999999999998,2.220446049250313e-16,0.8,0.8,0.8009234256759009,1.1102230246251565e-16,0.8009234256759008,0.8009234256759008,0.0,0.0,0,0,0.0,0.0,0.0,0.0
iris,zscore_3.5,robust,chebyshev,76.82584335829296,0.6893069279926438,76.72737094000829,81.65099185424145,0.3951014503346288,0.0017583492024791172,0.3827930059172749,0.39535264307784,0.49589388894426917,0.008435475761996549,0.4368455586102932,0.49709895691026856,0.5587329391574962,0.00892072737724531,0.4962878475167791,0.5600073287828171,0.7335999999999998,0.001866666666666678,0.7333333333333333,0.7466666666666667,0.7335999999999998,0.001866666666666678,0.7333333333333333,0.7466666666666667,0.7294336918558588,0.0032940245314724247,0.7289631169227916,0.752491863576166,0.0,0.0,0,0,0.0,0.0,0.0,0.0
iris,zscore_3.5,robust,correlation,112.48631044241752,0.3433568791618916,111.24968344874709,112.62801974966246,0.7058167859817891,0.01184283627339469,0.6945476196930175,0.7190006339810832,0.3885137977425089,0.03460005488560602,0.3552752531268211,0.4248468133777729,0.39714844328725535,0.035441432902073224,0.36310023943047515,0.4343061918437805,0.6402666666666665,0.006661331198291613,0.6333333333333333,0.6466666666666666,0.6434666666666666,0.0033306655991457786,0.64,0.6466666666666666,0.5791187730558712,0.05379571965191039,0.5231264127977743,0.63080402867873,0.0,0.0,0,0,0.0,0.0,0.0,0.0
iris,zscore_3.5,robust,hamming,172.0736591984328,14.38152707364422,143.67313019093234,228.85727381287813,0.06473456512321686,0.010710305914293174,0.034209626922677934,0.08376504232885316,0.2628174118681067,0.04047839999781237,0.14719208468905645,0.33861606932382865,0.3462619099982268,0.05135133807441903,0.2080530223443488,0.46077466849210974,0.5786000000000001,0.05321065056295904,0.4533333333333333,0.68,0.6104,0.026555099949601643,0.5466666666666666,0.68,0.5521218293697199,0.057761515672693275,0.44906910132474037,0.666092853416797,0.0,0.0,0,0,0.0,0.0,0.0,0.0
iris,iqr,none,euclidean,73.47869237971103,1.4210854715202004e-14,73.47869237971105,73.47869237971105,0.5542769562172648,1.1102230246251565e-16,0.5542769562172647,0.5542769562172647,0.7185430251414884,2.220446049250313e-16,0.7185430251414886,0.7185430251414886,0.7525261712864315,2.220446049250313e-16,0.7525261712864313,0.7525261712864313,0.8904109589041095,1.1102230246251565e-16,0.8904109589041096,0.8904109589041096,0.8904109589041095,1.1102230246251565e-16,0.8904109589041096,0.8904109589041096,0.8909090909090908,2.220446049250313e-16,0.890909090909091,0.890909090909091,4.0,0.0,4,4,2.6666666666666674,8.881784197001252e-16,2.6666666666666665,2.6666666666666665
iris,iqr,none,manhattan,75.85999999999999,0.0,75.85999999999999,75.85999999999999,0.5645749921798098,1.1102230246251565e-16,0.5645749921798099,0.5645749921798099,0.7050681500809669,2.220446049250313e-16,0.7050681500809671,0.7050681500809671,0.7449414576427519,0.0,0.7449414576427519,0.7449414576427519,0.8835616438356165,1.1102230246251565e-16,0.8835616438356164,0.8835616438356164,0.8835616438356165,1.1102230246251565e-16,0.8835616438356164,0.8835616438356164,0.883814849332091,3.3306690738754696e-16,0.8838148493320906,0.8838148493320906,4.0,0.0,4,4,2.6666666666666674,8.881784197001252e-16,2.6666666666666665,2.6666666666666665
iris,iqr,none,cosine,86.90826241134751,1.4210854715202004e-14,86.90826241134752,86.90826241134752,0.7453126106576535,2.220446049250313e-16,0.7453126106576538,0.7453126106576538,0.9188032745638314,1.1102230246251565e-16,0.9188032745638313,0.9188032745638313,0.912227456269559,0.0,0.912227456269559,0.912227456269559,0.9726027397260276,2.220446049250313e-16,0.9726027397260274,0.9726027397260274,0.9726027397260276,2.220446049250313e-16,0.9726027397260274,0.9726027397260274,0.9729950900163667,0.0,0.9729950900163667,0.9729950900163667,4.0,0.0,4,4,2.6666666666666674,8.881784197001252e-16,2.6666666666666665,2.6666666666666665
iris,iqr,none,minkowski,73.47869237971103,1.4210854715202004e-14,73.47869237971105,73.47869237971105,0.5518649313340206,2.220446049250313e-16,0.5518649313340204,0.5518649313340204,0.7185430251414884,2.220446049250313e-16,0.7185430251414886,0.7185430251414886,0.7525261712864315,2.220446049250313e-16,0.7525261712864313,0.7525261712864313,0.8904109589041095,1.1102230246251565e-16,0.8904109589041096,0.8904109589041096,0.8904109589041095,1.1102230246251565e-16,0.8904109589041096,0.8904109589041096,0.8909090909090908,2.220446049250313e-16,0.890909090909091,0.890909090909091,4.0,0.0,4,4,2.6666666666666674,8.881784197001252e-16,2.6666666666666665,2.6666666666666665
iris,iqr,none,chebyshev,74.16289095073635,0.0,74.16289095073635,74.16289095073635,0.5450660253587497,1.1102230246251565e-16,0.5450660253587496,0.5450660253587496,0.7032641110675213,1.1102230246251565e-16,0.7032641110675212,0.7032641110675212,0.7291167059206726,1.1102230246251565e-16,0.7291167059206725,0.7291167059206725,0.8835616438356165,1.1102230246251565e-16,0.8835616438356164,0.8835616438356164,0.8835616438356165,1.1102230246251565e-16,0.8835616438356164,0.8835616438356164,0.8847694361713058,4.440892098500626e-16,0.8847694361713053,0.8847694361713053,4.0,0.0,4,4,2.6666666666666674,8.881784197001252e-16,2.6666666666666665,2.6666666666666665
iris,iqr,none,correlation,89.0577957446808,4.263256414560601e-14,89.05779574468085,89.05779574468085,0.8038978494021545,1.1102230246251565e-16,0.8038978494021546,0.8038978494021546,0.8805944580292787,3.3306690738754696e-16,0.8805944580292784,0.8805944580292784,0.8588442119778184,3.3306690738754696e-16,0.858844211977818,0.858844211977818,0.9589041095890409,1.1102230246251565e-16,0.958904109589041,0.958904109589041,0.9589041095890409,1.1102230246251565e-16,0.958904109589041,0.958904109589041,0.9595918367346935,4.440892098500626e-16,0.959591836734694,0.959591836734694,4.0,0.0,4,4,2.6666666666666674,8.881784197001252e-16,2.6666666666666665,2.6666666666666665
iris,iqr,none,hamming,350.0742000000001,42.06367221677157,268.74,508.03,0.06587837695282682,0.012996539332472976,0.02761829822670372,0.08881917142675819,0.26667325777850837,0.029840716588792768,0.2010915872693242,0.33393254469472133,0.35320938733134866,0.03945521459345877,0.2555009396847759,0.4339819363111655,0.586095890410959,0.0513493566376154,0.4794520547945205,0.678082191780822,0.6116438356164383,0.02578291811605302,0.5547945205479452,0.678082191780822,0.5635187246817808,0.05813550485687631,0.4580645161290322,0.6685569191705459,4.0,0.0,4,4,2.6666666666666674,8.881784197001252e-16,2.6666666666666665,2.6666666666666665
iris,iqr,minmax,euclidean,7.989368933997595,2.6645352591003757e-15,7.989368933997592,7.989368933997592,0.47715622732814184,1.6653345369377348e-16,0.47715622732814167,0.47715622732814167,0.6619477789433625,2.220446049250313e-16,0.6619477789433628,0.6619477789433628,0.689796766513728,2.220446049250313e-16,0.6897967665137282,0.6897967665137282,0.8630136986301373,3.3306690738754696e-16,0.863013698630137,0.863013698630137,0.8630136986301373,3.3306690738754696e-16,0.863013698630137,0.863013698630137,0.8653061224489796,0.0,0.8653061224489796,0.8653061224489796,4.0,0.0,4,4,2.6666666666666674,8.881784197001252e-16,2.6666666666666665,2.6666666666666665
iris,iqr,minmax,manhattan,8.275551557329738,0.011477642131880685,8.210332252288438,8.277612972184096,0.5078934249027248,0.0002172614955382876,0.5078482409950502,0.5091288196275103,0.7007663745244836,0.00521604067631746,0.6752130982553252,0.7018310943690323,0.7174773870851419,0.003322710566222413,0.7011994961847441,0.7181556325393256,0.8830136986301369,0.002684372320858266,0.8698630136986302,0.8835616438356164,0.8830136986301369,0.002684372320858266,0.8698630136986302,0.8835616438356164,0.8849299260423487,0.0026710187063911104,0.8718446601941748,0.8854751454526895,4.0,0.0,4,4,2.6666666666666674,8.881784197001252e-16,2.6666666666666665,2.6666666666666665
iris,iqr,minmax,cosine,11.973767062901656,5.329070518200751e-15,11.97376706290165,11.97376706290165,0.6709877566667065,2.220446049250313e-16,0.6709877566667067,0.6709877566667067,0.4625926115581987,5.551115123125783e-17,0.46259261155819864,0.46259261155819864,0.5491781398036578,8.527784864785347e-17,0.5491781398036577,0.5491781398036578,0.6643835616438354,2.220446049250313e-16,0.6643835616438356,0.6643835616438356,0.6643835616438354,2.220446049250313e-16,0.6643835616438356,0.6643835616438356,0.663910594625882,2.220446049250313e-16,0.6639105946258822,0.6639105946258822,4.0,0.0,4,4,2.6666666666666674,8.881784197001252e-16,2.6666666666666665,2.6666666666666665
iris,iqr,minmax,minkowski,8.01767210148699,0.0002934726006804737,8.017520792869753,8.01824131009469,0.46312018176184694,9.144531776256736e-05,0.4629428178039049,0.4631673291430722,0.6358193312021693,0.004807406640710588,0.6264950629936239,0.6382979341436814,0.6747292975978354,0.003630996912733934,0.6676867502102222,0.6766013671565683,0.8478767123287675,0.002789782445810418,0.8424657534246576,0.8493150684931506,0.8478767123287675,0.002789782445810418,0.8424657534246576,0.8493150684931506,0.8500852297388954,0.0026916583745590006,0.8448645886561064,0.8514729950900163,4.0,0.0,4,4,2.6666666666666674,8.881784197001252e-16,2.6666666666666665,2.6666666666666665
iris,iqr,minmax,chebyshev,8.34093019053774,0.01078601325661395,8.336760795937906,8.368833062090477,0.44332521239703254,0.0003017253218335458,0.4425446642279333,0.4434418460314956,0.5962427536053593,0.0038163450803840905,0.5947675237692102,0.6061154455857424,0.6338071009715677,0.0031136639295305624,0.6326034965197074,0.6418619923032474,0.8296575342465754,0.0023034481809315476,0.8287671232876712,0.8356164383561644,0.8296575342465754,0.0023034481809315476,0.8287671232876712,0.8356164383561644,0.8324245767684704,0.0021910112770012237,0.8315776289324939,0.8380926122861606,4.0,0.0,4,4,2.6666666666666674,8.881784197001252e-16,2.6666666666666665,2.6666666666666665
iris,iqr,minmax,correlation,13.627548306403273,0.00018417594435530412,13.626646032230141,13.627585901160487,0.7066221533911667,7.322897092518163e-05,0.70660720559007,0.7069809006174779,0.45960393937774924,0.0006795112008981486,0.4594652347346903,0.46293285081116176,0.5240184259167887,0.00041400948687745997,0.5239339165841619,0.5260466498998312,0.7057534246575342,0.0013421861604291224,0.7054794520547946,0.7123287671232876,0.7057534246575342,0.0013421861604291224,0.7054794520547946,0.7123287671232876,0.7103031149449747,0.0012367786446370245,0.7100506585612969,0.7163620681532379,4.0,0.0,4,4,2.6666666666666674,8.881784197001252e-16,2.6666666666666665,2.6666666666666665
iris,iqr,minmax,hamming,25.253791138778944,2.07456009120932,21.543080426016363,33.410201565996715,0.06712131163239299,0.0117646254482849,0.042424025398249555,0.08881917142675819,0.264810220775604,0.029851732143183575,0.2010915872693242,0.33393254469472133,0.3524796808304227,0.038834964093375224,0.2555009396847759,0.4339819363111655,0.5934246575342467,0.04863997585208434,0.4931506849315068,0.678082191780822,0.6148630136986302,0.0251259727281502,0.5547945205479452,0.678082191780822,0.5720504256106919,0.05594615897575902,0.4580645161290322,0.6685569191705459,4.0,0.0,4,4,2.6666666666666674,8.881784197001252e-16,2.6666666666666665,2.6666666666666665
iris,iqr,standard,euclidean,134.34583168285366,2.842170943040401e-14,134.34583168285369,134.34583168285369,0.4670404869905031,5.551115123125783e-17,0.46704048699050305,0.46704048699050305,0.5852815588346133,2.220446049250313e-16,0.5852815588346131,0.5852815588346131,0.6418813949214447,0.0,0.6418813949214447,0.6418813949214447,0.8150684931506852,2.220446049250313e-16,0.815068493150685,0.815068493150685,0.8150684931506852,2.220446049250313e-16,0.815068493150685,0.815068493150685,0.8175115207373272,0.0,0.8175115207373272,0.8175115207373272,4.0,0.0,4,4,2.6666666666666674,8.881784197001252e-16,2.6666666666666665,2.6666666666666665
iris,iqr,standard,manhattan,138.396371315461,0.34489280868783356,138.0251972858223,138.74196902702178,0.49788501300009796,0.0017851583032248606,0.49611119121475855,0.4998336715055571,0.6447920741101014,0.00564129453434749,0.6382979341436814,0.6499993782514623,0.6797744843597993,0.00279289019808997,0.6766013671565682,0.6836508832537376,0.8532191780821919,0.0033909298067086612,0.8493150684931506,0.8561643835616438,0.8532191780821919,0.0033909298067086612,0.8493150684931506,0.8561643835616438,0.8554805370608465,0.003481063761150111,0.8514729950900163,0.8585281208533225,4.0,0.0,4,4,2.6666666666666674,8.881784197001252e-16,2.6666666666666665,2.6666666666666665
iris,iqr,standard,cosine,138.5577816385391,2.842170943040401e-14,138.55778163853907,138.55778163853907,0.7377156080698164,1.1102230246251565e-16,0.7377156080698163,0.7377156080698163,0.5699352345869009,1.1102230246251565e-16,0.5699352345869008,0.5699352345869008,0.6178892924879743,1.982921726761039e-16,0.6178892924879744,0.6178892924879745,0.808219178082192,2.220446049250313e-16,0.8082191780821918,0.8082191780821918,0.808219178082192,2.220446049250313e-16,0.8082191780821918,0.8082191780821918,0.8092740834676317,1.1102230246251565e-16,0.8092740834676319,0.8092740834676319,4.0,0.0,4,4,2.6666666666666674,8.881784197001252e-16,2.6666666666666665,2.6666666666666665
iris,iqr,standard,minkowski,135.38176385603873,0.06274773813073294,135.29988580658403,135.4298509644487,0.4538091241064066,0.00042745720933658963,0.4532513452355106,0.45413670852264726,0.5576738379923819,0.0044667051782599125,0.5542507514789742,0.5635023366503465,0.6057788090225743,0.0026015596543297738,0.6037850880557405,0.6091735231012374,0.8039041095890415,0.003306878823170784,0.8013698630136986,0.8082191780821918,0.8039041095890415,0.003306878823170784,0.8013698630136986,0.8082191780821918,0.8076048193358819,0.003318719737871791,0.8050614984039829,0.8119353387604661,4.0,0.0,4,4,2.6666666666666674,8.881784197001252e-16,2.6666666666666665,2.6666666666666665
iris,iqr,standard,chebyshev,136.83578549100122,2.842170943040401e-14,136.83578549100125,136.83578549100125,0.42266902733659634,0.0,0.42266902733659634,0.42266902733659634,0.5451937777567951,1.1102230246251565e-16,0.545193777756795,0.545193777756795,0.5961579532948031,1.1102230246251565e-16,0.596157953294803,0.596157953294803,0.7945205479452057,2.220446049250313e-16,0.7945205479452054,0.7945205479452054,0.7945205479452057,2.220446049250313e-16,0.7945205479452054,0.7945205479452054,0.7987726729662212,1.1102230246251565e-16,0.7987726729662213,0.7987726729662213,4.0,0.0,4,4,2.6666666666666674,8.881784197001252e-16,2.6666666666666665,2.6666666666666665
iris,iqr,standard,correlation,245.69007785524502,0.43914575748170165,244.8511863839422,246.16033793889906,0.6923104289278385,0.03001367910426025,0.6750979240504914,0.7518748468152735,0.4302658574263228,0.013867106912711008,0.4228173056144676,0.4579484042506221,0.47493005334150884,0.03107717615979889,0.4588836631146873,0.5370626309909746,0.6592465753424659,0.025060912844487276,0.6164383561643836,0.678082191780822,0.6647260273972603,0.01670376492911946,0.6438356164383562,0.678082191780822,0.6416032788742403,0.055956853649230955,0.533614825240441,0.6777665115995699,4.0,0.0,4,4,2.6666666666666674,8.881784197001252e-16,2.6666666666666665,2.6666666666666665
iris,iqr,standard,hamming,366.9901154585594,26.974817709742965,318.55351624703917,461.79413876785475,0.06732704940527535,0.011482359407801764,0.042424025398249555,0.08881917142675819,0.26377177670403257,0.03138650204659895,0.2010915872693242,0.33393254469472133,0.3511271191719828,0.039122071290111714,0.2555009396847759,0.4339819363111655,0.5915068493150685,0.047881758410856935,0.4931506849315068,0.678082191780822,0.6129452054794521,0.02563684997346996,0.5547945205479452,0.678082191780822,0.5688853731869311,0.05555859435817979,0.4580645161290322,0.6682539682539682,4.0,0.0,4,4,2.6666666666666674,8.881784197001252e-16,2.6666666666666665,2.6666666666666665
iris,iqr,robust,euclidean,62.52804808721329,1.4210854715202004e-14,62.52804808721331,62.52804808721331,0.45292539092175593,5.551115123125783e-17,0.452925390921756,0.452925390921756,0.5635913954016285,2.220446049250313e-16,0.5635913954016283,0.5635913954016283,0.6077767597928351,1.1102230246251565e-16,0.607776759792835,0.607776759792835,0.808219178082192,2.220446049250313e-16,0.8082191780821918,0.8082191780821918,0.808219178082192,2.220446049250313e-16,0.8082191780821918,0.8082191780821918,0.8121733463668945,2.220446049250313e-16,0.8121733463668948,0.8121733463668948,4.0,0.0,4,4,2.6666666666666674,8.881784197001252e-16,2.6666666666666665,2.6666666666666665
iris,iqr,robust,manhattan,66.27662775563873,0.1039550869663906,66.26617987628974,67.31096781118757,0.4848739640559722,6.092516221856852e-05,0.4842677663458606,0.48488008726516524,0.6260079724869589,0.0010395214063505368,0.6156648650877371,0.6261124483192744,0.666128447318987,0.0004905647850196495,0.6612473893371723,0.6661777509349649,0.8423972602739728,0.0006814982445935779,0.8356164383561644,0.8424657534246576,0.8423972602739728,0.0006814982445935779,0.8356164383561644,0.8424657534246576,0.8449837678690844,0.0007048559116765176,0.8379705400981997,0.8450546085536388,4.0,0.0,4,4,2.6666666666666674,8.881784197001252e-16,2.6666666666666665,2.6666666666666665
iris,iqr,robust,cosine,66.84341842498358,1.4210854715202004e-14,66.84341842498357,66.84341842498357,0.720208218207356,1.1102230246251565e-16,0.7202082182073559,0.7202082182073559,0.48491567319013507,5.551115123125783e-17,0.484915673190135,0.484915673190135,0.519858880947126,8.005932084973443e-17,0.5198588809471258,0.519858880947126,0.7534246575342469,3.3306690738754696e-16,0.7534246575342466,0.7534246575342466,0.7534246575342469,3.3306690738754696e-16,0.7534246575342466,0.7534246575342466,0.7531122259383128,0.0,0.7531122259383128,0.7531122259383128,4.0,0.0,4,4,2.6666666666666674,8.881784197001252e-16,2.6666666666666665,2.6666666666666665
iris,iqr,robust,minkowski,62.69642847037462,1.4210854715202004e-14,62.696428470374634,62.696428470374634,0.4352003638485331,1.6653345369377348e-16,0.4352003638485333,0.4352003638485333,0.5456216293299306,0.0,0.5456216293299306,0.5456216293299306,0.5963362058653313,0.0,0.5963362058653313,0.5963362058653313,0.7945205479452057,2.220446049250313e-16,0.7945205479452054,0.7945205479452054,0.7945205479452057,2.220446049250313e-16,0.7945205479452054,0.7945205479452054,0.7986653833256929,2.220446049250313e-16,0.7986653833256927,0.7986653833256927,4.0,0.0,4,4,2.6666666666666674,8.881784197001252e-16,2.6666666666666665,2.6666666666666665
iris,iqr,robust,chebyshev,63.5604246931308,0.0,63.5604246931308,63.5604246931308,0.4058864744050881,5.551115123125783e-17,0.4058864744050882,0.4058864744050882,0.5139606129178919,1.1102230246251565e-16,0.513960612917892,0.513960612917892,0.5767199566624172,7.364386412590295e-17,0.576719956662417,0.5767199566624172,0.767123287671233,1.1102230246251565e-16,0.7671232876712328,0.7671232876712328,0.767123287671233,1.1102230246251565e-16,0.7671232876712328,0.7671232876712328,0.7718586210168086,1.1102230246251565e-16,0.7718586210168087,0.7718586210168087,4.0,0.0,4,4,2.6666666666666674,8.881784197001252e-16,2.6666666666666665,2.6666666666666665
iris,iqr,robust,correlation,100.93169393111401,0.47941062396851347,99.94355950658351,101.44460259860904,0.7114562382479654,0.003488273195718264,0.6870946692718157,0.7129192593886834,0.3999956429686759,0.006434046522354211,0.33689710093496944,0.4011651749174848,0.4135205921162302,0.006114523199886617,0.3531514446945882,0.4145017641142655,0.6289041095890411,0.002804039656227191,0.6232876712328768,0.636986301369863,0.636986301369863,0.0,0.636986301369863,0.636986301369863,0.5225818290389733,0.010324759745153176,0.521544151641239,0.6253118914146891,4.0,0.0,4,4,2.6666666666666674,8.881784197001252e-16,2.6666666666666665,2.6666666666666665
iris,iqr,robust,hamming,150.54013258731496,8.714962274791153,132.8579500597083,176.22640475519592,0.06717868007765765,0.011319000111150047,0.042424025398249555,0.08799206414347492,0.2633373494624911,0.031996203542168866,0.19673248720455097,0.33393254469472133,0.3499211179625907,0.039733884116667964,0.25388778053275524,0.4339819363111655,0.592054794520548,0.046929755503152405,0.4931506849315068,0.678082191780822,0.6126712328767123,0.025616346787617452,0.5547945205479452,0.678082191780822,0.5685895679004183,0.05453909562175504,0.4580645161290322,0.6682539682539682,4.0,0.0,4,4,2.6666666666666674,8.881784197001252e-16,2.6666666666666665,2.6666666666666665
iris,iqr_1.2,none,euclidean,72.3166618524215,0.0,72.3166618524215,72.3166618524215,0.5541988201965855,1.1102230246251565e-16,0.5541988201965856,0.5541988201965856,0.7147403884708398,1.1102230246251565e-16,0.7147403884708396,0.7147403884708396,0.7507378884464048,2.220446049250313e-16,0.7507378884464045,0.7507378884464045,0.8896551724137932,1.1102230246251565e-16,0.8896551724137931,0.8896551724137931,0.8896551724137932,1.1102230246251565e-16,0.8896551724137931,0.8896551724137931,0.8909090909090908,2.220446049250313e-16,0.890909090909091,0.890909090909091,5.0,0.0,5,5,3.3333333333333326,8.881784197001252e-16,3.3333333333333335,3.3333333333333335
iris,iqr_1.2,none,manhattan,74.77000000000001,1.4210854715202004e-14,74.77,74.77,0.5644293603826258,1.1102230246251565e-16,0.5644293603826259,0.5644293603826259,0.7010899748472397,2.220446049250313e-16,0.7010899748472399,0.7010899748472399,0.743095474034145,2.220446049250313e-16,0.7430954740341448,0.7430954740341448,0.8827586206896553,1.1102230246251565e-16,0.8827586206896552,0.8827586206896552,0.8827586206896553,1.1102230246251565e-16,0.8827586206896552,0.8827586206896552,0.883814849332091,3.3306690738754696e-16,0.8838148493320906,0.8838148493320906,5.0,0.0,5,5,3.3333333333333326,8.881784197001252e-16,3.3333333333333335,3.3333333333333335
iris,iqr_1.2,none,cosine,85.74623188405796,1.4210854715202004e-14,85.74623188405798,85.74623188405798,0.743989809426953,1.1102230246251565e-16,0.7439898094269531,0.7439898094269531,0.9176978090589171,0.0,0.9176978090589171,0.9176978090589171,0.9115977593118224,9.42055475210265e-17,0.9115977593118224,0.9115977593118225,0.9724137931034482,0.0,0.9724137931034482,0.9724137931034482,0.9724137931034482,0.0,0.9724137931034482,0.9724137931034482,0.9729950900163667,0.0,0.9729950900163667,0.9729950900163667,5.0,0.0,5,5,3.3333333333333326,8.881784197001252e-16,3.3333333333333335,3.3333333333333335
iris,iqr_1.2,none,minkowski,72.3166618524215,0.0,72.3166618524215,72.3166618524215,0.5517114462953687,1.1102230246251565e-16,0.5517114462953686,0.5517114462953686,0.7147403884708398,1.1102230246251565e-16,0.7147403884708396,0.7147403884708396,0.7507378884464048,2.220446049250313e-16,0.7507378884464045,0.7507378884464045,0.8896551724137932,1.1102230246251565e-16,0.8896551724137931,0.8896551724137931,0.8896551724137932,1.1102230246251565e-16,0.8896551724137931,0.8896551724137931,0.8909090909090908,2.220446049250313e-16,0.890909090909091,0.890909090909091,5.0,0.0,5,5,3.3333333333333326,8.881784197001252e-16,3.3333333333333335,3.3333333333333335
iris,iqr_1.2,none,chebyshev,73.00086042344685,2.842170943040401e-14,73.00086042344682,73.00086042344682,0.5446584438694163,1.1102230246251565e-16,0.5446584438694164,0.5446584438694164,0.6992385610563063,1.1102230246251565e-16,0.6992385610563064,0.6992385610563064,0.7271668554687374,1.1102230246251565e-16,0.7271668554687373,0.7271668554687373,0.8827586206896553,1.1102230246251565e-16,0.8827586206896552,0.8827586206896552,0.8827586206896553,1.1102230246251565e-16,0.8827586206896552,0.8827586206896552,0.8847694361713058,4.440892098500626e-16,0.8847694361713053,0.8847694361713053,5.0,0.0,5,5,3.3333333333333326,8.881784197001252e-16,3.3333333333333335,3.3333333333333335
iris,iqr_1.2,none,correlation,87.89576521739133,1.4210854715202004e-14,87.89576521739131,87.89576521739131,0.8027672769537797,0.0,0.8027672769537797,0.8027672769537797,0.8789665509613992,5.551115123125783e-16,0.8789665509613998,0.8789665509613998,0.857832820239554,1.1102230246251565e-16,0.8578328202395539,0.8578328202395539,0.9586206896551726,1.1102230246251565e-16,0.9586206896551724,0.9586206896551724,0.9586206896551726,1.1102230246251565e-16,0.9586206896551724,0.9586206896551724,0.9595918367346935,4.440892098500626e-16,0.959591836734694,0.959591836734694,5.0,0.0,5,5,3.3333333333333326,8.881784197001252e-16,3.3333333333333335,3.3333333333333335
iris,iqr_1.2,none,hamming,342.8074,38.57427857057083,260.54999999999995,473.49,0.0661443201721906,0.01173736378101624,0.026070026780372228,0.08737426103286489,0.26776226671116116,0.03546684965450345,0.18620329327692853,0.3388035735040719,0.35820133317015795,0.042166647016260106,0.27538643818978126,0.4503580406797932,0.5809655172413793,0.046806404228623644,0.4689655172413793,0.6758620689655173,0.6089655172413795,0.023397510970603275,0.5586206896551724,0.6758620689655173,0.5608136334343523,0.05474423226111736,0.4820751967356456,0.6635307781649246,5.0,0.0,5,5,3.3333333333333326,8.881784197001252e-16,3.3333333333333335,3.3333333333333335
iris,iqr_1.2,minmax,euclidean,8.203278559442788,1.7763568394002505e-15,8.203278559442786,8.203278559442786,0.4756518002922018,5.551115123125783e-17,0.4756518002922017,0.4756518002922017,0.6573396032258836,1.1102230246251565e-16,0.6573396032258837,0.6573396032258837,0.6875738551196245,1.5383701491068512e-16,0.6875738551196245,0.6875738551196248,0.8620689655172413,0.0,0.8620689655172413,0.8620689655172413,0.8620689655172413,0.0,0.8620689655172413,0.8620689655172413,0.8653061224489796,0.0,0.8653061224489796,0.8653061224489796,5.0,0.0,5,5,3.3333333333333326,8.881784197001252e-16,3.3333333333333335,3.3333333333333335
iris,iqr_1.2,minmax,manhattan,8.53000780052633,0.03999629847369056,8.45155361298924,8.553734415836596,0.5061775562444786,0.0015960275285450973,0.5047181653276294,0.5091591379188224,0.6793008432660516,0.01602648599359833,0.6580492671749851,0.6977677105858805,0.7038261926797628,0.01047691529959155,0.6913108828939707,0.7161354272733774,0.8733103448275861,0.008256010673886323,0.8620689655172413,0.8827586206896552,0.8733103448275861,0.008256010673886323,0.8620689655172413,0.8827586206896552,0.8761876589531766,0.008141684521505219,0.8649754500818331,0.8854751454526895,5.0,0.0,5,5,3.3333333333333326,8.881784197001252e-16,3.3333333333333335,3.3333333333333335
iris,iqr_1.2,minmax,cosine,12.23459997242638,0.0,12.23459997242638,12.23459997242638,0.6862086472256569,0.0,0.6862086472256569,0.6862086472256569,0.4579020575966081,1.1102230246251565e-16,0.45790205759660824,0.45790205759660824,0.5482417276565192,2.220446049250313e-16,0.5482417276565195,0.5482417276565195,0.662068965517241,3.3306690738754696e-16,0.6620689655172414,0.6620689655172414,0.662068965517241,3.3306690738754696e-16,0.6620689655172414,0.6620689655172414,0.6616139055163447,1.1102230246251565e-16,0.6616139055163446,0.6616139055163446,5.0,0.0,5,5,3.3333333333333326,8.881784197001252e-16,3.3333333333333335,3.3333333333333335
iris,iqr_1.2,minmax,minkowski,8.22309299765831,3.552713678800501e-15,8.223092997658306,8.223092997658306,0.46018406780508136,5.551115123125783e-17,0.4601840678050813,0.4601840678050813,0.6448662194689182,1.1102230246251565e-16,0.6448662194689183,0.6448662194689183,0.6796462842212628,7.28021923224409e-17,0.6796462842212628,0.6796462842212629,0.8551724137931035,0.0,0.8551724137931035,0.8551724137931035,0.8551724137931035,0.0,0.8551724137931035,0.8551724137931035,0.8585281208533223,2.220446049250313e-16,0.8585281208533225,0.8585281208533225,5.0,0.0,5,5,3.3333333333333326,8.881784197001252e-16,3.3333333333333335,3.3333333333333335
iris,iqr_1.2,minmax,chebyshev,8.520587990977528,3.552713678800501e-15,8.520587990977525,8.520587990977525,0.4420875335467098,1.1102230246251565e-16,0.4420875335467097,0.4420875335467097,0.5895143253482358,1.1102230246251565e-16,0.5895143253482359,0.5895143253482359,0.6300030794273317,2.220446049250313e-16,0.6300030794273315,0.6300030794273315,0.8275862068965519,2.220446049250313e-16,0.8275862068965517,0.8275862068965517,0.8275862068965519,2.220446049250313e-16,0.8275862068965517,0.8275862068965517,0.8314988546601711,1.1102230246251565e-16,0.8314988546601713,0.8314988546601713,5.0,0.0,5,5,3.3333333333333326,8.881784197001252e-16,3.3333333333333335,3.3333333333333335
iris,iqr_1.2,minmax,correlation,17.483523552775765,0.16392215850315067,16.443168916205572,17.55197105999787,0.6948580278768898,0.038785679434491495,0.43999055146365346,0.7308358513290024,0.4268609348229346,0.017781649897798558,0.4173909603625801,0.5011662702980344,0.4658585383971834,0.032380455313723945,0.44784338679723823,0.5544593692992628,0.6816551724137931,0.03295541614108526,0.6206896551724138,0.7793103448275862,0.6860000000000003,0.02504606932404799,0.6413793103448275,0.7793103448275862,0.6626764884011649,0.06904792791644215,0.5315005727376861,0.77950228549963,5.0,0.0,5,5,3.3333333333333326,8.881784197001252e-16,3.3333333333333335,3.3333333333333335
iris,iqr_1.2,minmax,hamming,25.55602130061456,1.9019911413991097,21.69019754028751,31.74045642105416,0.06699299220288087,0.011870251326324799,0.026070026780372228,0.08737426103286489,0.26775365244664945,0.0350956021170519,0.18620329327692853,0.3388035735040719,0.3567413533583238,0.04190899937113567,0.27538643818978126,0.4503580406797932,0.584344827586207,0.04739948373415022,0.4689655172413793,0.6758620689655173,0.6106206896551725,0.023978190645562864,0.5586206896551724,0.6758620689655173,0.564352584184938,0.056347449668552374,0.46618773946360154,0.6635307781649246,5.0,0.0,5,5,3.3333333333333326,8.881784197001252e-16,3.3333333333333335,3.3333333333333335
iris,iqr_1.2,standard,euclidean,132.98674594811314,0.005728598655013616,132.98335032711293,132.996410407883,0.46693610464549906,0.0005644526008478238,0.4666015259430117,0.46788836710642456,0.5867348413273785,0.004203179329955991,0.5796438475283539,0.5892262715810898,0.6433789321298359,0.0024127014015456294,0.63930857268661,0.644809058420699,0.818896551724138,0.003025063751649842,0.8137931034482758,0.8206896551724138,0.818896551724138,0.003025063751649842,0.8137931034482758,0.8206896551724138,0.8226593783704287,0.003051387352783124,0.8175115207373272,0.8244680851063829,5.0,0.0,5,5,3.3333333333333326,8.881784197001252e-16,3.3333333333333335,3.3333333333333335
iris,iqr_1.2,standard,manhattan,137.46686507751036,0.31051680933200143,137.1833862028725,137.85274881502988,0.49852989374248785,0.0016636608442194703,0.496495379345597,0.500091124694543,0.6392842821501392,0.0057915523389828645,0.6333768725281169,0.6452342401013318,0.6772422457422037,0.00295359545747202,0.6742797638095792,0.6813813343956161,0.8517931034482757,0.0034475861379172448,0.8482758620689655,0.8551724137931035,0.8517931034482757,0.0034475861379172448,0.8482758620689655,0.8551724137931035,0.8550485546936389,0.0035051653662037177,0.8514729950900163,0.8585281208533225,5.0,0.0,5,5,3.3333333333333326,8.881784197001252e-16,3.3333333333333335,3.3333333333333335
iris,iqr_1.2,standard,cosine,137.27017890985667,5.684341886080802e-14,137.2701789098566,137.2701789098566,0.7367641278430125,2.220446049250313e-16,0.7367641278430123,0.7367641278430123,0.5643685815948327,1.1102230246251565e-16,0.5643685815948326,0.5643685815948326,0.6151720890088508,7.108895957933347e-17,0.6151720890088507,0.6151720890088508,0.8068965517241378,1.1102230246251565e-16,0.8068965517241379,0.8068965517241379,0.8068965517241378,1.1102230246251565e-16,0.8068965517241379,0.8068965517241379,0.809195309195309,2.220446049250313e-16,0.8091953091953092,0.8091953091953092,5.0,0.0,5,5,3.3333333333333326,8.881784197001252e-16,3.3333333333333335,3.3333333333333335
iris,iqr_1.2,standard,minkowski,133.9694745115837,2.842170943040401e-14,133.96947451158374,133.96947451158374,0.4543251948669555,1.1102230246251565e-16,0.4543251948669556,0.4543251948669556,0.5578120102100218,1.1102230246251565e-16,0.5578120102100219,0.5578120102100219,0.6064097368172323,1.1102230246251565e-16,0.6064097368172322,0.6064097368172322,0.8068965517241378,1.1102230246251565e-16,0.8068965517241379,0.8068965517241379,0.8068965517241378,1.1102230246251565e-16,0.8068965517241379,0.8068965517241379,0.8118565644881436,1.1102230246251565e-16,0.8118565644881435,0.8118565644881435,5.0,0.0,5,5,3.3333333333333326,8.881784197001252e-16,3.3333333333333335,3.3333333333333335
iris,iqr_1.2,standard,chebyshev,135.34188892628845,0.0,135.34188892628845,135.34188892628845,0.4242646036844607,1.1102230246251565e-16,0.42426460368446056,0.42426460368446056,0.5485359458444523,0.0,0.5485359458444523,0.5485359458444523,0.5990190460269688,8.30814836211045e-17,0.5990190460269686,0.5990190460269688,0.7999999999999998,2.220446049250313e-16,0.8,0.8,0.7999999999999998,2.220446049250313e-16,0.8,0.8,0.8053605653605653,1.1102230246251565e-16,0.8053605653605654,0.8053605653605654,5.0,0.0,5,5,3.3333333333333326,8.881784197001252e-16,3.3333333333333335,3.3333333333333335
iris,iqr_1.2,standard,correlation,246.7855669489471,0.6147713419158268,241.62672231991547,246.929253666661,0.6675382755561731,0.020380539833510004,0.4647576022246067,0.66961799562739,0.41880053203368023,0.0024271541161570535,0.4159142633627856,0.44183760287263635,0.4572991663677739,0.0017369283186623194,0.45544094489241865,0.4739537906911625,0.6825517241379311,0.0033009925362136026,0.6758620689655173,0.7103448275862069,0.6825517241379311,0.0033009925362136026,0.6758620689655173,0.7103448275862069,0.6837074825043676,0.0029661040920019284,0.6774047825346395,0.7081513256150832,5.0,0.0,5,5,3.3333333333333326,8.881784197001252e-16,3.3333333333333335,3.3333333333333335
iris,iqr_1.2,standard,hamming,365.6037903404027,25.026788756849005,313.481136693728,437.894056910269,0.06681371094126007,0.011774175417116811,0.026070026780372228,0.08737426103286489,0.26686246911535266,0.035247924438871016,0.18620329327692853,0.3388035735040719,0.35555166602791294,0.04269454870867354,0.2749328136659993,0.4503580406797932,0.5844137931034483,0.04599146899128379,0.4689655172413793,0.6758620689655173,0.6094482758620691,0.023923282059421725,0.5586206896551724,0.6758620689655173,0.5633101763424565,0.05529309256838717,0.46618773946360154,0.6635307781649246,5.0,0.0,5,5,3.3333333333333326,8.881784197001252e-16,3.3333333333333335,3.3333333333333335
iris,iqr_1.2,robust,euclidean,60.64939164125442,7.105427357601002e-15,60.649391641254425,60.649391641254425,0.455165725923061,0.0,0.455165725923061,0.455165725923061,0.5578928952030235,1.1102230246251565e-16,0.5578928952030234,0.5578928952030234,0.6050070418243612,1.1957467920563633e-16,0.6050070418243612,0.6050070418243614,0.8068965517241378,1.1102230246251565e-16,0.8068965517241379,0.8068965517241379,0.8068965517241378,1.1102230246251565e-16,0.8068965517241379,0.8068965517241379,0.8120945720945718,3.3306690738754696e-16,0.8120945720945721,0.8120945720945721,5.0,0.0,5,5,3.3333333333333326,8.881784197001252e-16,3.3333333333333335,3.3333333333333335
iris,iqr_1.2,robust,manhattan,64.44013471266216,0.0,64.44013471266216,64.44013471266216,0.4860819895344409,1.1102230246251565e-16,0.486081989534441,0.486081989534441,0.6210171865883207,0.0,0.6210171865883207,0.6210171865883207,0.6637849783863139,1.1102230246251565e-16,0.6637849783863138,0.6637849783863138,0.8413793103448279,3.3306690738754696e-16,0.8413793103448276,0.8413793103448276,0.8413793103448279,3.3306690738754696e-16,0.8413793103448276,0.8413793103448276,0.8450546085536388,0.0,0.8450546085536388,0.8450546085536388,5.0,0.0,5,5,3.3333333333333326,8.881784197001252e-16,3.3333333333333335,3.3333333333333335
iris,iqr_1.2,robust,cosine,64.86416257351982,0.0,64.86416257351982,64.86416257351982,0.7206422053699957,0.0,0.7206422053699957,0.7206422053699957,0.47869553446298874,1.6653345369377348e-16,0.4786955344629889,0.4786955344629889,0.5167457037455119,1.1102230246251565e-16,0.5167457037455118,0.5167457037455118,0.7517241379310345,1.1102230246251565e-16,0.7517241379310344,0.7517241379310344,0.7517241379310345,1.1102230246251565e-16,0.7517241379310344,0.7517241379310344,0.752816717664081,2.220446049250313e-16,0.7528167176640812,0.7528167176640812,5.0,0.0,5,5,3.3333333333333326,8.881784197001252e-16,3.3333333333333335,3.3333333333333335
iris,iqr_1.2,robust,minkowski,60.817772024415724,2.1316282072803006e-14,60.817772024415746,60.817772024415746,0.4380780227145848,0.0,0.4380780227145848,0.4380780227145848,0.5396795568984889,1.1102230246251565e-16,0.5396795568984888,0.5396795568984888,0.5934837072325202,1.485377172401009e-16,0.59348370723252,0.5934837072325202,0.7931034482758619,2.220446049250313e-16,0.7931034482758621,0.7931034482758621,0.7931034482758619,2.220446049250313e-16,0.7931034482758621,0.7931034482758621,0.7985866090533701,0.0,0.7985866090533701,0.7985866090533701,5.0,0.0,5,5,3.3333333333333326,8.881784197001252e-16,3.3333333333333335,3.3333333333333335
iris,iqr_1.2,robust,chebyshev,61.681768247171924,7.105427357601002e-15,61.68176824717192,61.68176824717192,0.40953125983688354,5.551115123125783e-17,0.4095312598368836,0.4095312598368836,0.5075893894095467,2.220446049250313e-16,0.5075893894095469,0.5075893894095469,0.5737255203095336,6.473657049138938e-17,0.5737255203095336,0.5737255203095337,0.7655172413793104,1.1102230246251565e-16,0.7655172413793103,0.7655172413793103,0.7655172413793104,1.1102230246251565e-16,0.7655172413793103,0.7655172413793103,0.771779846744486,1.1102230246251565e-16,0.7717798467444861,0.7717798467444861,5.0,0.0,5,5,3.3333333333333326,8.881784197001252e-16,3.3333333333333335,3.3333333333333335
iris,iqr_1.2,robust,correlation,98.99747848487623,0.4090811764546673,97.93920614182512,99.1556111338379,0.7113335174509677,0.002160297082923473,0.705744938002152,0.7121685925410206,0.3950248688618305,0.0009526329725937103,0.3925604554739751,0.3953931145404755,0.4107932925880384,0.0006485798022718073,0.4091154493957548,0.4110440047891842,0.6266896551724137,0.0023193340304552093,0.6206896551724138,0.6275862068965518,0.6344827586206899,2.220446049250313e-16,0.6344827586206897,0.6344827586206897,0.520839226779821,1.1102230246251565e-16,0.5208392267798209,0.5208392267798209,5.0,0.0,5,5,3.3333333333333326,8.881784197001252e-16,3.3333333333333335,3.3333333333333335
iris,iqr_1.2,robust,hamming,147.87381504112486,8.335216391773395,131.88108092152044,168.72605240912927,0.06625064201052143,0.010999728641205271,0.026070026780372228,0.08295470560655567,0.264043191352524,0.03572149505216877,0.18620329327692853,0.3388035735040719,0.3541557509580289,0.04145690488701064,0.2749328136659993,0.4503580406797932,0.5822758620689655,0.04573880245415862,0.4689655172413793,0.6758620689655173,0.607793103448276,0.02431765602948058,0.5586206896551724,0.6758620689655173,0.5591954738619125,0.053610293154377625,0.46618773946360154,0.6635307781649246,5.0,0.0,5,5,3.3333333333333326,8.881784197001252e-16,3.3333333333333335,3.3333333333333335
iris,iqr_1.8,none,euclidean,77.37023734451336,0.0,77.37023734451336,77.37023734451336,0.5532436549402958,1.1102230246251565e-16,0.5532436549402957,0.5532436549402957,0.7266293901799757,2.220446049250313e-16,0.7266293901799755,0.7266293901799755,0.7565280566037268,7.611305586242616e-17,0.7565280566037268,0.7565280566037269,0.8926174496644295,1.1102230246251565e-16,0.8926174496644296,0.8926174496644296,0.8926174496644295,1.1102230246251565e-16,0.8926174496644296,0.8926174496644296,0.8917748917748917,2.220446049250313e-16,0.8917748917748919,0.8917748917748919,1.0,0.0,1,1,0.6666666666666669,2.220446049250313e-16,0.6666666666666666,0.6666666666666666
iris,iqr_1.8,none,manhattan,79.90999999999997,2.842170943040401e-14,79.91,79.91,0.5631872375856861,1.1102230246251565e-16,0.563187237585686,0.563187237585686,0.7135001955523095,2.220446049250313e-16,0.7135001955523093,0.7135001955523093,0.7490383499465897,1.7235296186091125e-16,0.7490383499465898,0.7490383499465899,0.8859060402684562,2.220446049250313e-16,0.8859060402684564,0.8859060402684564,0.8859060402684562,2.220446049250313e-16,0.8859060402684564,0.8859060402684564,0.8847184077577731,0.0,0.8847184077577731,0.8847184077577731,1.0,0.0,1,1,0.6666666666666669,2.220446049250313e-16,0.6666666666666666,0.6666666666666666
iris,iqr_1.8,none,cosine,90.50810509711131,0.0,90.50810509711131,90.50810509711131,0.7472169842574253,2.220446049250313e-16,0.7472169842574256,0.7472169842574256,0.9211918194640338,0.0,0.9211918194640338,0.9211918194640338,0.9137836738196354,1.1102230246251565e-16,0.9137836738196353,0.9137836738196355,0.9731543624161073,1.1102230246251565e-16,0.9731543624161074,0.9731543624161074,0.9731543624161073,1.1102230246251565e-16,0.9731543624161074,0.9731543624161074,0.9732905982905983,1.1102230246251565e-16,0.9732905982905984,0.9732905982905984,1.0,0.0,1,1,0.6666666666666669,2.220446049250313e-16,0.6666666666666666,0.6666666666666666
iris,iqr_1.8,none,minkowski,77.37446174434466,1.4210854715202004e-14,77.37446174434464,77.37446174434464,0.5498348384901599,0.0,0.5498348384901599,0.5498348384901599,0.7125412410390898,2.220446049250313e-16,0.7125412410390896,0.7125412410390896,0.7401557628464959,1.7970529571352417e-16,0.7401557628464956,0.7401557628464958,0.8859060402684562,2.220446049250313e-16,0.8859060402684564,0.8859060402684564,0.8859060402684562,2.220446049250313e-16,0.8859060402684564,0.8859060402684564,0.8852785369639302,0.0,0.8852785369639302,0.8852785369639302,1.0,0.0,1,1,0.6666666666666669,2.220446049250313e-16,0.6666666666666666,0.6666666666666666
iris,iqr_1.8,none,chebyshev,77.9262986054281,1.4210854715202004e-14,77.92629860542812,77.92629860542812,0.545028312392092,1.1102230246251565e-16,0.5450283123920922,0.5450283123920922,0.7117371947716468,1.1102230246251565e-16,0.7117371947716469,0.7117371947716469,0.7334979201476046,2.819616784322031e-16,0.7334979201476048,0.733497920147605,0.8859060402684562,2.220446049250313e-16,0.8859060402684564,0.8859060402684564,0.8859060402684562,2.220446049250313e-16,0.8859060402684564,0.8859060402684564,0.8857411701448399,0.0,0.8857411701448399,0.8857411701448399,1.0,0.0,1,1,0.6666666666666669,2.220446049250313e-16,0.6666666666666666,0.6666666666666666
iris,iqr_1.8,none,correlation,92.88019591836735,0.0,92.88019591836735,92.88019591836735,0.8046250655299361,0.0,0.8046250655299361,0.8046250655299361,0.8841202426916709,3.3306690738754696e-16,0.8841202426916712,0.8841202426916712,0.861340112745918,2.220446049250313e-16,0.8613401127459178,0.8613401127459178,0.9597315436241608,2.220446049250313e-16,0.959731543624161,0.959731543624161,0.9597315436241608,2.220446049250313e-16,0.959731543624161,0.959731543624161,0.96,0.0,0.96,0.96,1.0,0.0,1,1,0.6666666666666669,2.220446049250313e-16,0.6666666666666666,0.6666666666666666
iris,iqr_1.8,none,hamming,359.95849999999996,38.131359072946765,279.65999999999997,476.62,0.06645631809281634,0.010944390213127552,0.03786580703274128,0.09149544857698405,0.2704420210917205,0.030632182929348394,0.20844965200257767,0.3459020339959122,0.3532436074052444,0.04054534885448032,0.26144279036563106,0.45919891547220865,0.5866442953020135,0.0461781546077216,0.48322147651006714,0.6845637583892618,0.6118120805369128,0.020679855218867914,0.5637583892617449,0.6845637583892618,0.5564089420047121,0.052807943435838646,0.47092078298353474,0.683263390153154,1.0,0.0,1,1,0.6666666666666669,2.220446049250313e-16,0.6666666666666666,0.6666666666666666
iris,iqr_1.8,minmax,euclidean,7.241860955275696,1.7763568394002505e-15,7.241860955275694,7.241860955275694,0.49968805105474323,1.6653345369377348e-16,0.4996880510547434,0.4996880510547434,0.7125412410390898,2.220446049250313e-16,0.7125412410390896,0.7125412410390896,0.7401557628464959,1.807312143953211e-16,0.7401557628464956,0.7401557628464958,0.8859060402684562,2.220446049250313e-16,0.8859060402684564,0.8859060402684564,0.8859060402684562,2.220446049250313e-16,0.8859060402684564,0.8859060402684564,0.8852785369639302,0.0,0.8852785369639302,0.8852785369639302,1.0,0.0,1,1,0.6666666666666669,2.220446049250313e-16,0.6666666666666666,0.6666666666666666
iris,iqr_1.8,minmax,manhattan,7.5309464860161315,0.01493164828633114,7.518754846242727,7.549233945676239,0.5283726858337272,0.00024177249143986123,0.5280765762147926,0.5285700922463502,0.7105200506727241,0.013153220628674758,0.6997804910012231,0.7266293901799755,0.7423013579427004,0.011616050814617062,0.732816892168683,0.7565280566037269,0.8845637583892616,0.006575811390022,0.8791946308724832,0.8926174496644296,0.8845637583892616,0.006575811390022,0.8791946308724832,0.8926174496644296,0.8836580086580088,0.006627407312725089,0.8782467532467533,0.8917748917748919,1.0,0.0,1,1,0.6666666666666669,2.220446049250313e-16,0.6666666666666666,0.6666666666666666
iris,iqr_1.8,minmax,cosine,11.085214330113443,0.08714746268769034,11.02941170958506,11.45503536214451,0.6227057536013562,0.016007523610247345,0.5678903298863133,0.6373127694825347,0.5002606355922603,0.002712474954321182,0.49745781998013133,0.5115184956019287,0.5892707166321484,0.0023519909960211275,0.5858021495799409,0.5930202840040185,0.6940268456375839,0.011550450611487356,0.6845637583892618,0.738255033557047,0.6940268456375839,0.011550450611487356,0.6845637583892618,0.738255033557047,0.6876631858259628,0.014491901383443799,0.6749317010754919,0.7397657892102892,1.0,0.0,1,1,0.6666666666666669,2.220446049250313e-16,0.6666666666666666,0.6666666666666666
iris,iqr_1.8,minmax,minkowski,7.252713037171666,0.0,7.252713037171666,7.252713037171666,0.4800058739745821,0.0,0.4800058739745821,0.4800058739745821,0.6988580035601807,1.1102230246251565e-16,0.6988580035601808,0.6988580035601808,0.7258852686886095,6.080941944488117e-17,0.7258852686886094,0.7258852686886095,0.8791946308724835,3.3306690738754696e-16,0.8791946308724832,0.8791946308724832,0.8791946308724835,3.3306690738754696e-16,0.8791946308724832,0.8791946308724832,0.8787878787878788,1.1102230246251565e-16,0.8787878787878789,0.8787878787878789,1.0,0.0,1,1,0.6666666666666669,2.220446049250313e-16,0.6666666666666666,0.6666666666666666
iris,iqr_1.8,minmax,chebyshev,7.352344305642691,2.6645352591003757e-15,7.352344305642694,7.352344305642694,0.4502051831538796,0.0,0.4502051831538796,0.4502051831538796,0.6735588114473502,2.220446049250313e-16,0.6735588114473504,0.6735588114473504,0.7061456899714055,1.25607396694702e-16,0.7061456899714053,0.7061456899714055,0.8657718120805369,0.0,0.8657718120805369,0.8657718120805369,0.8657718120805369,0.0,0.8657718120805369,0.8657718120805369,0.865319865319865,3.3306690738754696e-16,0.8653198653198654,0.8653198653198654,1.0,0.0,1,1,0.6666666666666669,2.220446049250313e-16,0.6666666666666666,0.6666666666666666
iris,iqr_1.8,minmax,correlation,11.56025827762926,0.028847334590043853,11.2734332097072,11.564024653745888,0.7175950830541851,0.02629849803236877,0.45593109620229133,0.7209659200119358,0.49602868645521797,0.005378225572884173,0.49388754404442214,0.5477082272645962,0.5822549270548969,0.0015987861058933427,0.5810982745180763,0.5955673049681633,0.7092617449664431,0.008322147651006709,0.7046979865771812,0.785234899328859,0.7092617449664431,0.008322147651006709,0.7046979865771812,0.785234899328859,0.7109786467669172,0.008085631888035594,0.7061965811965812,0.7847451209153338,1.0,0.0,1,1,0.6666666666666669,2.220446049250313e-16,0.6666666666666666,0.6666666666666666
iris,iqr_1.8,minmax,hamming,24.388098100536283,1.919627487018098,20.72750555099921,31.413403230682416,0.06705898082838409,0.01088741355361093,0.041358377152278664,0.09149544857698405,0.27030298893218296,0.0299520341611664,0.20844965200257767,0.3459020339959122,0.355475629459859,0.03964437230040394,0.26144279036563106,0.45919891547220865,0.5913422818791946,0.047635832729097986,0.48322147651006714,0.6845637583892618,0.6146979865771812,0.022542644102167258,0.5637583892617449,0.6845637583892618,0.5616321802807479,0.05420205838993386,0.47092078298353474,0.683263390153154,1.0,0.0,1,1,0.6666666666666669,2.220446049250313e-16,0.6666666666666666,0.6666666666666666
iris,iqr_1.8,standard,euclidean,137.87590685264362,0.008598716183249868,137.8729976190786,137.90871119756864,0.4613222238561416,0.0006069301905142177,0.46064226715168743,0.46361836068201,0.6128296826863784,0.005284118900977284,0.595747961044771,0.6150051194844962,0.655787126034389,0.0033334128380647916,0.6454926774284997,0.6571862170651074,0.8307382550335572,0.0036241610738254985,0.8187919463087249,0.8322147651006712,0.8307382550335572,0.0036241610738254985,0.8187919463087249,0.8322147651006712,0.8317065493875658,0.003648369114230019,0.8195488721804511,0.8331831982117239,1.0,0.0,1,1,0.6666666666666669,2.220446049250313e-16,0.6666666666666666,0.6666666666666666
iris,iqr_1.8,standard,manhattan,141.6347583465562,0.5811038392532871,141.05921729485874,143.41226764848528,0.4983529424363394,0.002102993644732574,0.49269517530982704,0.5006294185705268,0.6615949568757417,0.010302217271913357,0.6483200281691691,0.671632581100141,0.6900009187242441,0.006449303391763554,0.6816664528869777,0.6960877158602244,0.8599999999999998,0.005928875926270536,0.8523489932885906,0.8657718120805369,0.8599999999999998,0.005928875926270536,0.8523489932885906,0.8657718120805369,0.8605674372208315,0.006033411279908399,0.85280342566573,0.8664529914529915,1.0,0.0,1,1,0.6666666666666669,2.220446049250313e-16,0.6666666666666666,0.6666666666666666
iris,iqr_1.8,standard,cosine,141.1281942960583,0.09254465242679188,141.10280451976308,141.46551560969385,0.7405223637925196,0.0003827923752809137,0.740417344080186,0.7419176256849515,0.5817257230263094,0.004589467413761577,0.5804665951578302,0.598454136136106,0.6256760751191802,0.007444416249900976,0.6236336873822711,0.652810655052401,0.8125503355704695,0.0017123960835131618,0.8120805369127517,0.8187919463087249,0.8125503355704695,0.0017123960835131618,0.8120805369127517,0.8187919463087249,0.8121999465004215,0.0015351007797825907,0.8117787890983768,0.8177953234133009,1.0,0.0,1,1,0.6666666666666669,2.220446049250313e-16,0.6666666666666666,0.6666666666666666
iris,iqr_1.8,standard,minkowski,139.26176576796937,2.842170943040401e-14,139.2617657679694,139.2617657679694,0.4424373952582104,0.0,0.4424373952582104,0.4424373952582104,0.6072214762145859,1.1102230246251565e-16,0.607221476214586,0.607221476214586,0.6369422363487303,8.15843973306311e-17,0.6369422363487303,0.6369422363487304,0.8322147651006712,0.0,0.8322147651006712,0.8322147651006712,0.8322147651006712,0.0,0.8322147651006712,0.8322147651006712,0.8333725775243401,1.1102230246251565e-16,0.83337257752434,0.83337257752434,1.0,0.0,1,1,0.6666666666666669,2.220446049250313e-16,0.6666666666666666,0.6666666666666666
iris,iqr_1.8,standard,chebyshev,140.0404832118807,5.684341886080802e-14,140.04048321188077,140.04048321188077,0.42301774944939524,5.551115123125783e-17,0.4230177494493953,0.4230177494493953,0.5566416958482687,2.220446049250313e-16,0.5566416958482685,0.5566416958482685,0.6024578596934805,1.1102230246251565e-16,0.6024578596934806,0.6024578596934806,0.7986577181208054,1.1102230246251565e-16,0.7986577181208053,0.7986577181208053,0.7986577181208054,1.1102230246251565e-16,0.7986577181208053,0.7986577181208053,0.8007533703409991,2.220446049250313e-16,0.8007533703409994,0.8007533703409994,1.0,0.0,1,1,0.6666666666666669,2.220446049250313e-16,0.6666666666666666,0.6666666666666666
iris,iqr_1.8,standard,correlation,212.81815565124373,8.526512829121202e-14,212.8181556512438,212.8181556512438,0.6967230132663396,3.3306690738754696e-16,0.6967230132663399,0.6967230132663399,0.4540539059181409,5.551115123125783e-17,0.4540539059181408,0.4540539059181408,0.5087068409328841,0.0,0.5087068409328841,0.5087068409328841,0.6845637583892615,2.220446049250313e-16,0.6845637583892618,0.6845637583892618,0.6845637583892615,2.220446049250313e-16,0.6845637583892618,0.6845637583892618,0.681913940629537,0.0,0.681913940629537,0.681913940629537,1.0,0.0,1,1,0.6666666666666669,2.220446049250313e-16,0.6666666666666666,0.6666666666666666
iris,iqr_1.8,standard,hamming,372.99646987112015,27.1458499046495,326.58111168603716,472.6364166959258,0.06746762109248623,0.010781634286246107,0.041358377152278664,0.09149544857698405,0.2700432766140738,0.030920308867742528,0.20844965200257767,0.3459020339959122,0.3550724691995146,0.04036263133770605,0.24719925696519407,0.45919891547220865,0.5942281879194631,0.046307946691254355,0.48322147651006714,0.6845637583892618,0.6156375838926175,0.02301250191435868,0.5637583892617449,0.6845637583892618,0.5644127819718908,0.05420686582417572,0.47092078298353474,0.683263390153154,1.0,0.0,1,1,0.6666666666666669,2.220446049250313e-16,0.6666666666666666,0.6666666666666666
iris,iqr_1.8,robust,euclidean,69.21338983055696,1.4210854715202004e-14,69.21338983055695,69.21338983055695,0.4482539443286713,0.0,0.4482539443286713,0.4482539443286713,0.5748162403295268,1.1102230246251565e-16,0.5748162403295267,0.5748162403295267,0.6136668312724166,2.342018036142089e-16,0.6136668312724163,0.6136668312724165,0.8120805369127515,2.220446049250313e-16,0.8120805369127517,0.8120805369127517,0.8120805369127515,2.220446049250313e-16,0.8120805369127517,0.8120805369127517,0.8141512150002143,2.220446049250313e-16,0.8141512150002145,0.8141512150002145,1.0,0.0,1,1,0.6666666666666669,2.220446049250313e-16,0.6666666666666666,0.6666666666666666
iris,iqr_1.8,robust,manhattan,73.39316507668154,0.0,73.39316507668154,73.39316507668154,0.48275133361543515,1.1102230246251565e-16,0.48275133361543526,0.48275133361543526,0.6363595021904229,1.1102230246251565e-16,0.6363595021904228,0.6363595021904228,0.6713680462269818,2.947845977841313e-16,0.6713680462269814,0.6713680462269815,0.8456375838926173,1.1102230246251565e-16,0.8456375838926175,0.8456375838926175,0.8456375838926173,1.1102230246251565e-16,0.8456375838926175,0.8456375838926175,0.8465285423547861,1.1102230246251565e-16,0.846528542354786,0.846528542354786,1.0,0.0,1,1,0.6666666666666669,2.220446049250313e-16,0.6666666666666666,0.6666666666666666
iris,iqr_1.8,robust,cosine,73.52348137414072,1.4210854715202004e-14,73.5234813741407,73.5234813741407,0.7217628456312549,4.440892098500626e-16,0.7217628456312545,0.7217628456312545,0.49630983612424046,1.1102230246251565e-16,0.49630983612424057,0.49630983612424057,0.526243125410276,2.220446049250313e-16,0.5262431254102762,0.5262431254102762,0.7583892617449665,0.0,0.7583892617449665,0.7583892617449665,0.7583892617449665,0.0,0.7583892617449665,0.7583892617449665,0.7564429896344791,0.0,0.7564429896344791,0.7564429896344791,1.0,0.0,1,1,0.6666666666666669,2.220446049250313e-16,0.6666666666666666,0.6666666666666666
iris,iqr_1.8,robust,minkowski,69.30588219858619,0.0,69.30588219858619,69.30588219858619,0.4287159848971467,1.6653345369377348e-16,0.42871598489714685,0.42871598489714685,0.5570893227924367,1.1102230246251565e-16,0.5570893227924368,0.5570893227924368,0.6022844475499466,8.005932084973443e-17,0.6022844475499466,0.6022844475499467,0.7986577181208054,1.1102230246251565e-16,0.7986577181208053,0.7986577181208053,0.7986577181208054,1.1102230246251565e-16,0.7986577181208053,0.7986577181208053,0.8008540029260655,3.3306690738754696e-16,0.8008540029260658,0.8008540029260658,1.0,0.0,1,1,0.6666666666666669,2.220446049250313e-16,0.6666666666666666,0.6666666666666666
iris,iqr_1.8,robust,chebyshev,72.86409011299024,0.0992341393107639,72.85411670673301,73.8514573324532,0.4013436872908514,0.00035217211873265835,0.3978396189524693,0.40137908192053207,0.49084861579276906,0.00036359732542243895,0.48723086808316,0.4908851586989266,0.5568359421672154,0.002284653984631838,0.5341039220387725,0.5570655585321489,0.7316107382550338,0.0006677768034272609,0.7315436241610739,0.738255033557047,0.7316107382550338,0.0006677768034272609,0.7315436241610739,0.738255033557047,0.7288832023950989,0.0006149900767712969,0.7288213935667825,0.7350022763984257,1.0,0.0,1,1,0.6666666666666669,2.220446049250313e-16,0.6666666666666666,0.6666666666666666
iris,iqr_1.8,robust,correlation,107.08968505082201,1.4210854715202004e-14,107.08968505082203,107.08968505082203,0.6925432027145262,2.220446049250313e-16,0.692543202714526,0.692543202714526,0.35060907297399224,1.1102230246251565e-16,0.35060907297399213,0.35060907297399213,0.36120434437605964,1.1102230246251565e-16,0.3612043443760595,0.3612043443760595,0.6510067114093959,0.0,0.6510067114093959,0.6510067114093959,0.6510067114093959,0.0,0.6510067114093959,0.6510067114093959,0.6375757575757577,1.1102230246251565e-16,0.6375757575757576,0.6375757575757576,1.0,0.0,1,1,0.6666666666666669,2.220446049250313e-16,0.6666666666666666,0.6666666666666666
iris,iqr_1.8,robust,hamming,162.30675125119078,11.238165949409973,139.4423346616753,202.83126621851892,0.06682349726128865,0.01024378725042936,0.041358377152278664,0.08363035582163846,0.26718129720088074,0.030546490677131447,0.20255535997833607,0.3459020339959122,0.35420694297596306,0.03893332670853741,0.24719925696519407,0.45919891547220865,0.5963087248322148,0.04621988365575057,0.48322147651006714,0.6845637583892618,0.616241610738255,0.023640552580653305,0.5637583892617449,0.6845637583892618,0.5664771984747808,0.053632386152072616,0.473093302361595,0.683263390153154,1.0,0.0,1,1,0.6666666666666669,2.220446049250313e-16,0.6666666666666666,0.6666666666666666
iris,zscore_robust,none,euclidean,78.85144142614604,2.842170943040401e-14,78.85144142614601,78.85144142614601,0.5528190123564102,1.1102230246251565e-16,0.5528190123564101,0.5528190123564101,0.7302382722834697,0.0,0.7302382722834697,0.7302382722834697,0.7581756800057784,0.0,0.7581756800057784,0.7581756800057784,0.8933333333333331,2.220446049250313e-16,0.8933333333333333,0.8933333333333333,0.8933333333333331,2.220446049250313e-16,0.8933333333333333,0.8933333333333333,0.8917748917748917,2.220446049250313e-16,0.8917748917748919,0.8917748917748919,0.0,0.0,0,0,0.0,0.0,0.0,0.0
iris,zscore_robust,none,manhattan,81.44,0.0,81.44,81.44,0.5629417175431172,0.0,0.5629417175431172,0.5629417175431172,0.7172759168337548,1.1102230246251565e-16,0.7172759168337549,0.7172759168337549,0.7507393176128088,1.762424413785662e-16,0.7507393176128085,0.7507393176128088,0.8866666666666668,1.1102230246251565e-16,0.8866666666666667,0.8866666666666667,0.8866666666666668,1.1102230246251565e-16,0.8866666666666667,0.8866666666666667,0.8847184077577731,0.0,0.8847184077577731,0.8847184077577731,0.0,0.0,0,0,0.0,0.0,0.0,0.0
iris,zscore_robust,none,cosine,91.98930917874394,1.4210854715202004e-14,91.98930917874395,91.98930917874395,0.7485238922885508,2.220446049250313e-16,0.748523892288551,0.748523892288551,0.9222414299226979,2.220446049250313e-16,0.9222414299226981,0.9222414299226981,0.9143625311854002,3.3306690738754696e-16,0.9143625311853999,0.9143625311853999,0.9733333333333332,2.220446049250313e-16,0.9733333333333334,0.9733333333333334,0.9733333333333332,2.220446049250313e-16,0.9733333333333334,0.9733333333333334,0.9732905982905983,1.1102230246251565e-16,0.9732905982905984,0.9732905982905984,0.0,0.0,0,0,0.0,0.0,0.0,0.0
iris,zscore_robust,none,minkowski,78.85566582597733,2.842170943040401e-14,78.8556658259773,78.8556658259773,0.5493885701588411,1.1102230246251565e-16,0.549388570158841,0.549388570158841,0.7163421126838475,1.1102230246251565e-16,0.7163421126838476,0.7163421126838476,0.7419116631817834,2.220446049250313e-16,0.7419116631817836,0.7419116631817836,0.8866666666666668,1.1102230246251565e-16,0.8866666666666667,0.8866666666666667,0.8866666666666668,1.1102230246251565e-16,0.8866666666666667,0.8866666666666667,0.8852785369639302,0.0,0.8852785369639302,0.8852785369639302,0.0,0.0,0,0,0.0,0.0,0.0,0.0
iris,zscore_robust,none,chebyshev,79.40750268706074,2.842170943040401e-14,79.40750268706077,79.40750268706077,0.5447351327818114,0.0,0.5447351327818114,0.5447351327818114,0.7155592175135398,2.220446049250313e-16,0.7155592175135396,0.7155592175135396,0.7352943572511148,2.730787568572e-16,0.7352943572511145,0.7352943572511146,0.8866666666666668,1.1102230246251565e-16,0.8866666666666667,0.8866666666666667,0.8866666666666668,1.1102230246251565e-16,0.8866666666666667,0.8866666666666667,0.8857411701448399,0.0,0.8857411701448399,0.8857411701448399,0.0,0.0,0,0,0.0,0.0,0.0,0.0
iris,zscore_robust,none,correlation,94.36139999999999,1.4210854715202004e-14,94.3614,94.3614,0.8055770269167283,4.440892098500626e-16,0.8055770269167287,0.8055770269167287,0.8856653061224489,1.1102230246251565e-16,0.885665306122449,0.885665306122449,0.8622701718997609,3.3306690738754696e-16,0.8622701718997605,0.8622701718997605,0.96,0.0,0.96,0.96,0.96,0.0,0.96,0.96,0.96,0.0,0.96,0.96,0.0,0.0,0,0,0.0,0.0,0.0,0.0
iris,zscore_robust,none,hamming,374.9592999999999,48.8474063642073,271.31,552.97,0.06389305414680488,0.011567522770252976,0.029177908002960322,0.08433988651015056,0.26174770970465067,0.04210929100085972,0.14719208468905645,0.33861606932382865,0.34398091576152856,0.052342935865458476,0.2080530223443488,0.46077466849210974,0.5710666666666667,0.04978370996398097,0.4533333333333333,0.6666666666666666,0.6049333333333333,0.02425091063582286,0.5466666666666666,0.6666666666666666,0.5439590895517198,0.05293283178383662,0.44906910132474037,0.6649806146094587,0.0,0.0,0,0,0.0,0.0,0.0,0.0
iris,zscore_robust,minmax,euclidean,6.9822164737852335,8.881784197001252e-16,6.982216473785234,6.982216473785234,0.5047687565398588,0.0,0.5047687565398588,0.5047687565398588,0.7163421126838475,1.1102230246251565e-16,0.7163421126838476,0.7163421126838476,0.7419116631817834,2.220446049250313e-16,0.7419116631817836,0.7419116631817836,0.8866666666666668,1.1102230246251565e-16,0.8866666666666667,0.8866666666666667,0.8866666666666668,1.1102230246251565e-16,0.8866666666666667,0.8866666666666667,0.8852785369639302,0.0,0.8852785369639302,0.8852785369639302,0.0,0.0,0,0,0.0,0.0,0.0,0.0
iris,zscore_robust,minmax,manhattan,7.192498031642673,0.0,7.192498031642673,7.192498031642673,0.5319975951850625,1.1102230246251565e-16,0.5319975951850624,0.5319975951850624,0.7436826319432356,2.220446049250313e-16,0.7436826319432358,0.7436826319432358,0.7660355440487249,3.3306690738754696e-16,0.7660355440487252,0.7660355440487252,0.9000000000000005,4.440892098500626e-16,0.9,0.9,0.9000000000000005,4.440892098500626e-16,0.9,0.9,0.8987751796740561,0.0,0.8987751796740561,0.8987751796740561,0.0,0.0,0,0,0.0,0.0,0.0,0.0
iris,zscore_robust,minmax,cosine,10.67571021728429,0.21537501238311116,10.469573136154779,11.176761843012976,0.6031293579856151,0.011290216031362144,0.5685386648222076,0.6133812361666798,0.5050167369832885,0.005392845788014184,0.5008747759269195,0.5274899292702139,0.5898224137959609,0.0026470077736831564,0.5866200485922519,0.6001736861189073,0.6932666666666668,0.018293775504860162,0.68,0.7533333333333333,0.6932666666666668,0.018293775504860162,0.68,0.7533333333333333,0.6866923593711968,0.02063313668312543,0.6715927750410509,0.7533086641997534,0.0,0.0,0,0,0.0,0.0,0.0,0.0
iris,zscore_robust,minmax,minkowski,6.9822164737852335,8.881784197001252e-16,6.982216473785234,6.982216473785234,0.48880081371961837,1.1102230246251565e-16,0.48880081371961825,0.48880081371961825,0.7163421126838475,1.1102230246251565e-16,0.7163421126838476,0.7163421126838476,0.7419116631817834,2.220446049250313e-16,0.7419116631817836,0.7419116631817836,0.8866666666666668,1.1102230246251565e-16,0.8866666666666667,0.8866666666666667,0.8866666666666668,1.1102230246251565e-16,0.8866666666666667,0.8866666666666667,0.8852785369639302,0.0,0.8852785369639302,0.8852785369639302,0.0,0.0,0,0,0.0,0.0,0.0,0.0
iris,zscore_robust,minmax,chebyshev,7.119485488580791,0.007860223682057594,7.10148327695335,7.124227844139643,0.4468161005468855,0.0017138231232267417,0.4461532178235505,0.4551068592491913,0.6862966888195021,0.004663208295963191,0.676454462051257,0.6885525109503922,0.7067574885717578,0.002770454932401916,0.7004099176605741,0.7081288291800829,0.8720666666666665,0.0026153393661243773,0.8666666666666667,0.8733333333333333,0.8720666666666665,0.0026153393661243773,0.8666666666666667,0.8733333333333333,0.8716920422901957,0.0027368244634879317,0.8653198653198654,0.873015873015873,0.0,0.0,0,0,0.0,0.0,0.0,0.0
iris,zscore_robust,minmax,correlation,11.199514587227187,0.14137643799860106,10.209879521236978,11.219711221226985,0.7402523638990963,0.04019804389717104,0.4588660566188989,0.7459949415986921,0.5211910941033099,0.0053839739230451605,0.5204219549714462,0.5588789115646259,0.598096851846826,0.003071766854576216,0.5976580280104582,0.6195992198288598,0.7409333333333332,0.006533333333333328,0.74,0.7866666666666666,0.7409333333333332,0.006533333333333328,0.74,0.7866666666666666,0.7388525993883794,0.006830581039755363,0.7378768020969856,0.7866666666666667,0.0,0.0,0,0,0.0,0.0,0.0,0.0
iris,zscore_robust,minmax,hamming,24.719015533176574,2.5325408499098114,19.78893629127787,33.9464596278386,0.0642176629058593,0.011277853738987343,0.029177908002960322,0.08376504232885316,0.2619194277290996,0.04118120187277801,0.14719208468905645,0.33861606932382865,0.3452925346427761,0.05146826844561782,0.2080530223443488,0.46077466849210974,0.5758000000000001,0.05123935119721083,0.4533333333333333,0.6666666666666666,0.6075333333333333,0.0249560502572912,0.5466666666666666,0.6666666666666666,0.549693167545912,0.05430736064337626,0.44906910132474037,0.6649806146094587,0.0,0.0,0,0,0.0,0.0,0.0,0.0
iris,zscore_robust,standard,euclidean,139.82074327484938,0.0010762779668430332,139.82049635974982,139.82543466174207,0.45991972328217534,0.0001242980266867565,0.45937792074496625,0.45994823920518635,0.6196320643691142,0.002193034058456164,0.6100728505285608,0.6201351808870379,0.6591404581890972,0.0015100731321960625,0.6525582020084985,0.659486892724918,0.8329999999999999,0.0014529663145135675,0.8266666666666667,0.8333333333333334,0.8329999999999999,0.0014529663145135675,0.8266666666666667,0.8333333333333334,0.8328539035805833,0.0014353620197944956,0.8265973055889022,0.8331831982117239,0.0,0.0,0,0,0.0,0.0,0.0,0.0
iris,zscore_robust,standard,manhattan,143.84454127436797,0.6708963185767122,143.09639304895185,145.3141226010585,0.49685808466123615,0.002929462788317146,0.49185960672360857,0.5000013790375397,0.6661653198922766,0.009647209169092551,0.6529974105499732,0.676005958011242,0.6919789663623849,0.005972157477980117,0.6838063565338025,0.6981281862909945,0.8610000000000002,0.005607534613753566,0.8533333333333334,0.8666666666666667,0.8610000000000002,0.005607534613753566,0.8533333333333334,0.8666666666666667,0.8606561601659161,0.00576930822319516,0.85280342566573,0.8666133119914633,0.0,0.0,0,0,0.0,0.0,0.0,0.0
iris,zscore_robust,standard,cosine,143.33318729274214,0.08459996166585401,143.2990534676725,143.54286650388423,0.7403425818486318,0.0006835525110375348,0.7400667866664802,0.7420367522532787,0.588304192182141,0.006237419424660367,0.5857875600308373,0.6037635039687198,0.6301992149259595,0.010069715360232004,0.6261363537161065,0.655156790929341,0.8142666666666666,0.002313246876386306,0.8133333333333334,0.82,0.8142666666666666,0.002313246876386306,0.8133333333333334,0.82,0.8126808074673244,0.002063570587719465,0.8118482118482119,0.8177953234133009,0.0,0.0,0,0,0.0,0.0,0.0,0.0
iris,zscore_robust,standard,minkowski,141.02742883856118,0.10099685687057236,140.98667930419825,141.27774740679047,0.44264210346057853,0.0008387143788091709,0.44056336765669213,0.44298050231237396,0.5946179497528977,0.011634617387960055,0.5899236923696451,0.6234541022500214,0.6260053911436024,0.008876086596958531,0.6224241272607622,0.6480045835667618,0.8227999999999998,0.006939740629158993,0.82,0.84,0.8227999999999998,0.006939740629158993,0.82,0.84,0.8235199536683301,0.006599035532930086,0.8208574190752408,0.8398755233115941,0.0,0.0,0,0,0.0,0.0,0.0,0.0
iris,zscore_robust,standard,chebyshev,142.17668182244617,0.0,142.17668182244617,142.17668182244617,0.4200317362247558,0.0,0.4200317362247558,0.4200317362247558,0.562314538042555,2.220446049250313e-16,0.5623145380425548,0.5623145380425548,0.605089118670696,1.1102230246251565e-16,0.6050891186706961,0.6050891186706961,0.7999999999999998,2.220446049250313e-16,0.8,0.8,0.7999999999999998,2.220446049250313e-16,0.8,0.8,0.800822793090834,3.3306690738754696e-16,0.8008227930908344,0.8008227930908344,0.0,0.0,0,0,0.0,0.0,0.0,0.0
iris,zscore_robust,standard,correlation,213.56045467102737,8.526512829121202e-14,213.5604546710273,213.5604546710273,0.703150203579851,1.1102230246251565e-16,0.7031502035798511,0.7031502035798511,0.4607208091493033,2.220446049250313e-16,0.4607208091493035,0.4607208091493035,0.5118052176366665,1.1102230246251565e-16,0.5118052176366666,0.5118052176366666,0.6866666666666668,1.1102230246251565e-16,0.6866666666666666,0.6866666666666666,0.6866666666666668,1.1102230246251565e-16,0.6866666666666666,0.6866666666666666,0.6821139606315373,1.1102230246251565e-16,0.6821139606315372,0.6821139606315372,0.0,0.0,0,0,0.0,0.0,0.0,0.0
iris,zscore_robust,standard,hamming,384.83553320761223,35.50604643191358,319.54666428205263,519.1906856789864,0.06463722335774691,0.01094474983722796,0.029177908002960322,0.08376504232885316,0.26326428629094845,0.039936552558652146,0.14719208468905645,0.33861606932382865,0.3465452656266623,0.050446693709247675,0.2080530223443488,0.46077466849210974,0.5781333333333334,0.04982707876022613,0.4533333333333333,0.6666666666666666,0.6088666666666667,0.024130294467973466,0.5466666666666666,0.6666666666666666,0.551101364246668,0.054690240978573404,0.44906910132474037,0.6649806146094587,0.0,0.0,0,0,0.0,0.0,0.0,0.0
iris,zscore_robust,robust,euclidean,73.18403620977304,2.842170943040401e-14,73.18403620977307,73.18403620977307,0.4436401311295237,5.551115123125783e-17,0.44364013112952366,0.44364013112952366,0.5802520019642171,1.1102230246251565e-16,0.580252001964217,0.580252001964217,0.6162206156967887,1.336885555457667e-16,0.6162206156967884,0.6162206156967887,0.8133333333333331,2.220446049250313e-16,0.8133333333333334,0.8133333333333334,0.8133333333333331,2.220446049250313e-16,0.8133333333333334,0.8133333333333334,0.8142206377500497,2.220446049250313e-16,0.8142206377500495,0.8142206377500495,0.0,0.0,0,0,0.0,0.0,0.0,0.0
iris,zscore_robust,robust,manhattan,77.70088368286169,0.0,77.70088368286169,77.70088368286169,0.48019011964107156,1.1102230246251565e-16,0.48019011964107144,0.48019011964107144,0.6412050161871702,0.0,0.6412050161871702,0.6412050161871702,0.6735735454651062,3.3306690738754696e-16,0.6735735454651065,0.6735735454651065,0.8466666666666666,1.1102230246251565e-16,0.8466666666666667,0.8466666666666667,0.8466666666666666,1.1102230246251565e-16,0.8466666666666667,0.8466666666666667,0.8465285423547861,1.1102230246251565e-16,0.846528542354786,0.846528542354786,0.0,0.0,0,0,0.0,0.0,0.0,0.0
iris,zscore_robust,robust,cosine,77.66215476611922,2.842170943040401e-14,77.66215476611924,77.66215476611924,0.7216238496917863,2.220446049250313e-16,0.7216238496917865,0.7216238496917865,0.5022731346445273,1.1102230246251565e-16,0.5022731346445274,0.5022731346445274,0.5291248611347416,8.45520665245115e-17,0.5291248611347416,0.5291248611347417,0.7600000000000001,1.1102230246251565e-16,0.76,0.76,0.7600000000000001,1.1102230246251565e-16,0.76,0.76,0.7567044275429757,0.0,0.7567044275429757,0.7567044275429757,0.0,0.0,0,0,0.0,0.0,0.0,0.0
iris,zscore_robust,robust,minkowski,73.27652857780231,0.0,73.27652857780231,73.27652857780231,0.4231046059470308,1.1102230246251565e-16,0.4231046059470309,0.4231046059470309,0.5627609512809313,2.220446049250313e-16,0.5627609512809315,0.5627609512809315,0.6049149817392229,0.0,0.6049149817392229,0.6049149817392229,0.7999999999999998,2.220446049250313e-16,0.8,0.8,0.7999999999999998,2.220446049250313e-16,0.8,0.8,0.8009234256759009,1.1102230246251565e-16,0.8009234256759008,0.8009234256759008,0.0,0.0,0,0,0.0,0.0,0.0,0.0
iris,zscore_robust,robust,chebyshev,76.82584335829296,0.6893069279926438,76.72737094000829,81.65099185424145,0.3951014503346288,0.0017583492024791172,0.3827930059172749,0.39535264307784,0.49589388894426917,0.008435475761996549,0.4368455586102932,0.49709895691026856,0.5587329391574962,0.00892072737724531,0.4962878475167791,0.5600073287828171,0.7335999999999998,0.001866666666666678,0.7333333333333333,0.7466666666666667,0.7335999999999998,0.001866666666666678,0.7333333333333333,0.7466666666666667,0.7294336918558588,0.0032940245314724247,0.7289631169227916,0.752491863576166,0.0,0.0,0,0,0.0,0.0,0.0,0.0
iris,zscore_robust,robust,correlation,112.48631044241752,0.3433568791618916,111.24968344874709,112.62801974966246,0.7058167859817891,0.01184283627339469,0.6945476196930175,0.7190006339810832,0.3885137977425089,0.03460005488560602,0.3552752531268211,0.4248468133777729,0.39714844328725535,0.035441432902073224,0.36310023943047515,0.4343061918437805,0.6402666666666665,0.006661331198291613,0.6333333333333333,0.6466666666666666,0.6434666666666666,0.0033306655991457786,0.64,0.6466666666666666,0.5791187730558712,0.05379571965191039,0.5231264127977743,0.63080402867873,0.0,0.0,0,0,0.0,0.0,0.0,0.0
iris,zscore_robust,robust,hamming,172.0736591984328,14.38152707364422,143.67313019093234,228.85727381287813,0.06473456512321686,0.010710305914293174,0.034209626922677934,0.08376504232885316,0.2628174118681067,0.04047839999781237,0.14719208468905645,0.33861606932382865,0.3462619099982268,0.05135133807441903,0.2080530223443488,0.46077466849210974,0.5786000000000001,0.05321065056295904,0.4533333333333333,0.68,0.6104,0.026555099949601643,0.5466666666666666,0.68,0.5521218293697199,0.057761515672693275,0.44906910132474037,0.666092853416797,0.0,0.0,0,0,0.0,0.0,0.0,0.0
iris,zscore_robust_2.5,none,euclidean,78.85144142614604,2.842170943040401e-14,78.85144142614601,78.85144142614601,0.5528190123564102,1.1102230246251565e-16,0.5528190123564101,0.5528190123564101,0.7302382722834697,0.0,0.7302382722834697,0.7302382722834697,0.7581756800057784,0.0,0.7581756800057784,0.7581756800057784,0.8933333333333331,2.220446049250313e-16,0.8933333333333333,0.8933333333333333,0.8933333333333331,2.220446049250313e-16,0.8933333333333333,0.8933333333333333,0.8917748917748917,2.220446049250313e-16,0.8917748917748919,0.8917748917748919,0.0,0.0,0,0,0.0,0.0,0.0,0.0
iris,zscore_robust_2.5,none,manhattan,81.44,0.0,81.44,81.44,0.5629417175431172,0.0,0.5629417175431172,0.5629417175431172,0.7172759168337548,1.1102230246251565e-16,0.7172759168337549,0.7172759168337549,0.7507393176128088,1.762424413785662e-16,0.7507393176128085,0.7507393176128088,0.8866666666666668,1.1102230246251565e-16,0.8866666666666667,0.8866666666666667,0.8866666666666668,1.1102230246251565e-16,0.8866666666666667,0.8866666666666667,0.8847184077577731,0.0,0.8847184077577731,0.8847184077577731,0.0,0.0,0,0,0.0,0.0,0.0,0.0
iris,zscore_robust_2.5,none,cosine,91.98930917874394,1.4210854715202004e-14,91.98930917874395,91.98930917874395,0.7485238922885508,2.220446049250313e-16,0.748523892288551,0.748523892288551,0.9222414299226979,2.220446049250313e-16,0.9222414299226981,0.9222414299226981,0.9143625311854002,3.3306690738754696e-16,0.9143625311853999,0.9143625311853999,0.9733333333333332,2.220446049250313e-16,0.9733333333333334,0.9733333333333334,0.9733333333333332,2.220446049250313e-16,0.9733333333333334,0.9733333333333334,0.9732905982905983,1.1102230246251565e-16,0.9732905982905984,0.9732905982905984,0.0,0.0,0,0,0.0,0.0,0.0,0.0
iris,zscore_robust_2.5,none,minkowski,78.85566582597733,2.842170943040401e-14,78.8556658259773,78.8556658259773,0.5493885701588411,1.1102230246251565e-16,0.549388570158841,0.549388570158841,0.7163421126838475,1.1102230246251565e-16,0.7163421126838476,0.7163421126838476,0.7419116631817834,2.220446049250313e-16,0.7419116631817836,0.7419116631817836,0.8866666666666668,1.1102230246251565e-16,0.8866666666666667,0.8866666666666667,0.8866666666666668,1.1102230246251565e-16,0.8866666666666667,0.8866666666666667,0.8852785369639302,0.0,0.8852785369639302,0.8852785369639302,0.0,0.0,0,0,0.0,0.0,0.0,0.0
iris,zscore_robust_2.5,none,chebyshev,79.40750268706074,2.842170943040401e-14,79.40750268706077,79.40750268706077,0.5447351327818114,0.0,0.5447351327818114,0.5447351327818114,0.7155592175135398,2.220446049250313e-16,0.7155592175135396,0.7155592175135396,0.7352943572511148,2.730787568572e-16,0.7352943572511145,0.7352943572511146,0.8866666666666668,1.1102230246251565e-16,0.8866666666666667,0.8866666666666667,0.8866666666666668,1.1102230246251565e-16,0.8866666666666667,0.8866666666666667,0.8857411701448399,0.0,0.8857411701448399,0.8857411701448399,0.0,0.0,0,0,0.0,0.0,0.0,0.0
iris,zscore_robust_2.5,none,correlation,94.36139999999999,1.4210854715202004e-14,94.3614,94.3614,0.8055770269167283,4.440892098500626e-16,0.8055770269167287,0.8055770269167287,0.8856653061224489,1.1102230246251565e-16,0.885665306122449,0.885665306122449,0.8622701718997609,3.3306690738754696e-16,0.8622701718997605,0.8622701718997605,0.96,0.0,0.96,0.96,0.96,0.0,0.96,0.96,0.96,0.0,0.96,0.96,0.0,0.0,0,0,0.0,0.0,0.0,0.0
iris,zscore_robust_2.5,none,hamming,374.9592999999999,48.8474063642073,271.31,552.97,0.06389305414680488,0.011567522770252976,0.029177908002960322,0.08433988651015056,0.26174770970465067,0.04210929100085972,0.14719208468905645,0.33861606932382865,0.34398091576152856,0.052342935865458476,0.2080530223443488,0.46077466849210974,0.5710666666666667,0.04978370996398097,0.4533333333333333,0.6666666666666666,0.6049333333333333,0.02425091063582286,0.5466666666666666,0.6666666666666666,0.5439590895517198,0.05293283178383662,0.44906910132474037,0.6649806146094587,0.0,0.0,0,0,0.0,0.0,0.0,0.0
iris,zscore_robust_2.5,minmax,euclidean,6.9822164737852335,8.881784197001252e-16,6.982216473785234,6.982216473785234,0.5047687565398588,0.0,0.5047687565398588,0.5047687565398588,0.7163421126838475,1.1102230246251565e-16,0.7163421126838476,0.7163421126838476,0.7419116631817834,2.220446049250313e-16,0.7419116631817836,0.7419116631817836,0.8866666666666668,1.1102230246251565e-16,0.8866666666666667,0.8866666666666667,0.8866666666666668,1.1102230246251565e-16,0.8866666666666667,0.8866666666666667,0.8852785369639302,0.0,0.8852785369639302,0.8852785369639302,0.0,0.0,0,0,0.0,0.0,0.0,0.0
iris,zscore_robust_2.5,minmax,manhattan,7.192498031642673,0.0,7.192498031642673,7.192498031642673,0.5319975951850625,1.1102230246251565e-16,0.5319975951850624,0.5319975951850624,0.7436826319432356,2.220446049250313e-16,0.7436826319432358,0.7436826319432358,0.7660355440487249,3.3306690738754696e-16,0.7660355440487252,0.7660355440487252,0.9000000000000005,4.440892098500626e-16,0.9,0.9,0.9000000000000005,4.440892098500626e-16,0.9,0.9,0.8987751796740561,0.0,0.8987751796740561,0.8987751796740561,0.0,0.0,0,0,0.0,0.0,0.0,0.0
iris,zscore_robust_2.5,minmax,cosine,10.67571021728429,0.21537501238311116,10.469573136154779,11.176761843012976,0.6031293579856151,0.011290216031362144,0.5685386648222076,0.6133812361666798,0.5050167369832885,0.005392845788014184,0.5008747759269195,0.5274899292702139,0.5898224137959609,0.0026470077736831564,0.5866200485922519,0.6001736861189073,0.6932666666666668,0.018293775504860162,0.68,0.7533333333333333,0.6932666666666668,0.018293775504860162,0.68,0.7533333333333333,0.6866923593711968,0.02063313668312543,0.6715927750410509,0.7533086641997534,0.0,0.0,0,0,0.0,0.0,0.0,0.0
iris,zscore_robust_2.5,minmax,minkowski,6.9822164737852335,8.881784197001252e-16,6.982216473785234,6.982216473785234,0.48880081371961837,1.1102230246251565e-16,0.48880081371961825,0.48880081371961825,0.7163421126838475,1.1102230246251565e-16,0.7163421126838476,0.7163421126838476,0.7419116631817834,2.220446049250313e-16,0.7419116631817836,0.7419116631817836,0.8866666666666668,1.1102230246251565e-16,0.8866666666666667,0.8866666666666667,0.8866666666666668,1.1102230246251565e-16,0.8866666666666667,0.8866666666666667,0.8852785369639302,0.0,0.8852785369639302,0.8852785369639302,0.0,0.0,0,0,0.0,0.0,0.0,0.0
iris,zscore_robust_2.5,minmax,chebyshev,7.119485488580791,0.007860223682057594,7.10148327695335,7.124227844139643,0.4468161005468855,0.0017138231232267417,0.4461532178235505,0.4551068592491913,0.6862966888195021,0.004663208295963191,0.676454462051257,0.6885525109503922,0.7067574885717578,0.002770454932401916,0.7004099176605741,0.7081288291800829,0.8720666666666665,0.0026153393661243773,0.8666666666666667,0.8733333333333333,0.8720666666666665,0.0026153393661243773,0.8666666666666667,0.8733333333333333,0.8716920422901957,0.0027368244634879317,0.8653198653198654,0.873015873015873,0.0,0.0,0,0,0.0,0.0,0.0,0.0
iris,zscore_robust_2.5,minmax,correlation,11.199514587227187,0.14137643799860106,10.209879521236978,11.219711221226985,0.7402523638990963,0.04019804389717104,0.4588660566188989,0.7459949415986921,0.5211910941033099,0.0053839739230451605,0.5204219549714462,0.5588789115646259,0.598096851846826,0.003071766854576216,0.5976580280104582,0.6195992198288598,0.7409333333333332,0.006533333333333328,0.74,0.7866666666666666,0.7409333333333332,0.006533333333333328,0.74,0.7866666666666666,0.7388525993883794,0.006830581039755363,0.7378768020969856,0.7866666666666667,0.0,0.0,0,0,0.0,0.0,0.0,0.0
iris,zscore_robust_2.5,minmax,hamming,24.719015533176574,2.5325408499098114,19.78893629127787,33.9464596278386,0.0642176629058593,0.011277853738987343,0.029177908002960322,0.08376504232885316,0.2619194277290996,0.04118120187277801,0.14719208468905645,0.33861606932382865,0.3452925346427761,0.05146826844561782,0.2080530223443488,0.46077466849210974,0.5758000000000001,0.05123935119721083,0.4533333333333333,0.6666666666666666,0.6075333333333333,0.0249560502572912,0.5466666666666666,0.6666666666666666,0.549693167545912,0.05430736064337626,0.44906910132474037,0.6649806146094587,0.0,0.0,0,0,0.0,0.0,0.0,0.0
iris,zscore_robust_2.5,standard,euclidean,139.82074327484938,0.0010762779668430332,139.82049635974982,139.82543466174207,0.45991972328217534,0.0001242980266867565,0.45937792074496625,0.45994823920518635,0.6196320643691142,0.002193034058456164,0.6100728505285608,0.6201351808870379,0.6591404581890972,0.0015100731321960625,0.6525582020084985,0.659486892724918,0.8329999999999999,0.0014529663145135675,0.8266666666666667,0.8333333333333334,0.8329999999999999,0.0014529663145135675,0.8266666666666667,0.8333333333333334,0.8328539035805833,0.0014353620197944956,0.8265973055889022,0.8331831982117239,0.0,0.0,0,0,0.0,0.0,0.0,0.0
iris,zscore_robust_2.5,standard,manhattan,143.84454127436797,0.6708963185767122,143.09639304895185,145.3141226010585,0.49685808466123615,0.002929462788317146,0.49185960672360857,0.5000013790375397,0.6661653198922766,0.009647209169092551,0.6529974105499732,0.676005958011242,0.6919789663623849,0.005972157477980117,0.6838063565338025,0.6981281862909945,0.8610000000000002,0.005607534613753566,0.8533333333333334,0.8666666666666667,0.8610000000000002,0.005607534613753566,0.8533333333333334,0.8666666666666667,0.8606561601659161,0.00576930822319516,0.85280342566573,0.8666133119914633,0.0,0.0,0,0,0.0,0.0,0.0,0.0
iris,zscore_robust_2.5,standard,cosine,143.33318729274214,0.08459996166585401,143.2990534676725,143.54286650388423,0.7403425818486318,0.0006835525110375348,0.7400667866664802,0.7420367522532787,0.588304192182141,0.006237419424660367,0.5857875600308373,0.6037635039687198,0.6301992149259595,0.010069715360232004,0.6261363537161065,0.655156790929341,0.8142666666666666,0.002313246876386306,0.8133333333333334,0.82,0.8142666666666666,0.002313246876386306,0.8133333333333334,0.82,0.8126808074673244,0.002063570587719465,0.8118482118482119,0.8177953234133009,0.0,0.0,0,0,0.0,0.0,0.0,0.0
iris,zscore_robust_2.5,standard,minkowski,141.02742883856118,0.10099685687057236,140.98667930419825,141.27774740679047,0.44264210346057853,0.0008387143788091709,0.44056336765669213,0.44298050231237396,0.5946179497528977,0.011634617387960055,0.5899236923696451,0.6234541022500214,0.6260053911436024,0.008876086596958531,0.6224241272607622,0.6480045835667618,0.8227999999999998,0.006939740629158993,0.82,0.84,0.8227999999999998,0.006939740629158993,0.82,0.84,0.8235199536683301,0.006599035532930086,0.8208574190752408,0.8398755233115941,0.0,0.0,0,0,0.0,0.0,0.0,0.0
iris,zscore_robust_2.5,standard,chebyshev,142.17668182244617,0.0,142.17668182244617,142.17668182244617,0.4200317362247558,0.0,0.4200317362247558,0.4200317362247558,0.562314538042555,2.220446049250313e-16,0.5623145380425548,0.5623145380425548,0.605089118670696,1.1102230246251565e-16,0.6050891186706961,0.6050891186706961,0.7999999999999998,2.220446049250313e-16,0.8,0.8,0.7999999999999998,2.220446049250313e-16,0.8,0.8,0.800822793090834,3.3306690738754696e-16,0.8008227930908344,0.8008227930908344,0.0,0.0,0,0,0.0,0.0,0.0,0.0
iris,zscore_robust_2.5,standard,correlation,213.56045467102737,8.526512829121202e-14,213.5604546710273,213.5604546710273,0.703150203579851,1.1102230246251565e-16,0.7031502035798511,0.7031502035798511,0.4607208091493033,2.220446049250313e-16,0.4607208091493035,0.4607208091493035,0.5118052176366665,1.1102230246251565e-16,0.5118052176366666,0.5118052176366666,0.6866666666666668,1.1102230246251565e-16,0.6866666666666666,0.6866666666666666,0.6866666666666668,1.1102230246251565e-16,0.6866666666666666,0.6866666666666666,0.6821139606315373,1.1102230246251565e-16,0.6821139606315372,0.6821139606315372,0.0,0.0,0,0,0.0,0.0,0.0,0.0
iris,zscore_robust_2.5,standard,hamming,384.83553320761223,35.50604643191358,319.54666428205263,519.1906856789864,0.06463722335774691,0.01094474983722796,0.029177908002960322,0.08376504232885316,0.26326428629094845,0.039936552558652146,0.14719208468905645,0.33861606932382865,0.3465452656266623,0.050446693709247675,0.2080530223443488,0.46077466849210974,0.5781333333333334,0.04982707876022613,0.4533333333333333,0.6666666666666666,0.6088666666666667,0.024130294467973466,0.5466666666666666,0.6666666666666666,0.551101364246668,0.054690240978573404,0.44906910132474037,0.6649806146094587,0.0,0.0,0,0,0.0,0.0,0.0,0.0
iris,zscore_robust_2.5,robust,euclidean,73.18403620977304,2.842170943040401e-14,73.18403620977307,73.18403620977307,0.4436401311295237,5.551115123125783e-17,0.44364013112952366,0.44364013112952366,0.5802520019642171,1.1102230246251565e-16,0.580252001964217,0.580252001964217,0.6162206156967887,1.336885555457667e-16,0.6162206156967884,0.6162206156967887,0.8133333333333331,2.220446049250313e-16,0.8133333333333334,0.8133333333333334,0.8133333333333331,2.220446049250313e-16,0.8133333333333334,0.8133333333333334,0.8142206377500497,2.220446049250313e-16,0.8142206377500495,0.8142206377500495,0.0,0.0,0,0,0.0,0.0,0.0,0.0
iris,zscore_robust_2.5,robust,manhattan,77.70088368286169,0.0,77.70088368286169,77.70088368286169,0.48019011964107156,1.1102230246251565e-16,0.48019011964107144,0.48019011964107144,0.6412050161871702,0.0,0.6412050161871702,0.6412050161871702,0.6735735454651062,3.3306690738754696e-16,0.6735735454651065,0.6735735454651065,0.8466666666666666,1.1102230246251565e-16,0.8466666666666667,0.8466666666666667,0.8466666666666666,1.1102230246251565e-16,0.8466666666666667,0.8466666666666667,0.8465285423547861,1.1102230246251565e-16,0.846528542354786,0.846528542354786,0.0,0.0,0,0,0.0,0.0,0.0,0.0
iris,zscore_robust_2.5,robust,cosine,77.66215476611922,2.842170943040401e-14,77.66215476611924,77.66215476611924,0.7216238496917863,2.220446049250313e-16,0.7216238496917865,0.7216238496917865,0.5022731346445273,1.1102230246251565e-16,0.5022731346445274,0.5022731346445274,0.5291248611347416,8.45520665245115e-17,0.5291248611347416,0.5291248611347417,0.7600000000000001,1.1102230246251565e-16,0.76,0.76,0.7600000000000001,1.1102230246251565e-16,0.76,0.76,0.7567044275429757,0.0,0.7567044275429757,0.7567044275429757,0.0,0.0,0,0,0.0,0.0,0.0,0.0
iris,zscore_robust_2.5,robust,minkowski,73.27652857780231,0.0,73.27652857780231,73.27652857780231,0.4231046059470308,1.1102230246251565e-16,0.4231046059470309,0.4231046059470309,0.5627609512809313,2.220446049250313e-16,0.5627609512809315,0.5627609512809315,0.6049149817392229,0.0,0.6049149817392229,0.6049149817392229,0.7999999999999998,2.220446049250313e-16,0.8,0.8,0.7999999999999998,2.220446049250313e-16,0.8,0.8,0.8009234256759009,1.1102230246251565e-16,0.8009234256759008,0.8009234256759008,0.0,0.0,0,0,0.0,0.0,0.0,0.0
iris,zscore_robust_2.5,robust,chebyshev,76.82584335829296,0.6893069279926438,76.72737094000829,81.65099185424145,0.3951014503346288,0.0017583492024791172,0.3827930059172749,0.39535264307784,0.49589388894426917,0.008435475761996549,0.4368455586102932,0.49709895691026856,0.5587329391574962,0.00892072737724531,0.4962878475167791,0.5600073287828171,0.7335999999999998,0.001866666666666678,0.7333333333333333,0.7466666666666667,0.7335999999999998,0.001866666666666678,0.7333333333333333,0.7466666666666667,0.7294336918558588,0.0032940245314724247,0.7289631169227916,0.752491863576166,0.0,0.0,0,0,0.0,0.0,0.0,0.0
iris,zscore_robust_2.5,robust,correlation,112.48631044241752,0.3433568791618916,111.24968344874709,112.62801974966246,0.7058167859817891,0.01184283627339469,0.6945476196930175,0.7190006339810832,0.3885137977425089,0.03460005488560602,0.3552752531268211,0.4248468133777729,0.39714844328725535,0.035441432902073224,0.36310023943047515,0.4343061918437805,0.6402666666666665,0.006661331198291613,0.6333333333333333,0.6466666666666666,0.6434666666666666,0.0033306655991457786,0.64,0.6466666666666666,0.5791187730558712,0.05379571965191039,0.5231264127977743,0.63080402867873,0.0,0.0,0,0,0.0,0.0,0.0,0.0
iris,zscore_robust_2.5,robust,hamming,172.0736591984328,14.38152707364422,143.67313019093234,228.85727381287813,0.06473456512321686,0.010710305914293174,0.034209626922677934,0.08376504232885316,0.2628174118681067,0.04047839999781237,0.14719208468905645,0.33861606932382865,0.3462619099982268,0.05135133807441903,0.2080530223443488,0.46077466849210974,0.5786000000000001,0.05321065056295904,0.4533333333333333,0.68,0.6104,0.026555099949601643,0.5466666666666666,0.68,0.5521218293697199,0.057761515672693275,0.44906910132474037,0.666092853416797,0.0,0.0,0,0,0.0,0.0,0.0,0.0
iris,zscore_robust_3.5,none,euclidean,78.85144142614604,2.842170943040401e-14,78.85144142614601,78.85144142614601,0.5528190123564102,1.1102230246251565e-16,0.5528190123564101,0.5528190123564101,0.7302382722834697,0.0,0.7302382722834697,0.7302382722834697,0.7581756800057784,0.0,0.7581756800057784,0.7581756800057784,0.8933333333333331,2.220446049250313e-16,0.8933333333333333,0.8933333333333333,0.8933333333333331,2.220446049250313e-16,0.8933333333333333,0.8933333333333333,0.8917748917748917,2.220446049250313e-16,0.8917748917748919,0.8917748917748919,0.0,0.0,0,0,0.0,0.0,0.0,0.0
iris,zscore_robust_3.5,none,manhattan,81.44,0.0,81.44,81.44,0.5629417175431172,0.0,0.5629417175431172,0.5629417175431172,0.7172759168337548,1.1102230246251565e-16,0.7172759168337549,0.7172759168337549,0.7507393176128088,1.762424413785662e-16,0.7507393176128085,0.7507393176128088,0.8866666666666668,1.1102230246251565e-16,0.8866666666666667,0.8866666666666667,0.8866666666666668,1.1102230246251565e-16,0.8866666666666667,0.8866666666666667,0.8847184077577731,0.0,0.8847184077577731,0.8847184077577731,0.0,0.0,0,0,0.0,0.0,0.0,0.0
iris,zscore_robust_3.5,none,cosine,91.98930917874394,1.4210854715202004e-14,91.98930917874395,91.98930917874395,0.7485238922885508,2.220446049250313e-16,0.748523892288551,0.748523892288551,0.9222414299226979,2.220446049250313e-16,0.9222414299226981,0.9222414299226981,0.9143625311854002,3.3306690738754696e-16,0.9143625311853999,0.9143625311853999,0.9733333333333332,2.220446049250313e-16,0.9733333333333334,0.9733333333333334,0.9733333333333332,2.220446049250313e-16,0.9733333333333334,0.9733333333333334,0.9732905982905983,1.1102230246251565e-16,0.9732905982905984,0.9732905982905984,0.0,0.0,0,0,0.0,0.0,0.0,0.0
iris,zscore_robust_3.5,none,minkowski,78.85566582597733,2.842170943040401e-14,78.8556658259773,78.8556658259773,0.5493885701588411,1.1102230246251565e-16,0.549388570158841,0.549388570158841,0.7163421126838475,1.1102230246251565e-16,0.7163421126838476,0.7163421126838476,0.7419116631817834,2.220446049250313e-16,0.7419116631817836,0.7419116631817836,0.8866666666666668,1.1102230246251565e-16,0.8866666666666667,0.8866666666666667,0.8866666666666668,1.1102230246251565e-16,0.8866666666666667,0.8866666666666667,0.8852785369639302,0.0,0.8852785369639302,0.8852785369639302,0.0,0.0,0,0,0.0,0.0,0.0,0.0
iris,zscore_robust_3.5,none,chebyshev,79.40750268706074,2.842170943040401e-14,79.40750268706077,79.40750268706077,0.5447351327818114,0.0,0.5447351327818114,0.5447351327818114,0.7155592175135398,2.220446049250313e-16,0.7155592175135396,0.7155592175135396,0.7352943572511148,2.730787568572e-16,0.7352943572511145,0.7352943572511146,0.8866666666666668,1.1102230246251565e-16,0.8866666666666667,0.8866666666666667,0.8866666666666668,1.1102230246251565e-16,0.8866666666666667,0.8866666666666667,0.8857411701448399,0.0,0.8857411701448399,0.8857411701448399,0.0,0.0,0,0,0.0,0.0,0.0,0.0
iris,zscore_robust_3.5,none,correlation,94.36139999999999,1.4210854715202004e-14,94.3614,94.3614,0.8055770269167283,4.440892098500626e-16,0.8055770269167287,0.8055770269167287,0.8856653061224489,1.1102230246251565e-16,0.885665306122449,0.885665306122449,0.8622701718997609,3.3306690738754696e-16,0.8622701718997605,0.8622701718997605,0.96,0.0,0.96,0.96,0.96,0.0,0.96,0.96,0.96,0.0,0.96,0.96,0.0,0.0,0,0,0.0,0.0,0.0,0.0
iris,zscore_robust_3.5,none,hamming,374.9592999999999,48.8474063642073,271.31,552.97,0.06389305414680488,0.011567522770252976,0.029177908002960322,0.08433988651015056,0.26174770970465067,0.04210929100085972,0.14719208468905645,0.33861606932382865,0.34398091576152856,0.052342935865458476,0.2080530223443488,0.46077466849210974,0.5710666666666667,0.04978370996398097,0.4533333333333333,0.6666666666666666,0.6049333333333333,0.02425091063582286,0.5466666666666666,0.6666666666666666,0.5439590895517198,0.05293283178383662,0.44906910132474037,0.6649806146094587,0.0,0.0,0,0,0.0,0.0,0.0,0.0
iris,zscore_robust_3.5,minmax,euclidean,6.9822164737852335,8.881784197001252e-16,6.982216473785234,6.982216473785234,0.5047687565398588,0.0,0.5047687565398588,0.5047687565398588,0.7163421126838475,1.1102230246251565e-16,0.7163421126838476,0.7163421126838476,0.7419116631817834,2.220446049250313e-16,0.7419116631817836,0.7419116631817836,0.8866666666666668,1.1102230246251565e-16,0.8866666666666667,0.8866666666666667,0.8866666666666668,1.1102230246251565e-16,0.8866666666666667,0.8866666666666667,0.8852785369639302,0.0,0.8852785369639302,0.8852785369639302,0.0,0.0,0,0,0.0,0.0,0.0,0.0
iris,zscore_robust_3.5,minmax,manhattan,7.192498031642673,0.0,7.192498031642673,7.192498031642673,0.5319975951850625,1.1102230246251565e-16,0.5319975951850624,0.5319975951850624,0.7436826319432356,2.220446049250313e-16,0.7436826319432358,0.7436826319432358,0.7660355440487249,3.3306690738754696e-16,0.7660355440487252,0.7660355440487252,0.9000000000000005,4.440892098500626e-16,0.9,0.9,0.9000000000000005,4.440892098500626e-16,0.9,0.9,0.8987751796740561,0.0,0.8987751796740561,0.8987751796740561,0.0,0.0,0,0,0.0,0.0,0.0,0.0
iris,zscore_robust_3.5,minmax,cosine,10.67571021728429,0.21537501238311116,10.469573136154779,11.176761843012976,0.6031293579856151,0.011290216031362144,0.5685386648222076,0.6133812361666798,0.5050167369832885,0.005392845788014184,0.5008747759269195,0.5274899292702139,0.5898224137959609,0.0026470077736831564,0.5866200485922519,0.6001736861189073,0.6932666666666668,0.018293775504860162,0.68,0.7533333333333333,0.6932666666666668,0.018293775504860162,0.68,0.7533333333333333,0.6866923593711968,0.02063313668312543,0.6715927750410509,0.7533086641997534,0.0,0.0,0,0,0.0,0.0,0.0,0.0
iris,zscore_robust_3.5,minmax,minkowski,6.9822164737852335,8.881784197001252e-16,6.982216473785234,6.982216473785234,0.48880081371961837,1.1102230246251565e-16,0.48880081371961825,0.48880081371961825,0.7163421126838475,1.1102230246251565e-16,0.7163421126838476,0.7163421126838476,0.7419116631817834,2.220446049250313e-16,0.7419116631817836,0.7419116631817836,0.8866666666666668,1.1102230246251565e-16,0.8866666666666667,0.8866666666666667,0.8866666666666668,1.1102230246251565e-16,0.8866666666666667,0.8866666666666667,0.8852785369639302,0.0,0.8852785369639302,0.8852785369639302,0.0,0.0,0,0,0.0,0.0,0.0,0.0
iris,zscore_robust_3.5,minmax,chebyshev,7.119485488580791,0.007860223682057594,7.10148327695335,7.124227844139643,0.4468161005468855,0.0017138231232267417,0.4461532178235505,0.4551068592491913,0.6862966888195021,0.004663208295963191,0.676454462051257,0.6885525109503922,0.7067574885717578,0.002770454932401916,0.7004099176605741,0.7081288291800829,0.8720666666666665,0.0026153393661243773,0.8666666666666667,0.8733333333333333,0.8720666666666665,0.0026153393661243773,0.8666666666666667,0.8733333333333333,0.8716920422901957,0.0027368244634879317,0.8653198653198654,0.873015873015873,0.0,0.0,0,0,0.0,0.0,0.0,0.0
iris,zscore_robust_3.5,minmax,correlation,11.199514587227187,0.14137643799860106,10.209879521236978,11.219711221226985,0.7402523638990963,0.04019804389717104,0.4588660566188989,0.7459949415986921,0.5211910941033099,0.0053839739230451605,0.5204219549714462,0.5588789115646259,0.598096851846826,0.003071766854576216,0.5976580280104582,0.6195992198288598,0.7409333333333332,0.006533333333333328,0.74,0.7866666666666666,0.7409333333333332,0.006533333333333328,0.74,0.7866666666666666,0.7388525993883794,0.006830581039755363,0.7378768020969856,0.7866666666666667,0.0,0.0,0,0,0.0,0.0,0.0,0.0
iris,zscore_robust_3.5,minmax,hamming,24.719015533176574,2.5325408499098114,19.78893629127787,33.9464596278386,0.0642176629058593,0.011277853738987343,0.029177908002960322,0.08376504232885316,0.2619194277290996,0.04118120187277801,0.14719208468905645,0.33861606932382865,0.3452925346427761,0.05146826844561782,0.2080530223443488,0.46077466849210974,0.5758000000000001,0.05123935119721083,0.4533333333333333,0.6666666666666666,0.6075333333333333,0.0249560502572912,0.5466666666666666,0.6666666666666666,0.549693167545912,0.05430736064337626,0.44906910132474037,0.6649806146094587,0.0,0.0,0,0,0.0,0.0,0.0,0.0
iris,zscore_robust_3.5,standard,euclidean,139.82074327484938,0.0010762779668430332,139.82049635974982,139.82543466174207,0.45991972328217534,0.0001242980266867565,0.45937792074496625,0.45994823920518635,0.6196320643691142,0.002193034058456164,0.6100728505285608,0.6201351808870379,0.6591404581890972,0.0015100731321960625,0.6525582020084985,0.659486892724918,0.8329999999999999,0.0014529663145135675,0.8266666666666667,0.8333333333333334,0.8329999999999999,0.0014529663145135675,0.8266666666666667,0.8333333333333334,0.8328539035805833,0.0014353620197944956,0.8265973055889022,0.8331831982117239,0.0,0.0,0,0,0.0,0.0,0.0,0.0
iris,zscore_robust_3.5,standard,manhattan,143.84454127436797,0.6708963185767122,143.09639304895185,145.3141226010585,0.49685808466123615,0.002929462788317146,0.49185960672360857,0.5000013790375397,0.6661653198922766,0.009647209169092551,0.6529974105499732,0.676005958011242,0.6919789663623849,0.005972157477980117,0.6838063565338025,0.6981281862909945,0.8610000000000002,0.005607534613753566,0.8533333333333334,0.8666666666666667,0.8610000000000002,0.005607534613753566,0.8533333333333334,0.8666666666666667,0.8606561601659161,0.00576930822319516,0.85280342566573,0.8666133119914633,0.0,0.0,0,0,0.0,0.0,0.0,0.0
iris,zscore_robust_3.5,standard,cosine,143.33318729274214,0.08459996166585401,143.2990534676725,143.54286650388423,0.7403425818486318,0.0006835525110375348,0.7400667866664802,0.7420367522532787,0.588304192182141,0.006237419424660367,0.5857875600308373,0.6037635039687198,0.6301992149259595,0.010069715360232004,0.6261363537161065,0.655156790929341,0.8142666666666666,0.002313246876386306,0.8133333333333334,0.82,0.8142666666666666,0.002313246876386306,0.8133333333333334,0.82,0.8126808074673244,0.002063570587719465,0.8118482118482119,0.8177953234133009,0.0,0.0,0,0,0.0,0.0,0.0,0.0
iris,zscore_robust_3.5,standard,minkowski,141.02742883856118,0.10099685687057236,140.98667930419825,141.27774740679047,0.44264210346057853,0.0008387143788091709,0.44056336765669213,0.44298050231237396,0.5946179497528977,0.011634617387960055,0.5899236923696451,0.6234541022500214,0.6260053911436024,0.008876086596958531,0.6224241272607622,0.6480045835667618,0.8227999999999998,0.006939740629158993,0.82,0.84,0.8227999999999998,0.006939740629158993,0.82,0.84,0.8235199536683301,0.006599035532930086,0.8208574190752408,0.8398755233115941,0.0,0.0,0,0,0.0,0.0,0.0,0.0
iris,zscore_robust_3.5,standard,chebyshev,142.17668182244617,0.0,142.17668182244617,142.17668182244617,0.4200317362247558,0.0,0.4200317362247558,0.4200317362247558,0.562314538042555,2.220446049250313e-16,0.5623145380425548,0.5623145380425548,0.605089118670696,1.1102230246251565e-16,0.6050891186706961,0.6050891186706961,0.7999999999999998,2.220446049250313e-16,0.8,0.8,0.7999999999999998,2.220446049250313e-16,0.8,0.8,0.800822793090834,3.3306690738754696e-16,0.8008227930908344,0.8008227930908344,0.0,0.0,0,0,0.0,0.0,0.0,0.0
iris,zscore_robust_3.5,standard,correlation,213.56045467102737,8.526512829121202e-14,213.5604546710273,213.5604546710273,0.703150203579851,1.1102230246251565e-16,0.7031502035798511,0.7031502035798511,0.4607208091493033,2.220446049250313e-16,0.4607208091493035,0.4607208091493035,0.5118052176366665,1.1102230246251565e-16,0.5118052176366666,0.5118052176366666,0.6866666666666668,1.1102230246251565e-16,0.6866666666666666,0.6866666666666666,0.6866666666666668,1.1102230246251565e-16,0.6866666666666666,0.6866666666666666,0.6821139606315373,1.1102230246251565e-16,0.6821139606315372,0.6821139606315372,0.0,0.0,0,0,0.0,0.0,0.0,0.0
iris,zscore_robust_3.5,standard,hamming,384.83553320761223,35.50604643191358,319.54666428205263,519.1906856789864,0.06463722335774691,0.01094474983722796,0.029177908002960322,0.08376504232885316,0.26326428629094845,0.039936552558652146,0.14719208468905645,0.33861606932382865,0.3465452656266623,0.050446693709247675,0.2080530223443488,0.46077466849210974,0.5781333333333334,0.04982707876022613,0.4533333333333333,0.6666666666666666,0.6088666666666667,0.024130294467973466,0.5466666666666666,0.6666666666666666,0.551101364246668,0.054690240978573404,0.44906910132474037,0.6649806146094587,0.0,0.0,0,0,0.0,0.0,0.0,0.0
iris,zscore_robust_3.5,robust,euclidean,73.18403620977304,2.842170943040401e-14,73.18403620977307,73.18403620977307,0.4436401311295237,5.551115123125783e-17,0.44364013112952366,0.44364013112952366,0.5802520019642171,1.1102230246251565e-16,0.580252001964217,0.580252001964217,0.6162206156967887,1.336885555457667e-16,0.6162206156967884,0.6162206156967887,0.8133333333333331,2.220446049250313e-16,0.8133333333333334,0.8133333333333334,0.8133333333333331,2.220446049250313e-16,0.8133333333333334,0.8133333333333334,0.8142206377500497,2.220446049250313e-16,0.8142206377500495,0.8142206377500495,0.0,0.0,0,0,0.0,0.0,0.0,0.0
iris,zscore_robust_3.5,robust,manhattan,77.70088368286169,0.0,77.70088368286169,77.70088368286169,0.48019011964107156,1.1102230246251565e-16,0.48019011964107144,0.48019011964107144,0.6412050161871702,0.0,0.6412050161871702,0.6412050161871702,0.6735735454651062,3.3306690738754696e-16,0.6735735454651065,0.6735735454651065,0.8466666666666666,1.1102230246251565e-16,0.8466666666666667,0.8466666666666667,0.8466666666666666,1.1102230246251565e-16,0.8466666666666667,0.8466666666666667,0.8465285423547861,1.1102230246251565e-16,0.846528542354786,0.846528542354786,0.0,0.0,0,0,0.0,0.0,0.0,0.0
iris,zscore_robust_3.5,robust,cosine,77.66215476611922,2.842170943040401e-14,77.66215476611924,77.66215476611924,0.7216238496917863,2.220446049250313e-16,0.7216238496917865,0.7216238496917865,0.5022731346445273,1.1102230246251565e-16,0.5022731346445274,0.5022731346445274,0.5291248611347416,8.45520665245115e-17,0.5291248611347416,0.5291248611347417,0.7600000000000001,1.1102230246251565e-16,0.76,0.76,0.7600000000000001,1.1102230246251565e-16,0.76,0.76,0.7567044275429757,0.0,0.7567044275429757,0.7567044275429757,0.0,0.0,0,0,0.0,0.0,0.0,0.0
iris,zscore_robust_3.5,robust,minkowski,73.27652857780231,0.0,73.27652857780231,73.27652857780231,0.4231046059470308,1.1102230246251565e-16,0.4231046059470309,0.4231046059470309,0.5627609512809313,2.220446049250313e-16,0.5627609512809315,0.5627609512809315,0.6049149817392229,0.0,0.6049149817392229,0.6049149817392229,0.7999999999999998,2.220446049250313e-16,0.8,0.8,0.7999999999999998,2.220446049250313e-16,0.8,0.8,0.8009234256759009,1.1102230246251565e-16,0.8009234256759008,0.8009234256759008,0.0,0.0,0,0,0.0,0.0,0.0,0.0
iris,zscore_robust_3.5,robust,chebyshev,76.82584335829296,0.6893069279926438,76.72737094000829,81.65099185424145,0.3951014503346288,0.0017583492024791172,0.3827930059172749,0.39535264307784,0.49589388894426917,0.008435475761996549,0.4368455586102932,0.49709895691026856,0.5587329391574962,0.00892072737724531,0.4962878475167791,0.5600073287828171,0.7335999999999998,0.001866666666666678,0.7333333333333333,0.7466666666666667,0.7335999999999998,0.001866666666666678,0.7333333333333333,0.7466666666666667,0.7294336918558588,0.0032940245314724247,0.7289631169227916,0.752491863576166,0.0,0.0,0,0,0.0,0.0,0.0,0.0
iris,zscore_robust_3.5,robust,correlation,112.48631044241752,0.3433568791618916,111.24968344874709,112.62801974966246,0.7058167859817891,0.01184283627339469,0.6945476196930175,0.7190006339810832,0.3885137977425089,0.03460005488560602,0.3552752531268211,0.4248468133777729,0.39714844328725535,0.035441432902073224,0.36310023943047515,0.4343061918437805,0.6402666666666665,0.006661331198291613,0.6333333333333333,0.6466666666666666,0.6434666666666666,0.0033306655991457786,0.64,0.6466666666666666,0.5791187730558712,0.05379571965191039,0.5231264127977743,0.63080402867873,0.0,0.0,0,0,0.0,0.0,0.0,0.0
iris,zscore_robust_3.5,robust,hamming,172.0736591984328,14.38152707364422,143.67313019093234,228.85727381287813,0.06473456512321686,0.010710305914293174,0.034209626922677934,0.08376504232885316,0.2628174118681067,0.04047839999781237,0.14719208468905645,0.33861606932382865,0.3462619099982268,0.05135133807441903,0.2080530223443488,0.46077466849210974,0.5786000000000001,0.05321065056295904,0.4533333333333333,0.68,0.6104,0.026555099949601643,0.5466666666666666,0.68,0.5521218293697199,0.057761515672693275,0.44906910132474037,0.666092853416797,0.0,0.0,0,0,0.0,0.0,0.0,0.0
